sample,measured_angle,simple_narx_simulation,advanced_lstm_simulation
0,0.3895574890451343,0.3895574890451343,0.3895574890451343
1,0.5277875658030853,0.5277875658030853,0.5277875658030853
2,0.6000441968356505,0.6000441968356505,0.6000441968356505
3,0.6000441968356505,0.6000441968356505,0.6000441968356505
4,0.5372123437638546,0.5372123437638546,0.5372123437638546
5,0.4209734155810323,0.4209734155810323,0.4209734155810323
6,0.2670353755551324,0.2670353755551324,0.2670353755551324
7,0.10681415022205297,0.10681415022205297,0.10681415022205297
8,-0.053407075111026485,-0.053407075111026485,-0.053407075111026485
9,-0.18849555921538758,-0.18849555921538758,-0.18849555921538758
10,-0.2796017461694916,-0.2796017461694916,-0.2796017461694916
11,-0.3204424506661589,-0.3204424506661589,-0.3204424506661589
12,-0.31101767270538955,-0.31101767270538955,-0.31101767270538955
13,-0.257610597594363,-0.257610597594363,-0.257610597594363
14,-0.16964600329384882,-0.16964600329384882,-0.16964600329384882
15,-0.06283185307179587,-0.06283185307179587,-0.06283185307179587
16,0.053407075111026485,0.053407075111026485,0.053407075111026485
17,0.16336281798666927,0.16336281798666927,0.16336281798666927
18,0.25446900494077324,0.25446900494077324,0.25446900494077324
19,0.3204424506661589,0.3204424506661589,0.3204424506661589
20,0.35499996985564664,0.35499996985564664,0.35499996985564664
21,0.3612831551628262,0.3612831551628262,0.3612831551628262
22,0.3424335992412874,0.3424335992412874,0.3424335992412874
23,0.3078760800517997,0.3078760800517997,0.3078760800517997
24,0.26389378290154264,0.26389378290154264,0.26389378290154264
25,0.21362830044410594,0.21362830044410594,0.21362830044410594
26,0.16022122533307945,0.16022122533307945,0.16022122533307945
27,0.10367255756846318,0.10367255756846318,0.10367255756846318
28,0.05026548245743669,0.05026548245743669,0.05026548245743669
29,-0.006283185307179587,-0.006283185307179587,-0.006283185307179587
30,-0.06597344572538566,-0.06597344572538566,-0.06597344572538566
31,-0.1288052987971815,-0.1288052987971815,-0.1288052987971815
32,-0.19792033717615698,-0.19792033717615698,-0.19792033717615698
33,-0.2607521902479529,-0.2607521902479529,-0.2607521902479529
34,-0.31730085801256913,-0.31730085801256913,-0.31730085801256913
35,-0.3612831551628262,-0.3612831551628262,-0.3612831551628262
36,-0.3895574890451343,-0.3895574890451343,-0.3895574890451343
37,-0.39269908169872414,-0.39269908169872414,-0.39269908169872414
38,-0.3675663404700058,-0.3675663404700058,-0.3675663404700058
39,-0.3141592653589793,-0.3141592653589793,-0.3141592653589793
40,-0.2324778563656447,-0.2324778563656447,-0.2324778563656447
41,-0.11938052083641214,-0.11938052083641214,-0.11938052083641214
42,0.01884955592153876,0.01884955592153876,0.01884955592153876
43,0.1759291886010284,0.1759291886010284,0.1759291886010284
44,0.3361504139341079,0.3361504139341079,0.3361504139341079
45,0.48694686130641796,0.48694686130641796,0.48694686130641796
46,0.6220353454107791,0.6220353454107791,0.6220353454107791
47,0.7288494956328321,0.7288494956328321,0.7288494956328321
48,0.8011061266653973,0.8011061266653973,0.8011061266653973
49,0.835663645854885,0.835663645854885,0.835663645854885
50,0.8325220532012952,0.8359276056289673,0.8353735208511353
51,0.7979645340118074,0.7971467971801758,0.8022795915603638
52,0.7319910882864218,0.7287663221359253,0.740214467048645
53,0.6440264939859076,0.637036919593811,0.6534993648529053
54,0.5309291584566751,0.5280414819717407,0.5469058752059937
55,0.41154863762026295,0.40690794587135315,0.42505767941474915
56,0.27646015351590175,0.2758605480194092,0.2919901907444
57,0.1350884841043611,0.1386348009109497,0.15103134512901306
58,-0.012566370614359173,-0.004215475171804428,0.004822887480258942
59,-0.15707963267948966,-0.1510952264070511,-0.14452683925628662
60,-0.3047344873982099,-0.30039605498313904,-0.2952439486980438
61,-0.44924774946334045,-0.44914522767066956,-0.44548001885414124
62,-0.5874778262212914,-0.591280460357666,-0.5924166440963745
63,-0.7194247176720626,-0.719346284866333,-0.7311174869537354
64,-0.8325220532012952,-0.823644757270813,-0.8540446758270264
65,-0.9236282401553992,-0.8951418399810791,-0.9516525268554688
66,-0.9833185005736053,-0.9251312017440796,-1.0137511491775513
67,-1.002168056495144,-0.9080860614776611,-1.0315667390823364
68,-0.9738937226128359,-0.8407300710678101,-0.9991254806518555
69,-0.8922123136195013,-0.7222509384155273,-0.9118553400039673
70,-0.7508406442079605,-0.5547939538955688,-0.7650701999664307
71,-0.546637121724624,-0.343477338552475,-0.557096004486084
72,-0.29530970943744056,-0.09813104569911957,-0.2960350811481476
73,-0.00942477796076938,0.16608236730098724,-7.670000195503235e-05
74,0.29530970943744056,0.42751947045326233,0.3062628209590912
75,0.5874778262212914,0.6607723236083984,0.5945497751235962
76,0.835663645854885,0.8426392078399658,0.8456170558929443
77,1.0241592050702726,0.9574904441833496,1.041491985321045
78,1.1435397259066846,0.9985150098800659,1.1653785705566406
79,1.1812388377497622,0.9648023843765259,1.2105088233947754
80,1.1341149479459152,0.8593778610229492,1.1705461740493774
81,1.0084512418023235,0.6888014078140259,1.0458890199661255
82,0.8011061266653973,0.46413713693618774,0.8435139656066895
83,0.5372123437638546,0.2016679048538208,0.5770789384841919
84,0.2293362637120549,-0.0768975168466568,0.2672332525253296
85,-0.08482300164692441,-0.3459542989730835,-0.060140229761600494
86,-0.3895574890451343,-0.5804464817047119,-0.375022292137146
87,-0.6597344572538566,-0.7609961032867432,-0.6503893136978149
88,-0.8702211650443727,-0.8768520355224609,-0.869825005531311
89,-1.0147344271095031,-0.9250079393386841,-1.0229394435882568
90,-1.0838494654884787,-0.9077115058898926,-1.1026785373687744
91,-1.0869910581420683,-0.8307496309280396,-1.1100391149520874
92,-1.0210176124166828,-0.7028719186782837,-1.0510998964309692
93,-0.8953539062730911,-0.535285234451294,-0.9313480854034424
94,-0.7162831250184728,-0.3404519557952881,-0.7561213970184326
95,-0.4900884539600077,-0.13106516003608704,-0.5345432758331299
96,-0.23561944901923448,0.08043421059846878,-0.28105834126472473
97,0.02827433388230814,0.28215542435646057,-0.011508442461490631
98,0.289026524130261,0.46349820494651794,0.25921064615249634
99,0.5340707511102648,0.6160684823989868,0.5146141052246094
100,0.7414158662471911,0.7341828346252441,0.7373172044754028
101,0.91106186954104,0.8149510622024536,0.913440465927124
102,1.0273007977238624,0.8579174280166626,1.037888526916504
103,1.093274243449248,0.8643767833709717,1.1127029657363892
104,1.105840614063607,0.8365869522094727,1.1379585266113281
105,1.0681415022205296,0.7773033380508423,1.110996127128601
106,0.9801769079200154,0.6897978782653809,1.030767798423767
107,0.8419468311620646,0.5781193971633911,0.9000887870788574
108,0.669159235214626,0.4473092555999756,0.7258269786834717
109,0.4586725274241098,0.30347537994384766,0.5177634954452515
110,0.23876104167282428,0.153845876455307,0.2882595360279083
111,0.012566370614359173,0.006709428504109383,0.05327220261096954
112,-0.19792033717615698,-0.12899693846702576,-0.168493390083313
113,-0.37070793312359557,-0.24457290768623352,-0.35862141847610474
114,-0.5026548245743669,-0.3327065110206604,-0.5022498369216919
115,-0.578053048260522,-0.38846275210380554,-0.5908631086349487
116,-0.6000441968356505,-0.40982115268707275,-0.6221358776092529
117,-0.5654866776461628,-0.3977300226688385,-0.5979288816452026
118,-0.48694686130641796,-0.3558576703071594,-0.5240993499755859
119,-0.37070793312359557,-0.2901861369609833,-0.41101306676864624
120,-0.23561944901923448,-0.20847415924072266,-0.27305877208709717
121,-0.09110618695410401,-0.11954151093959808,-0.12651069462299347
122,0.047123889803846894,-0.03234952688217163,0.013143818825483322
123,0.16336281798666927,0.04502556473016739,0.13244658708572388
124,0.24504422698000386,0.10632409155368805,0.22069896757602692
125,0.289026524130261,0.14770516753196716,0.27192726731300354
126,0.29530970943744056,0.16791664063930511,0.2856850326061249
127,0.2701769682087222,0.1680852323770523,0.26597222685813904
128,0.21991148575128552,0.15123167634010315,0.22010724246501923
129,0.15393804002589986,0.12158132344484329,0.15712615847587585
130,0.07853981633974483,0.0837426632642746,0.08616138994693756
131,0.006283185307179587,0.04190116003155708,0.015453770756721497
132,-0.05969026041820607,-0.000779028981924057,-0.0484352707862854
133,-0.11309733552923255,-0.042412251234054565,-0.10136637091636658
134,-0.15393804002589986,-0.08230523020029068,-0.14186471700668335
135,-0.1759291886010284,-0.12061843276023865,-0.17063218355178833
136,-0.1916371518689774,-0.15785111486911774,-0.18962931632995605
137,-0.19477874452256716,-0.19420497119426727,-0.20110231637954712
138,-0.1916371518689774,-0.2289251983165741,-0.2067052572965622
139,-0.1916371518689774,-0.2597920000553131,-0.20684348046779633
140,-0.1916371518689774,-0.2829385995864868,-0.20040056109428406
141,-0.18221237390820802,-0.2931036055088043,-0.1849018931388855
142,-0.16336281798666927,-0.28431811928749084,-0.15702961385250092
143,-0.12252211349000193,-0.2508948743343353,-0.11333593726158142
144,-0.06597344572538566,-0.18851768970489502,-0.05107950419187546
145,0.015707963267948967,-0.0953051745891571,0.03079213947057724
146,0.11623892818282235,0.027140401303768158,0.13054975867271423
147,0.2324778563656447,0.17273564636707306,0.24277111887931824
148,0.34871678454846705,0.3303300142288208,0.35811564326286316
149,0.4586725274241098,0.484231561422348,0.46416258811950684
150,0.5434955290710342,0.616356611251831,0.5472065210342407
151,0.5937610115284709,0.7095154523849487,0.5943584442138672
152,0.5937610115284709,0.7502560615539551,0.5948833227157593
153,0.5434955290710342,0.7299591302871704,0.54151451587677
154,0.43353978619539146,0.6445584297180176,0.4325435757637024
155,0.273318560862312,0.49445512890815735,0.2714015543460846
156,0.06283185307179587,0.28573712706565857,0.06611285358667374
157,-0.17278759594743864,0.03247065097093582,-0.16764703392982483
158,-0.40840704496667307,-0.24173498153686523,-0.40627220273017883
159,-0.6251769380643689,-0.5057847499847412,-0.6256946325302124
160,-0.8042477193189871,-0.7280652523040771,-0.8059927225112915
161,-0.9236282401553992,-0.8847379684448242,-0.9283413887023926
162,-0.9738937226128359,-0.9632532596588135,-0.978655219078064
163,-0.9424777960769379,-0.9598063230514526,-0.9512126445770264
164,-0.835663645854885,-0.8754388093948364,-0.8444479703903198
165,-0.6503096792930871,-0.7148885726928711,-0.6615574359893799
166,-0.3989822670059037,-0.4880753457546234,-0.41540712118148804
167,-0.11309733552923255,-0.21226650476455688,-0.12752757966518402
168,0.19477874452256716,0.08709382265806198,0.17742490768432617
169,0.48066367599923837,0.37900376319885254,0.47046321630477905
170,0.7382742735936014,0.6330834627151489,0.7264783382415771
171,0.9267698328089891,0.8262784481048584,0.9239317178726196
172,1.0430087609918115,0.9461528062820435,1.0457416772842407
173,1.080707872834889,0.9896073341369629,1.0902392864227295
174,1.0398671683382215,0.9596973657608032,1.057959794998169
175,0.9267698328089891,0.8638232946395874,0.9515918493270874
176,0.7539822368615503,0.7138321399688721,0.7815887928009033
177,0.5372123437638546,0.5260481834411621,0.5659192800521851
178,0.29530970943744056,0.31962651014328003,0.3259483873844147
179,0.053407075111026485,0.11384813487529755,0.08325488865375519
180,-0.16650441064025903,-0.07404153048992157,-0.1408117264509201
181,-0.3424335992412874,-0.23000776767730713,-0.3249989151954651
182,-0.4618141200776996,-0.34407517313957214,-0.45291855931282043
183,-0.5215043804959058,-0.4109383225440979,-0.5187965631484985
184,-0.5215043804959058,-0.42986860871315,-0.5242679119110107
185,-0.4649557127312894,-0.4039968252182007,-0.47395244240760803
186,-0.3581415625092364,-0.33945488929748535,-0.37534329295158386
187,-0.21991148575128552,-0.24452698230743408,-0.23956754803657532
188,-0.05969026041820607,-0.128752201795578,-0.08088316023349762
189,0.10995574287564276,-0.002167295664548874,0.08514849841594696
190,0.26389378290154264,0.12513691186904907,0.242959663271904
191,0.39584067435231396,0.24337172508239746,0.3771999776363373
192,0.4932300466135975,0.34358301758766174,0.47474950551986694
193,0.5434955290710342,0.4182113707065582,0.5280886888504028
194,0.546637121724624,0.46138209104537964,0.534683108329773
195,0.5057964172279567,0.46890702843666077,0.4946986734867096
196,0.4178318229274425,0.43823710083961487,0.4108024835586548
197,0.289026524130261,0.368610143661499,0.2874394655227661
198,0.1288052987971815,0.261468768119812,0.1304941177368164
199,-0.05969026041820607,0.12108371406793594,-0.05126247555017471
200,-0.25446900494077324,-0.044814497232437134,-0.2450971007347107
201,-0.4429645641561608,-0.22476476430892944,-0.4356076121330261
202,-0.6126105674500096,-0.40414097905158997,-0.6075471639633179
203,-0.7476990515543708,-0.5668373107910156,-0.7473049163818359
204,-0.8419468311620646,-0.6977511644363403,-0.8432650566101074
205,-0.8827875356587318,-0.7850519418716431,-0.8874049186706543
206,-0.8670795723907829,-0.8212412595748901,-0.8758161067962646
207,-0.7948229413582177,-0.8029299974441528,-0.8070446252822876
208,-0.669159235214626,-0.7301536798477173,-0.6815929412841797
209,-0.4932300466135975,-0.6060329675674438,-0.5040178298950195
210,-0.273318560862312,-0.43697085976600647,-0.28508901596069336
211,-0.031415926535897934,-0.23312729597091675,-0.040775902569293976
212,0.21676989309769573,-0.008708346635103226,0.2096198946237564
213,0.4429645641561608,0.21857605874538422,0.4449925422668457
214,0.6408849013323178,0.4294399321079254,0.6455978155136108
215,0.7853981633974483,0.6061193943023682,0.7938172817230225
216,0.8639379797371931,0.7353616952896118,0.8790124654769897
217,0.8796459430051421,0.809851884841919,0.8993265628814697
218,0.8325220532012952,0.8278261423110962,0.8566188812255859
219,0.7257079029792423,0.7919057607650757,0.7558681964874268
220,0.578053048260522,0.7082209587097168,0.6065511703491211
221,0.39584067435231396,0.5859357118606567,0.42301103472709656
222,0.19792033717615698,0.43664446473121643,0.22241613268852234
223,0.0031415926535897933,0.27333176136016846,0.022592347115278244
224,-0.16964600329384882,0.10910771042108536,-0.1583411544561386
225,-0.3047344873982099,-0.04394928365945816,-0.30324333906173706
226,-0.39584067435231396,-0.17572784423828125,-0.40040621161460876
227,-0.4366813788489812,-0.27878710627555847,-0.44639021158218384
228,-0.4272566008882119,-0.34871572256088257,-0.4433775246143341
229,-0.37699111843077515,-0.3840464651584625,-0.3964708149433136
230,-0.29216811678385074,-0.38580405712127686,-0.3133578598499298
231,-0.18535396656179778,-0.35685601830482483,-0.20402288436889648
232,-0.06597344572538566,-0.30120426416397095,-0.07959237694740295
233,0.06283185307179587,-0.22335964441299438,0.04902472347021103
234,0.1790707812546182,-0.12796349823474884,0.17184267938137054
235,0.28588493147667116,-0.019714374095201492,0.28019124269485474
236,0.37070793312359557,0.0965321883559227,0.36771002411842346
237,0.43353978619539146,0.21566717326641083,0.4312678277492523
238,0.47123889803846897,0.3322863280773163,0.47062644362449646
239,0.48066367599923837,0.4406925439834595,0.48735377192497253
240,0.47438049069205873,0.5349966287612915,0.483836829662323
241,0.4523893421169302,0.6093746423721313,0.46256086230278015
242,0.4178318229274425,0.6584320068359375,0.42566585540771484
243,0.3675663404700058,0.677548885345459,0.374794602394104
244,0.3078760800517997,0.6631327867507935,0.3111630380153656
245,0.2324778563656447,0.6127980947494507,0.23578551411628723
246,0.14765485471872028,0.5255413055419922,0.14980943500995636
247,0.053407075111026485,0.4020092189311981,0.0548681765794754
248,-0.047123889803846894,0.24496182799339294,-0.04666031152009964
249,-0.14765485471872028,0.05998055636882782,-0.15155565738677979
250,-0.25132741228718347,-0.1437610238790512,-0.25584185123443604
251,-0.34871678454846705,-0.3532155156135559,-0.3550253212451935
252,-0.43982297150257105,-0.5524355173110962,-0.44441697001457214
253,-0.515221195188726,-0.7250980138778687,-0.5194718837738037
254,-0.5717698629533423,-0.8576450347900391,-0.5761175155639648
255,-0.6063273821428301,-0.9412906169891357,-0.6110436916351318
256,-0.6157521601035995,-0.9720096588134766,-0.6219075918197632
257,-0.6000441968356505,-0.9493422508239746,-0.6073908805847168
258,-0.5592034923389833,-0.8753587007522583,-0.5670732259750366
259,-0.4932300466135975,-0.7542130947113037,-0.5011829137802124
260,-0.40212385965949354,-0.5918943881988525,-0.41046807169914246
261,-0.28588493147667116,-0.39602574706077576,-0.2964489459991455
262,-0.14765485471872028,-0.17594312131404877,-0.1619444340467453
263,0.0,0.05700768530368805,-0.011574987322092056
264,0.15707963267948966,0.28940972685813904,0.14784598350524902
265,0.31101767270538955,0.5064427256584167,0.30723583698272705
266,0.4523893421169302,0.6935137510299683,0.45600005984306335
267,0.578053048260522,0.8384644985198975,0.5836242437362671
268,0.6723008278682158,0.9332786798477173,0.6813480854034424
269,0.7351326809400116,0.9743790626525879,0.7430496215820312
270,0.7571238295151402,0.9617682695388794,0.7651214599609375
271,0.7382742735936014,0.8980468511581421,0.7462788820266724
272,0.6785840131753953,0.7879407405853271,0.6875017881393433
273,0.5843362335677015,0.6382124423980713,0.5918717384338379
274,0.4618141200776996,0.457687109708786,0.46469807624816895
275,0.3047344873982099,0.257296621799469,0.31378650665283203
276,0.13823007675795088,0.04997237026691437,0.1495303362607956
277,-0.02199114857512855,-0.15000443160533905,-0.015370752662420273
278,-0.17278759594743864,-0.32846057415008545,-0.16696371138095856
279,-0.29216811678385074,-0.4732826054096222,-0.292108952999115
280,-0.37699111843077515,-0.5760700702667236,-0.38126906752586365
281,-0.42411500823462206,-0.6328599452972412,-0.43036049604415894
282,-0.43353978619539146,-0.6439265012741089,-0.44028007984161377
283,-0.41154863762026295,-0.613135576248169,-0.4156297743320465
284,-0.36442474781641604,-0.547248363494873,-0.36401259899139404
285,-0.30159289474462014,-0.45519742369651794,-0.2952742278575897
286,-0.2324778563656447,-0.3471674919128418,-0.22010588645935059
287,-0.16650441064025903,-0.23344403505325317,-0.14831997454166412
288,-0.10681415022205297,-0.12317755818367004,-0.08740027993917465
289,-0.05969026041820607,-0.023296888917684555,-0.04155542701482773
290,-0.031415926535897934,0.06219734996557236,-0.011288050562143326
291,-0.015707963267948967,0.13240960240364075,0.0064063724130392075
292,-0.006283185307179587,0.18922337889671326,0.01730082929134369
293,0.0031415926535897933,0.2366112619638443,0.02873515523970127
294,0.01884955592153876,0.27967125177383423,0.04802712798118591
295,0.05026548245743669,0.32343488931655884,0.08100084960460663
296,0.10053096491487339,0.3715556561946869,0.13097691535949707
297,0.16964600329384882,0.42509952187538147,0.19807738065719604
298,0.25446900494077324,0.48174384236335754,0.27873775362968445
299,0.34871678454846705,0.5357060432434082,0.36561137437820435
300,0.43353978619539146,0.5785744190216064,0.44814595580101013
301,0.5057964172279567,0.6008652448654175,0.513935923576355
302,0.5434955290710342,0.5937458276748657,0.5506445169448853
303,0.5403539364174444,0.5503963232040405,0.5479171276092529
304,0.4932300466135975,0.46691277623176575,0.4991911053657532
305,0.3989822670059037,0.343037873506546,0.40339523553848267
306,0.26389378290154264,0.1830364465713501,0.26509374380111694
307,0.09424777960769379,-0.003268446773290634,0.09410388767719269
308,-0.09110618695410401,-0.1999487727880478,-0.09394042193889618
309,-0.2670353755551324,-0.386258065700531,-0.2786596417427063
310,-0.4272566008882119,-0.5405312776565552,-0.4377264678478241
311,-0.5403539364174444,-0.6450909376144409,-0.5500320196151733
312,-0.5906194188748811,-0.6890641450881958,-0.6013972759246826
313,-0.5811946409141117,-0.6681761741638184,-0.5865370035171509
314,-0.5057964172279567,-0.5835460424423218,-0.5062494277954102
315,-0.3738495257771854,-0.44154441356658936,-0.3676707446575165
316,-0.19477874452256716,-0.2548408508300781,-0.18610283732414246
317,-0.0031415926535897933,-0.043247662484645844,0.016001343727111816
318,0.1916371518689774,0.16745790839195251,0.21196070313453674
319,0.35499996985564664,0.3497782051563263,0.37490731477737427
320,0.4618141200776996,0.48036620020866394,0.4815191328525543
321,0.4995132319207771,0.543991208076477,0.5177907943725586
322,0.4586725274241098,0.5338383913040161,0.47701454162597656
323,0.34871678454846705,0.45014655590057373,0.3600786626338959
324,0.1790707812546182,0.30016133189201355,0.18103092908859253
325,-0.031415926535897934,0.09978905320167542,-0.040262371301651
326,-0.26389378290154264,-0.12581798434257507,-0.27723148465156555
327,-0.47438049069205873,-0.3457449674606323,-0.4998731315135956
328,-0.6471680866394973,-0.5302692651748657,-0.6807881593704224
329,-0.7571238295151402,-0.6571176052093506,-0.7952309846878052
330,-0.7853981633974483,-0.7134182453155518,-0.8282032012939453
331,-0.7351326809400116,-0.6939541101455688,-0.775253415107727
332,-0.6000441968356505,-0.5990668535232544,-0.636905312538147
333,-0.39269908169872414,-0.4345192313194275,-0.4228443503379822
334,-0.1350884841043611,-0.21341541409492493,-0.15458844602108002
335,0.15707963267948966,0.042051710188388824,0.1422760784626007
336,0.4429645641561608,0.3026321828365326,0.438419371843338
337,0.6942919764433443,0.5383481979370117,0.7060997486114502
338,0.8953539062730911,0.7251670360565186,0.9222763776779175
339,1.0273007977238624,0.848212718963623,1.063712239265442
340,1.0712830948741194,0.9011764526367188,1.1228561401367188
341,1.0430087609918115,0.8842225074768066,1.1008687019348145
342,0.9361946107697584,0.8025063276290894,0.9997810125350952
343,0.7665486074759096,0.665886640548706,0.8274470567703247
344,0.5403539364174444,0.48895055055618286,0.6006780862808228
345,0.29216811678385074,0.28986185789108276,0.3413103520870209
346,0.031415926535897934,0.08770687878131866,0.07256045192480087
347,-0.21048670779051615,-0.10021042823791504,-0.18210704624652863
348,-0.41154863762026295,-0.2597780227661133,-0.3999890685081482
349,-0.5529203070318035,-0.3805200755596161,-0.5622097253799438
350,-0.6346017160251383,-0.4559604525566101,-0.6590522527694702
351,-0.6471680866394973,-0.483840674161911,-0.6891629695892334
352,-0.6000441968356505,-0.46570104360580444,-0.6551570892333984
353,-0.5026548245743669,-0.4059484004974365,-0.5622731447219849
354,-0.3581415625092364,-0.31087833642959595,-0.41859039664268494
355,-0.18221237390820802,-0.18793880939483643,-0.23588457703590393
356,0.01884955592153876,-0.045399658381938934,-0.02883705496788025
357,0.21991148575128552,0.10758090019226074,0.1869671791791916
358,0.40840704496667307,0.26086628437042236,0.39508265256881714
359,0.578053048260522,0.4036806523799896,0.5773749351501465
360,0.7037167544041136,0.5253481864929199,0.7171885967254639
361,0.7822565707438585,0.6160564422607422,0.8045023679733276
362,0.8042477193189871,0.6673356294631958,0.834317684173584
363,0.7665486074759096,0.6721991300582886,0.8030775785446167
364,0.6660176425610361,0.6251909732818604,0.7087680101394653
365,0.5026548245743669,0.5227508544921875,0.5513598918914795
366,0.28588493147667116,0.364233136177063,0.33364972472190857
367,0.015707963267948967,0.15368695557117462,0.06305509060621262
368,-0.2796017461694916,-0.09788098931312561,-0.24557769298553467
369,-0.5811946409141117,-0.3708112835884094,-0.5670772790908813
370,-0.8670795723907829,-0.6377882957458496,-0.8725210428237915
371,-1.140398133253095,-0.8692607879638672,-1.14246666431427
372,-1.3603096190043804,-1.0412284135818481,-1.3689799308776855
373,-1.5299556222982291,-1.1397416591644287,-1.5487098693847656
374,-1.6367697725202823,-1.1594727039337158,-1.6735929250717163
375,-1.6776104770169495,-1.1001231670379639,-1.7295572757720947
376,-1.6461945504810518,-0.964982271194458,-1.7083746194839478
377,-1.5362388076054088,-0.7608445882797241,-1.6090835332870483
378,-1.3320352851220723,-0.49765583872795105,-1.4267646074295044
379,-1.0430087609918115,-0.18964050710201263,-1.1528512239456177
380,-0.6660176425610361,0.14214888215065002,-0.7890293598175049
381,-0.2324778563656447,0.4691886007785797,-0.35396265983581543
382,0.2324778563656447,0.7598129510879517,0.12203848361968994
383,0.7005751617505239,0.9875484704971313,0.608047366142273
384,1.1152653920243765,1.1374436616897583,1.0514897108078003
385,1.4702653618800232,1.2058039903640747,1.4237667322158813
386,1.746725515395925,1.1957663297653198,1.6951292753219604
387,1.9572122231864413,1.1143029928207397,1.8702799081802368
388,2.092300707290802,0.9719510078430176,1.9513036012649536
389,2.1645573383233674,0.7823656797409058,1.9716994762420654
390,2.1802653015913167,0.5610495805740356,1.962494134902954
391,2.1362830044410592,0.32477110624313354,1.9325543642044067
392,2.035752039526186,0.09116460382938385,1.8755470514297485
393,1.8661060362323372,-0.12282979488372803,1.7357420921325684
394,1.6273449945595129,-0.30313345789909363,1.3921881914138794
395,1.3226105071613028,-0.43968436121940613,1.0468919277191162
396,0.9581857593448869,-0.5263612270355225,0.6843560934066772
397,0.5403539364174444,-0.5605630874633789,0.2678941488265991
398,0.10053096491487339,-0.5428551435470581,-0.16276822984218597
399,-0.3141592653589793,-0.4765046536922455,-0.5577893257141113
400,-0.6785840131753953,-0.36691054701805115,-0.8801336288452148
401,-0.9613273519984767,-0.22133073210716248,-1.1135716438293457
402,-1.152964503867454,-0.04910840839147568,-1.2483388185501099
403,-1.2409290981679684,0.13800911605358124,-1.2802621126174927
404,-1.228362727553609,0.326081782579422,-1.2151920795440674
405,-1.121548577331556,0.4998685121536255,-1.0611237287521362
406,-0.9361946107697584,0.6441949605941772,-0.8247932195663452
407,-0.6817256058289851,0.7455593347549438,-0.520277738571167
408,-0.3738495257771854,0.7934515476226807,-0.1790620982646942
409,-0.05654866776461628,0.7807842493057251,0.15919311344623566
410,0.24190263432641407,0.7036104202270508,0.4551030397415161
411,0.48694686130641796,0.5611298084259033,0.6794825792312622
412,0.6534512719466771,0.3568166196346283,0.8100048303604126
413,0.7257079029792423,0.10066144913434982,0.8431328535079956
414,0.7037167544041136,-0.1884722262620926,0.7748968601226807
415,0.5874778262212914,-0.4825538098812103,0.6104241609573364
416,0.39584067435231396,-0.7486832141876221,0.3669651746749878
417,0.15393804002589986,-0.957584023475647,0.06935318559408188
418,-0.11938052083641214,-1.0907984972000122,-0.24544519186019897
419,-0.38641589639154456,-1.1411716938018799,-0.5390625
420,-0.6157521601035995,-1.1084424257278442,-0.7843698263168335
421,-0.7853981633974483,-0.9960651397705078,-0.9614583253860474
422,-0.8859291283123216,-0.8112125396728516,-1.055163860321045
423,-0.9016370915802706,-0.5656238794326782,-1.0606075525283813
424,-0.8450884238156543,-0.2766118049621582,-0.9822680950164795
425,-0.7162831250184728,0.03186604753136635,-0.8295961618423462
426,-0.5309291584566751,0.3304023742675781,-0.6154400110244751
427,-0.3078760800517997,0.5893410444259644,-0.3578616976737976
428,-0.06911503837897544,0.7857987880706787,-0.07991031557321548
429,0.16650441064025903,0.9074811935424805,0.1929120570421219
430,0.37699111843077515,0.9514403343200684,0.4376771152019501
431,0.5403539364174444,0.9208786487579346,0.6365548372268677
432,0.6503096792930871,0.8234884738922119,0.7731517553329468
433,0.7068583470577035,0.6716415882110596,0.8423924446105957
434,0.7099999397112933,0.48236989974975586,0.8502748012542725
435,0.6660176425610361,0.2758105397224426,0.8048219680786133
436,0.5906194188748811,0.07265268266201019,0.7154415845870972
437,0.4932300466135975,-0.10829348862171173,0.5941760540008545
438,0.3832743037379548,-0.25198256969451904,0.45455628633499146
439,0.273318560862312,-0.34840768575668335,0.30981186032295227
440,0.1759291886010284,-0.3929715156555176,0.17189274728298187
441,0.09110618695410401,-0.38600197434425354,0.05135131999850273
442,0.031415926535897934,-0.33199259638786316,-0.04350529611110687
443,-0.00942477796076938,-0.23891031742095947,-0.10799522697925568
444,-0.025132741228718346,-0.11728411912918091,-0.1412077248096466
445,-0.02199114857512855,0.021091990172863007,-0.14492332935333252
446,-0.00942477796076938,0.16440625488758087,-0.1225554347038269
447,0.015707963267948967,0.3016357421875,-0.07867900282144547
448,0.0439822971502571,0.42312589287757874,-0.018879037350416183
449,0.07853981633974483,0.5212335586547852,0.0504784919321537
450,0.11623892818282235,0.5907622575759888,0.12255468219518661
451,0.15079644737231007,0.6288130283355713,0.19033536314964294
452,0.1790707812546182,0.6341522932052612,0.24700579047203064
453,0.19792033717615698,0.6064993143081665,0.2864750623703003
454,0.20420352248333654,0.5460319519042969,0.3038591742515564
455,0.1916371518689774,0.4532644748687744,0.29567086696624756
456,0.16336281798666927,0.32940196990966797,0.2597789168357849
457,0.11309733552923255,0.17712225019931793,0.1954590380191803
458,0.0439822971502571,0.0014980360865592957,0.10370243340730667
459,-0.047123889803846894,-0.18928362429141998,-0.012249764055013657
460,-0.15707963267948966,-0.3836870789527893,-0.14624379575252533
461,-0.2701769682087222,-0.5674878358840942,-0.28889748454093933
462,-0.3832743037379548,-0.7256714105606079,-0.42833277583122253
463,-0.48694686130641796,-0.8451080322265625,-0.5518227815628052
464,-0.5654866776461628,-0.9166302680969238,-0.6475881338119507
465,-0.6157521601035995,-0.9355103969573975,-0.7065198421478271
466,-0.6283185307179586,-0.900776743888855,-0.7233067750930786
467,-0.6031857894892403,-0.8145122528076172,-0.6961599588394165
468,-0.5434955290710342,-0.6816470623016357,-0.6259686946868896
469,-0.44610615680975063,-0.5099887847900391,-0.5162633657455444
470,-0.32358404331974866,-0.31020066142082214,-0.37390896677970886
471,-0.18221237390820802,-0.09558600187301636,-0.2091645449399948
472,-0.02827433388230814,0.11864180862903595,-0.03440890461206436
473,0.11623892818282235,0.31695112586021423,0.1374182105064392
474,0.25132741228718347,0.4856815040111542,0.2937099039554596
475,0.3612831551628262,0.6149418354034424,0.4228186011314392
476,0.4429645641561608,0.6994802951812744,0.51598060131073
477,0.48694686130641796,0.7385022640228271,0.5697565078735352
478,0.4995132319207771,0.734912633895874,0.5860240459442139
479,0.48694686130641796,0.6944074630737305,0.5700937509536743
480,0.45553093477052,0.6245118379592896,0.5288631916046143
481,0.4146902302738527,0.5335167646408081,0.46945470571517944
482,0.36442474781641604,0.42942193150520325,0.39843037724494934
483,0.3078760800517997,0.31916090846061707,0.32136744260787964
484,0.25446900494077324,0.20826932787895203,0.2425839602947235
485,0.20106192982974677,0.1009121835231781,0.1651218682527542
486,0.1445132620651305,0.00010230764746665955,0.09099814295768738
487,0.0879645943005142,-0.09193937480449677,0.021640151739120483
488,0.031415926535897934,-0.17327553033828735,-0.04156024008989334
489,-0.02199114857512855,-0.24169346690177917,-0.09672167897224426
490,-0.06911503837897544,-0.2942635416984558,-0.14115993678569794
491,-0.10681415022205297,-0.32716622948646545,-0.17141567170619965
492,-0.1288052987971815,-0.3358936309814453,-0.1836501657962799
493,-0.13194689145077132,-0.31584107875823975,-0.1742488443851471
494,-0.11309733552923255,-0.2631596326828003,-0.14037242531776428
495,-0.06911503837897544,-0.17567060887813568,-0.08039535582065582
496,0.0031415926535897933,-0.05378614366054535,0.005550511181354523
497,0.10053096491487339,0.09848625957965851,0.11477941274642944
498,0.21676989309769573,0.2725628614425659,0.24123291671276093
499,0.34871678454846705,0.45489048957824707,0.3751910924911499
500,0.47438049069205873,0.6279726028442383,0.5039751529693604
501,0.5811946409141117,0.7731528282165527,0.613548755645752
502,0.6628760499074464,0.8741750717163086,0.6904476881027222
503,0.7005751617505239,0.9195988178253174,0.7232239246368408
504,0.6848671984825748,0.9030371904373169,0.7037776708602905
505,0.6157521601035995,0.8221487998962402,0.6292126178741455
506,0.4932300466135975,0.6780335903167725,0.5014388561248779
507,0.32358404331974866,0.47578519582748413,0.32571521401405334
508,0.11309733552923255,0.22600354254245758,0.11183786392211914
509,-0.11309733552923255,-0.05352015048265457,-0.12372717261314392
510,-0.3455751918948773,-0.3377378582954407,-0.359261155128479
511,-0.5529203070318035,-0.5979838371276855,-0.5737383365631104
512,-0.7225663103256524,-0.8088409900665283,-0.750817060470581
513,-0.8513716091228339,-0.9540086984634399,-0.878045916557312
514,-0.9173450548482196,-1.0272667407989502,-0.9477527141571045
515,-0.9267698328089891,-1.0295158624649048,-0.9583979845046997
516,-0.8827875356587318,-0.9659467935562134,-0.9126843214035034
517,-0.7885397560510381,-0.8453578948974609,-0.8161406517028809
518,-0.6565928646002668,-0.6802763938903809,-0.6771680116653442
519,-0.48694686130641796,-0.4861433207988739,-0.5073643922805786
520,-0.31101767270538955,-0.27957451343536377,-0.32089799642562866
521,-0.12566370614359174,-0.0764610692858696,-0.13227756321430206
522,0.047123889803846894,0.10962492972612381,0.04610166698694229
523,0.19792033717615698,0.26850080490112305,0.20416049659252167
524,0.3204424506661589,0.39381539821624756,0.3329308032989502
525,0.40840704496667307,0.48292455077171326,0.4259241819381714
526,0.4618141200776996,0.5364001989364624,0.48171332478523254
527,0.48380526865282814,0.5573235750198364,0.503476619720459
528,0.47752208334564855,0.5503150224685669,0.4963972866535187
529,0.44924774946334045,0.5203030109405518,0.46584227681159973
530,0.4052654523130833,0.47140732407569885,0.4166505038738251
531,0.34871678454846705,0.4064667224884033,0.3528764247894287
532,0.27646015351590175,0.32731449604034424,0.27768707275390625
533,0.20106192982974677,0.23537282645702362,0.19346898794174194
534,0.10995574287564276,0.13217149674892426,0.102367103099823
535,0.01884955592153876,0.01985464245080948,0.007084310054779053
536,-0.07853981633974483,-0.09819541871547699,-0.08850196748971939
537,-0.16650441064025903,-0.2168107032775879,-0.1791391521692276
538,-0.24504422698000386,-0.3289078176021576,-0.25848519802093506
539,-0.3078760800517997,-0.4259806275367737,-0.31988346576690674
540,-0.3455751918948773,-0.4991867244243622,-0.357412189245224
541,-0.3581415625092364,-0.5407133102416992,-0.3667748272418976
542,-0.3361504139341079,-0.5449210405349731,-0.3457620143890381
543,-0.29216811678385074,-0.5089403390884399,-0.2944430410861969
544,-0.21676989309769573,-0.43284550309181213,-0.21535611152648926
545,-0.11623892818282235,-0.3197822868824005,-0.11371959745883942
546,0.0,-0.1762225180864334,0.002521563321352005
547,0.11938052083641214,-0.012144260108470917,0.12301390618085861
548,0.2324778563656447,0.1593322604894638,0.23592691123485565
549,0.32672563597333854,0.323288232088089,0.32963165640830994
550,0.39584067435231396,0.46527785062789917,0.39477577805519104
551,0.4272566008882119,0.5737444162368774,0.4258367419242859
552,0.42411500823462206,0.6415513753890991,0.4215904176235199
553,0.3895574890451343,0.6662657260894775,0.3852101266384125
554,0.33300882128051806,0.6496881246566772,0.32395899295806885
555,0.257610597594363,0.5972721576690674,0.2479304075241089
556,0.17278759594743864,0.5175735950469971,0.1686667650938034
557,0.10053096491487339,0.42142096161842346,0.09791722893714905
558,0.0439822971502571,0.3205806612968445,0.0459090918302536
559,0.015707963267948967,0.22611244022846222,0.019456490874290466
560,0.01884955592153876,0.14690694212913513,0.021037597209215164
561,0.047123889803846894,0.08877438306808472,0.04913024604320526
562,0.09424777960769379,0.05412376672029495,0.0989663228392601
563,0.15393804002589986,0.04207225143909454,0.1630791574716568
564,0.22305307840487532,0.04887435585260391,0.23193232715129852
565,0.28588493147667116,0.06867265701293945,0.2950468957424164
566,0.33300882128051806,0.0945395976305008,0.34257224202156067
567,0.35499996985564664,0.11964117735624313,0.3669063448905945
568,0.3518583772020568,0.13826346397399902,0.36377719044685364
569,0.32358404331974866,0.1464971899986267,0.33257073163986206
570,0.2701769682087222,0.14252328872680664,0.2761684060096741
571,0.20106192982974677,0.12656961381435394,0.2003440409898758
572,0.11623892818282235,0.1006118655204773,0.11279235780239105
573,0.02827433388230814,0.06783483922481537,0.02216479554772377
574,-0.05654866776461628,0.03188895806670189,-0.06286062300205231
575,-0.1288052987971815,-0.003913357853889465,-0.1347784847021103
576,-0.18535396656179778,-0.03724554181098938,-0.18853773176670074
577,-0.21676989309769573,-0.06711092591285706,-0.22226494550704956
578,-0.2324778563656447,-0.09385941922664642,-0.23711365461349487
579,-0.2293362637120549,-0.11894457042217255,-0.23655837774276733
580,-0.22305307840487532,-0.1445016860961914,-0.22556304931640625
581,-0.21362830044410594,-0.17280267179012299,-0.20971833169460297
582,-0.20734511513692636,-0.2056434154510498,-0.19432717561721802
583,-0.20734511513692636,-0.24376270174980164,-0.18356402218341827
584,-0.20734511513692636,-0.28642651438713074,-0.17988300323486328
585,-0.20734511513692636,-0.3312909007072449,-0.18377774953842163
586,-0.20734511513692636,-0.37459737062454224,-0.19390340149402618
587,-0.20734511513692636,-0.4116775095462799,-0.2074851393699646
588,-0.20734511513692636,-0.4376501441001892,-0.22090527415275574
589,-0.20734511513692636,-0.4481417238712311,-0.23036110401153564
590,-0.20734511513692636,-0.43986842036247253,-0.2324817180633545
591,-0.20106192982974677,-0.4110090434551239,-0.2247968316078186
592,-0.18849555921538758,-0.3613791763782501,-0.20600034296512604
593,-0.16964600329384882,-0.29245275259017944,-0.17601899802684784
594,-0.13823007675795088,-0.2072603851556778,-0.13593336939811707
595,-0.10053096491487339,-0.1101592481136322,-0.08779637515544891
596,-0.053407075111026485,-0.006468676030635834,-0.03437182307243347
597,-0.00942477796076938,0.0980084016919136,0.02118474803864956
598,0.04084070449666732,0.19751441478729248,0.07566464692354202
599,0.08482300164692441,0.28682902455329895,0.12612956762313843
600,0.12566370614359174,0.3616546392440796,0.17017705738544464
601,0.16336281798666927,0.41885906457901,0.20610052347183228
602,0.18849555921538758,0.4565679430961609,0.23291349411010742
603,0.20734511513692636,0.4741204082965851,0.25025588274002075
604,0.21676989309769573,0.4719228446483612,0.2582429051399231
605,0.21676989309769573,0.4512573480606079,0.2573245167732239
606,0.21362830044410594,0.41411063075065613,0.24820955097675323
607,0.21048670779051615,0.36306771636009216,0.23186910152435303
608,0.20420352248333654,0.30127671360969543,0.20961038768291473
609,0.19477874452256716,0.23245254158973694,0.1831752210855484
610,0.18221237390820802,0.1608636975288391,0.15480321645736694
611,0.17278759594743864,0.09124460816383362,0.12719321250915527
612,0.16022122533307945,0.028587084263563156,0.10331281274557114
613,0.15079644737231007,-0.02220902219414711,0.08605660498142242
614,0.15079644737231007,-0.056805290281772614,0.07781241834163666
615,0.15079644737231007,-0.07195234298706055,0.08003492653369904
616,0.15393804002589986,-0.06598956882953644,0.09290646016597748
617,0.16022122533307945,-0.03924199193716049,0.11511988192796707
618,0.16650441064025903,0.005745742470026016,0.14380338788032532
619,0.17278759594743864,0.06419218331575394,0.17463141679763794
620,0.1759291886010284,0.12934598326683044,0.20219486951828003
621,0.17278759594743864,0.19308394193649292,0.22065995633602142
622,0.16650441064025903,0.2468174546957016,0.2246233969926834
623,0.14765485471872028,0.2825743556022644,0.2099432796239853
624,0.11623892818282235,0.29405444860458374,0.17436549067497253
625,0.06597344572538566,0.2774846851825714,0.11799649149179459
626,0.006283185307179587,0.23220926523208618,0.04374105855822563
627,-0.06597344572538566,0.16102808713912964,-0.042408473789691925
628,-0.13823007675795088,0.07025270164012909,-0.13154561817646027
629,-0.20420352248333654,-0.03067438304424286,-0.21277134120464325
630,-0.25132741228718347,-0.13017567992210388,-0.2749633193016052
631,-0.2701769682087222,-0.21612566709518433,-0.30894458293914795
632,-0.2607521902479529,-0.27766478061676025,-0.3088684678077698
633,-0.21991148575128552,-0.3067103922367096,-0.27233830094337463
634,-0.14765485471872028,-0.29885298013687134,-0.20028331875801086
635,-0.047123889803846894,-0.2537424564361572,-0.09735867381095886
636,0.06911503837897544,-0.1752597689628601,0.027554882690310478
637,0.19477874452256716,-0.0715397372841835,0.16148658096790314
638,0.3078760800517997,0.04546665772795677,0.28849703073501587
639,0.3989822670059037,0.16128650307655334,0.39187392592430115
640,0.4523893421169302,0.26104119420051575,0.4573425054550171
641,0.45553093477052,0.3317396342754364,0.47560903429985046
642,0.4146902302738527,0.36394497752189636,0.4421740472316742
643,0.32358404331974866,0.35252052545547485,0.35773414373397827
644,0.1916371518689774,0.2968157231807709,0.22880679368972778
645,0.031415926535897934,0.20080327987670898,0.0660129189491272
646,-0.14765485471872028,0.0732024535536766,-0.11614350974559784
647,-0.32358404331974866,-0.07296524196863174,-0.29941877722740173
648,-0.47752208334564855,-0.22195479273796082,-0.46449822187423706
649,-0.5937610115284709,-0.35783931612968445,-0.5936979055404663
650,-0.6660176425610361,-0.4670620262622833,-0.6738537549972534
651,-0.6785840131753953,-0.5400562286376953,-0.6989949941635132
652,-0.6408849013323178,-0.5717086791992188,-0.6691117286682129
653,-0.5560618996853934,-0.5611103773117065,-0.5879424810409546
654,-0.4272566008882119,-0.5111206769943237,-0.4632009267807007
655,-0.2701769682087222,-0.42790061235427856,-0.3069317936897278
656,-0.09424777960769379,-0.32022565603256226,-0.13420169055461884
657,0.06911503837897544,-0.19836671650409698,0.03912460058927536
658,0.22305307840487532,-0.07265710830688477,0.198088139295578
659,0.3424335992412874,0.047805964946746826,0.32918474078178406
660,0.4209734155810323,0.1559426188468933,0.4218103587627411
661,0.4586725274241098,0.24696849286556244,0.4712875783443451
662,0.4586725274241098,0.31843119859695435,0.4794359505176544
663,0.4272566008882119,0.3701096475124359,0.4528093934059143
664,0.3738495257771854,0.40365493297576904,0.40062859654426575
665,0.3078760800517997,0.42191722989082336,0.3329123258590698
666,0.23876104167282428,0.42811912298202515,0.2594097852706909
667,0.1759291886010284,0.42511695623397827,0.18897195160388947
668,0.12252211349000193,0.4149335026741028,0.12872329354286194
669,0.08482300164692441,0.39863821864128113,0.08326704800128937
670,0.06597344572538566,0.37652990221977234,0.05444294214248657
671,0.06283185307179587,0.3484898507595062,0.041738200932741165
672,0.06911503837897544,0.3143755793571472,0.04301493987441063
673,0.08168140899333463,0.27439215779304504,0.055205605924129486
674,0.09738937226128358,0.22940504550933838,0.07490143179893494
675,0.10995574287564276,0.18112656474113464,0.09882058948278427
676,0.12566370614359174,0.13209348917007446,0.12411078810691833
677,0.1350884841043611,0.0853949636220932,0.14846596121788025
678,0.1445132620651305,0.04419352486729622,0.17006418108940125
679,0.15079644737231007,0.011150689795613289,0.1873784214258194
680,0.15079644737231007,-0.012106720358133316,0.19894535839557648
681,0.15079644737231007,-0.025360435247421265,0.20318950712680817
682,0.15079644737231007,-0.029936358332633972,0.19837860763072968
683,0.1445132620651305,-0.028576456010341644,0.18274320662021637
684,0.1350884841043611,-0.025062061846256256,0.15474393963813782
685,0.10995574287564276,-0.023627065122127533,0.11344140022993088
686,0.07225663103256524,-0.0282222218811512,0.05892960727214813
687,0.025132741228718346,-0.041729576885700226,-0.007195878773927689
688,-0.03769911184307752,-0.06526769697666168,-0.08141488581895828
689,-0.10367255756846318,-0.09773366153240204,-0.1580926477909088
690,-0.17278759594743864,-0.13569658994674683,-0.22977811098098755
691,-0.2324778563656447,-0.1737004965543747,-0.28813761472702026
692,-0.273318560862312,-0.20495910942554474,-0.32533547282218933
693,-0.289026524130261,-0.2223319411277771,-0.3352545499801636
694,-0.273318560862312,-0.21939247846603394,-0.3140193521976471
695,-0.2293362637120549,-0.19139528274536133,-0.26005685329437256
696,-0.15393804002589986,-0.13604412972927094,-0.17433050274848938
697,-0.05026548245743669,-0.05407808721065521,-0.06091559678316116
698,0.06911503837897544,0.05030841752886772,0.0724799782037735
699,0.20106192982974677,0.16934601962566376,0.21454446017742157
700,0.32672563597333854,0.29217278957366943,0.3512861430644989
701,0.4366813788489812,0.40614503622055054,0.4679039716720581
702,0.515221195188726,0.4987725019454956,0.5512986183166504
703,0.5529203070318035,0.559600830078125,0.5921523571014404
704,0.546637121724624,0.5813733339309692,0.5854201316833496
705,0.49637163926718736,0.5603489875793457,0.5307666063308716
706,0.40212385965949354,0.49619266390800476,0.4325326681137085
707,0.273318560862312,0.39189785718917847,0.29801279306411743
708,0.11938052083641214,0.2538514733314514,0.13691115379333496
709,-0.0439822971502571,0.09176532924175262,-0.03801686316728592
710,-0.20734511513692636,-0.08192870020866394,-0.2116350531578064
711,-0.3518583772020568,-0.25340375304222107,-0.3684785068035126
712,-0.4680973053848792,-0.4092482030391693,-0.49511370062828064
713,-0.5497787143782138,-0.5382391214370728,-0.5824840068817139
714,-0.5906194188748811,-0.6325836181640625,-0.6271827220916748
715,-0.5937610115284709,-0.6883871555328369,-0.6305109262466431
716,-0.5434955290710342,-0.7054264545440674,-0.5969204902648926
717,-0.47752208334564855,-0.6865146160125732,-0.5332134962081909
718,-0.39584067435231396,-0.6367199420928955,-0.44790321588516235
719,-0.3047344873982099,-0.5625226497650146,-0.3502323031425476
720,-0.21048670779051615,-0.4709271490573883,-0.24899396300315857
721,-0.12566370614359174,-0.3686590790748596,-0.15165317058563232
722,-0.05026548245743669,-0.26163172721862793,-0.06403171271085739
723,0.00942477796076938,-0.1547243744134903,0.00978226400911808
724,0.053407075111026485,-0.05175559222698212,0.06761681288480759
725,0.08168140899333463,0.044456787407398224,0.1093081682920456
726,0.09424777960769379,0.13194990158081055,0.13643991947174072
727,0.09738937226128358,0.20938579738140106,0.1517486274242401
728,0.09738937226128358,0.27582046389579773,0.1584634929895401
729,0.09738937226128358,0.33055832982063293,0.15979722142219543
730,0.09738937226128358,0.37312620878219604,0.1586352288722992
731,0.09738937226128358,0.4033536911010742,0.15739791095256805
732,0.10053096491487339,0.4215245246887207,0.15804091095924377
733,0.10681415022205297,0.42854243516921997,0.16214942932128906
734,0.11938052083641214,0.4260408580303192,0.171058788895607
735,0.13823007675795088,0.416386216878891,0.1859266310930252
736,0.16650441064025903,0.4025557339191437,0.20770740509033203
737,0.20420352248333654,0.38787633180618286,0.23701338469982147
738,0.24818581963359368,0.37560784816741943,0.2738788425922394
739,0.30159289474462014,0.36838725209236145,0.3174610733985901
740,0.35499996985564664,0.36762529611587524,0.36573025584220886
741,0.41154863762026295,0.37300604581832886,0.415220707654953
742,0.4618141200776996,0.38223031163215637,0.4609391987323761
743,0.49637163926718736,0.3910842537879944,0.4965381622314453
744,0.5120796025351363,0.39383941888809204,0.5148281455039978
745,0.5026548245743669,0.3839206397533417,0.5085771083831787
746,0.4649557127312894,0.3547346293926239,0.4714345633983612
747,0.39269908169872414,0.3005550801753998,0.3988475501537323
748,0.2827433388230814,0.21743105351924896,0.28884121775627136
749,0.13823007675795088,0.1041664183139801,0.14267468452453613
750,-0.04084070449666732,-0.036584772169589996,-0.03408738225698471
751,-0.2324778563656447,-0.19729912281036377,-0.23015284538269043
752,-0.4272566008882119,-0.3652745485305786,-0.4290597140789032
753,-0.6126105674500096,-0.5238584280014038,-0.6128858327865601
754,-0.7571238295151402,-0.6553603410720825,-0.7647804021835327
755,-0.8607963870836034,-0.7444360256195068,-0.8687359094619751
756,-0.9016370915802706,-0.7801718711853027,-0.9121562242507935
757,-0.8765043503515523,-0.7562707662582397,-0.8879681825637817
758,-0.7822565707438585,-0.6703566312789917,-0.7921359539031982
759,-0.6157521601035995,-0.5237387418746948,-0.6240434646606445
760,-0.3832743037379548,-0.32220855355262756,-0.3916073143482208
761,-0.10681415022205297,-0.07771315425634384,-0.11252894997596741
762,0.20106192982974677,0.1900683343410492,0.1907331794500351
763,0.49637163926718736,0.4543694853782654,0.4901771545410156
764,0.7634070148223198,0.685999870300293,0.7588542699813843
765,0.9707521299592461,0.8604621887207031,0.9741582870483398
766,1.108982206717197,0.9626833200454712,1.1148072481155396
767,1.1592476891746337,0.9865100383758545,1.1721911430358887
768,1.121548577331556,0.9314591884613037,1.1400237083435059
769,0.9958848711879644,0.8008519411087036,1.0175620317459106
770,0.7916813487046279,0.6025358438491821,0.810782790184021
771,0.5120796025351363,0.35071536898612976,0.533961296081543
772,0.1916371518689774,0.06707721948623657,0.21059463918209076
773,-0.1445132620651305,-0.2203691601753235,-0.128904327750206
774,-0.4649557127312894,-0.48152294754981995,-0.44987544417381287
775,-0.7319910882864218,-0.6903079748153687,-0.7232513427734375
776,-0.9330530181161686,-0.829524040222168,-0.9290387630462646
777,-1.049291946298991,-0.8916091918945312,-1.051461100578308
778,-1.0744246875277093,-0.8759943246841431,-1.082878589630127
779,-1.0084512418023235,-0.7865300178527832,-1.0261670351028442
780,-0.8607963870836034,-0.6311711072921753,-0.8882594108581543
781,-0.6440264939859076,-0.4230171740055084,-0.6778794527053833
782,-0.37699111843077515,-0.1806246042251587,-0.4113864600658417
783,-0.07225663103256524,0.07335270941257477,-0.11343052983283997
784,0.22305307840487532,0.31476864218711853,0.18796594440937042
785,0.49637163926718736,0.5212128758430481,0.4638548791408539
786,0.713141532364883,0.6752499341964722,0.6901103258132935
787,0.8607963870836034,0.7663767337799072,0.8443106412887573
788,0.9267698328089891,0.7907696962356567,0.9171992540359497
789,0.91106186954104,0.749746561050415,0.910764217376709
790,0.819955682586936,0.6486766338348389,0.8274441957473755
791,0.6597344572538566,0.49682506918907166,0.6744341850280762
792,0.4429645641561608,0.3072341978549957,0.46497127413749695
793,0.1916371518689774,0.09590989351272583,0.21819107234477997
794,-0.06911503837897544,-0.11949385702610016,-0.04262319207191467
795,-0.32358404331974866,-0.32119297981262207,-0.29321688413619995
796,-0.5403539364174444,-0.4931679666042328,-0.5119514465332031
797,-0.7037167544041136,-0.6232199668884277,-0.6819087266921997
798,-0.8042477193189871,-0.7042020559310913,-0.7919598817825317
799,-0.8419468311620646,-0.7338358163833618,-0.8373808860778809
800,-0.8168140899333461,-0.7136750221252441,-0.8192529678344727
801,-0.7351326809400116,-0.6481132507324219,-0.7426853179931641
802,-0.6000441968356505,-0.5437202453613281,-0.6148834228515625
803,-0.4303981935418017,-0.40869468450546265,-0.4459598660469055
804,-0.2324778563656447,-0.25234106183052063,-0.2497502863407135
805,-0.025132741228718346,-0.08466773480176926,-0.04182669520378113
806,0.1759291886010284,0.08396882563829422,0.16271914541721344
807,0.3612831551628262,0.24341769516468048,0.3490332067012787
808,0.5089380098815465,0.3845152258872986,0.5022181272506714
809,0.6126105674500096,0.4998396635055542,0.6108317375183105
810,0.6723008278682158,0.584210991859436,0.670369029045105
811,0.6817256058289851,0.6348850727081299,0.6819361448287964
812,0.6503096792930871,0.6514567136764526,0.6495753526687622
813,0.5811946409141117,0.6355302333831787,0.5793873071670532
814,0.48066367599923837,0.5903003215789795,0.4791995584964752
815,0.3581415625092364,0.5202028751373291,0.3583706021308899
816,0.2261946710584651,0.43067458271980286,0.22742941975593567
817,0.09424777960769379,0.32794907689094543,0.09750094264745712
818,-0.02827433388230814,0.2188117504119873,-0.02012539654970169
819,-0.12252211349000193,0.11028946936130524,-0.11507891118526459
820,-0.18849555921538758,0.009273124858736992,-0.179893359541893
821,-0.21991148575128552,-0.07794081419706345,-0.21123823523521423
822,-0.21676989309769573,-0.14615969359874725,-0.20939527451992035
823,-0.18849555921538758,-0.19176022708415985,-0.17727766931056976
824,-0.13194689145077132,-0.213010773062706,-0.12005719542503357
825,-0.05969026041820607,-0.21021509170532227,-0.045024506747722626
826,0.025132741228718346,-0.18570081889629364,0.0388171561062336
827,0.10995574287564276,-0.1436656415462494,0.12144684791564941
828,0.18221237390820802,-0.0898725837469101,0.19279104471206665
829,0.23876104167282428,-0.03118080645799637,0.2440289855003357
830,0.2701769682087222,0.025077659636735916,0.2688766419887543
831,0.2701769682087222,0.0718260109424591,0.26405078172683716
832,0.23876104167282428,0.10300031304359436,0.22892677783966064
833,0.18221237390820802,0.11424361914396286,0.1653241515159607
834,0.09738937226128358,0.10345486551523209,0.07760822772979736
835,-0.006283185307179587,0.07113640010356903,-0.027302362024784088
836,-0.11938052083641214,0.02049725130200386,-0.1400275081396103
837,-0.2324778563656447,-0.04273126274347305,-0.24912825226783752
838,-0.3298672286269283,-0.11081172525882721,-0.34229347109794617
839,-0.3989822670059037,-0.17483951151371002,-0.4083402454853058
840,-0.4366813788489812,-0.22579461336135864,-0.43916574120521545
841,-0.4303981935418017,-0.2556067705154419,-0.4302481710910797
842,-0.38013271108436497,-0.2580375075340271,-0.3799033463001251
843,-0.29216811678385074,-0.22929930686950684,-0.28900280594825745
844,-0.16650441064025903,-0.16847780346870422,-0.16164855659008026
845,-0.012566370614359173,-0.0778602734208107,-0.00579361617565155
846,0.15393804002589986,0.0368465818464756,0.16681964695453644
847,0.3298672286269283,0.1666203737258911,0.34126946330070496
848,0.4900884539600077,0.29983067512512207,0.5008936524391174
849,0.6157521601035995,0.42364394664764404,0.629690408706665
850,0.7037167544041136,0.5258430242538452,0.7152523994445801
851,0.7414158662471911,0.5964901447296143,0.7501078844070435
852,0.7225663103256524,0.6289279460906982,0.7314862012863159
853,0.6565928646002668,0.6200383901596069,0.6613713502883911
854,0.5434955290710342,0.5700849294662476,0.5451111793518066
855,0.39269908169872414,0.48250675201416016,0.39073893427848816
856,0.21362830044410594,0.363771915435791,0.20985610783100128
857,0.025132741228718346,0.22309578955173492,0.017597055062651634
858,-0.15393804002589986,0.0717749372124672,-0.16864541172981262
859,-0.3141592653589793,-0.07794775813817978,-0.33102598786354065
860,-0.4366813788489812,-0.21431034803390503,-0.4539877474308014
861,-0.5120796025351363,-0.32741737365722656,-0.5280284881591797
862,-0.5372123437638546,-0.41027411818504333,-0.5507692098617554
863,-0.5120796025351363,-0.4593048691749573,-0.524622917175293
864,-0.44924774946334045,-0.47438517212867737,-0.45556825399398804
865,-0.3518583772020568,-0.45853370428085327,-0.35334157943725586
866,-0.23876104167282428,-0.4173887073993683,-0.23103240132331848
867,-0.11309733552923255,-0.3584945797920227,-0.10358890891075134
868,0.0031415926535897933,-0.2903955578804016,0.01402641087770462
869,0.09738937226128358,-0.22161301970481873,0.10833834856748581
870,0.15707963267948966,-0.15966275334358215,0.16916067898273468
871,0.1759291886010284,-0.11026209592819214,0.19157032668590546
872,0.16022122533307945,-0.07679704576730728,0.17582277953624725
873,0.11309733552923255,-0.060072124004364014,0.12616151571273804
874,0.04084070449666732,-0.05836029350757599,0.05051057040691376
875,-0.0439822971502571,-0.06775806099176407,-0.040246427059173584
876,-0.1350884841043611,-0.08280258625745773,-0.13348235189914703
877,-0.21048670779051615,-0.09724952280521393,-0.21606633067131042
878,-0.2670353755551324,-0.10488519072532654,-0.2762444317340851
879,-0.29216811678385074,-0.10026215016841888,-0.30572983622550964
880,-0.2827433388230814,-0.07929333299398422,-0.3004140555858612
881,-0.24190263432641407,-0.03968951106071472,-0.2594681680202484
882,-0.16964600329384882,0.01874082162976265,-0.1845710724592209
883,-0.06597344572538566,0.09392768144607544,-0.08015334606170654
884,0.05969026041820607,0.1815679371356964,0.04636523872613907
885,0.19477874452256716,0.27543652057647705,0.1849159598350525
886,0.3298672286269283,0.3680226504802704,0.3234728276729584
887,0.4523893421169302,0.45141226053237915,0.4492168128490448
888,0.5497787143782138,0.5182282328605652,0.550369143486023
889,0.6157521601035995,0.562420129776001,0.6181356906890869
890,0.6408849013323178,0.5797654390335083,0.6474567651748657
891,0.6283185307179586,0.5680642127990723,0.6367355585098267
892,0.578053048260522,0.5271074175834656,0.587480902671814
893,0.4932300466135975,0.4585355520248413,0.5034778118133545
894,0.3832743037379548,0.365667462348938,0.39008641242980957
895,0.24504422698000386,0.2533262073993683,0.25433945655822754
896,0.09110618695410401,0.12764281034469604,0.1051638275384903
897,-0.05654866776461628,-0.0042036958038806915,-0.046787746250629425
898,-0.19477874452256716,-0.13436435163021088,-0.18984556198120117
899,-0.31730085801256913,-0.254851371049881,-0.31269723176956177
900,-0.4052654523130833,-0.358190655708313,-0.40619510412216187
901,-0.4618141200776996,-0.438071072101593,-0.46477437019348145
902,-0.48066367599923837,-0.48982420563697815,-0.4865032136440277
903,-0.4618141200776996,-0.5106287002563477,-0.4721390902996063
904,-0.41154863762026295,-0.4994693696498871,-0.4243844449520111
905,-0.3361504139341079,-0.456977516412735,-0.34759366512298584
906,-0.23561944901923448,-0.3852858543395996,-0.24755656719207764
907,-0.11938052083641214,-0.28796201944351196,-0.13117074966430664
908,0.0031415926535897933,-0.1700182408094406,-0.006197892129421234
909,0.12566370614359174,-0.03793637454509735,0.11874525994062424
910,0.23561944901923448,0.10039569437503815,0.2343679815530777
911,0.33300882128051806,0.23595739901065826,0.33159536123275757
912,0.40212385965949354,0.35917040705680847,0.40293246507644653
913,0.4366813788489812,0.4607398211956024,0.4433939456939697
914,0.4429645641561608,0.5325672626495361,0.450510710477829
915,0.41154863762026295,0.5684570074081421,0.42395350337028503
916,0.35499996985564664,0.5644645690917969,0.3652924597263336
917,0.2670353755551324,0.5189803242683411,0.2777005434036255
918,0.16022122533307945,0.43279677629470825,0.16573481261730194
919,0.02827433388230814,0.30933678150177,0.03560403361916542
920,-0.10681415022205297,0.155033141374588,-0.10437588393688202
921,-0.24190263432641407,-0.020354844629764557,-0.2438454031944275
922,-0.3675663404700058,-0.20384913682937622,-0.37126463651657104
923,-0.4649557127312894,-0.3801807463169098,-0.475332111120224
924,-0.5340707511102648,-0.5336635112762451,-0.5466588735580444
925,-0.562345084992573,-0.6505177021026611,-0.579004168510437
926,-0.546637121724624,-0.7206333875656128,-0.5691878795623779
927,-0.4932300466135975,-0.7380646467208862,-0.5163091421127319
928,-0.40212385965949354,-0.7005374431610107,-0.42160913348197937
929,-0.2670353755551324,-0.6088688373565674,-0.289091020822525
930,-0.11309733552923255,-0.466926246881485,-0.12601865828037262
931,0.06597344572538566,-0.2821142375469208,0.05714104324579239
932,0.24818581963359368,-0.06598861515522003,0.24689701199531555
933,0.4178318229274425,0.16556140780448914,0.4274052381515503
934,0.562345084992573,0.3932395279407501,0.5824483633041382
935,0.6754424205218055,0.5968354940414429,0.6983374357223511
936,0.7382742735936014,0.7587791681289673,0.7662926912307739
937,0.7508406442079605,0.8670648336410522,0.7822731733322144
938,0.713141532364883,0.9160194396972656,0.7463546991348267
939,0.6314601233715484,0.905197024345398,0.6622674465179443
940,0.5120796025351363,0.838026762008667,0.5365861654281616
941,0.3581415625092364,0.7212625741958618,0.37902188301086426
942,0.18849555921538758,0.5649504661560059,0.20258678495883942
943,0.01884955592153876,0.3821815550327301,0.02288643643260002
944,-0.1350884841043611,0.18832407891750336,-0.14270757138729095
945,-0.2607521902479529,-0.0002068057656288147,-0.27667275071144104
946,-0.3424335992412874,-0.1675570011138916,-0.3653516471385956
947,-0.3738495257771854,-0.30021440982818604,-0.40243834257125854
948,-0.3581415625092364,-0.3884371519088745,-0.3873338997364044
949,-0.29216811678385074,-0.4268490672111511,-0.3225451409816742
950,-0.18849555921538758,-0.4143029451370239,-0.2138858288526535
951,-0.05026548245743669,-0.35352596640586853,-0.07114189863204956
952,0.10367255756846318,-0.2508697807788849,0.09251068532466888
953,0.2607521902479529,-0.1160675585269928,0.2616175413131714
954,0.41154863762026295,0.038248248398303986,0.41933295130729675
955,0.5309291584566751,0.19740134477615356,0.5489284992218018
956,0.6126105674500096,0.3459404408931732,0.6370605230331421
957,0.6503096792930871,0.46920502185821533,0.6758317947387695
958,0.6314601233715484,0.5547685623168945,0.6613243818283081
959,0.5592034923389833,0.5932499170303345,0.5930709838867188
960,0.43982297150257105,0.578399658203125,0.4733820855617523
961,0.2701769682087222,0.5069329738616943,0.30564895272254944
962,0.05654866776461628,0.37877804040908813,0.09523259103298187
963,-0.1759291886010284,0.19810977578163147,-0.14779870212078094
964,-0.42411500823462206,-0.025062356144189835,-0.40700188279151917
965,-0.669159235214626,-0.2736685276031494,-0.6625298261642456
966,-0.8890707209659116,-0.5241841077804565,-0.8981388807296753
967,-1.0901326507956584,-0.7503108978271484,-1.104255199432373
968,-1.2440706908215582,-0.928881049156189,-1.2740435600280762
969,-1.354026433697201,-1.0443538427352905,-1.3981963396072388
970,-1.4105751014618173,-1.0890451669692993,-1.4657741785049438
971,-1.4011503235010478,-1.0605685710906982,-1.4681648015975952
972,-1.3226105071613028,-0.9598517417907715,-1.398492455482483
973,-1.1623892818282233,-0.7904711961746216,-1.2505033016204834
974,-0.9204866475018093,-0.5584484338760376,-1.0192079544067383
975,-0.6031857894892403,-0.2733539938926697,-0.7035237550735474
976,-0.21676989309769573,0.048844851553440094,-0.31661343574523926
977,0.21991148575128552,0.3832409977912903,0.11593854427337646
978,0.6440264939859076,0.6971521377563477,0.5659716129302979
979,1.0367255756846316,0.9573251008987427,0.9870128631591797
980,1.3823007675795091,1.1397271156311035,1.3564791679382324
981,1.6524777357882312,1.233695149421692,1.6447393894195557
982,1.8441148876572087,1.2380131483078003,1.8406074047088623
983,1.9603538158400309,1.1556909084320068,1.93057382106781
984,1.9917697423759289,0.9928460121154785,1.9436709880828857
985,1.9352210746113125,0.7594504356384277,1.9056322574615479
986,1.7844246272390025,0.4697857201099396,1.8125892877578735
987,1.5456635855661782,0.1440916657447815,1.6225532293319702
988,1.2189379495928396,-0.18979467451572418,1.2958922386169434
989,0.8168140899333461,-0.4985986649990082,0.9058308601379395
990,0.34871678454846705,-0.7510833740234375,0.4757845103740692
991,-0.1288052987971815,-0.9262427091598511,0.011034546419978142
992,-0.5843362335677015,-1.0154317617416382,-0.44724133610725403
993,-0.9738937226128359,-1.0183947086334229,-0.8543492555618286
994,-1.2629202467430969,-0.9390475749969482,-1.1769442558288574
995,-1.4639821765728436,-0.7846993207931519,-1.400147557258606
996,-1.5582299561805373,-0.5671350955963135,-1.5190891027450562
997,-1.5613715488341273,-0.30314281582832336,-1.5397887229919434
998,-1.4671237692264334,-0.014287333935499191,-1.4697322845458984
999,-1.2880529879718152,0.2740978002548218,-1.313088059425354
1000,-1.030442390377452,0.5356782674789429,-1.076270341873169
1001,-0.7068583470577035,0.7478548288345337,-0.7690912485122681
1002,-0.33929200658769765,0.895977258682251,-0.4086136519908905
1003,0.053407075111026485,0.9741106033325195,-0.023488592356443405
1004,0.4303981935418017,0.9827772378921509,0.3564526438713074
1005,0.7634070148223198,0.9265673160552979,0.6981245279312134
1006,1.0273007977238624,0.8132212162017822,0.979378342628479
1007,1.2220795422464297,0.6532996892929077,1.1802458763122559
1008,1.3320352851220723,0.45933568477630615,1.300700068473816
1009,1.3571680263507906,0.2448408305644989,1.3446749448776245
1010,1.2974777659325847,0.0238909013569355,1.3037855625152588
1011,1.1592476891746337,-0.18913927674293518,1.1815165281295776
1012,0.9456193887305278,-0.3805829882621765,0.9849268198013306
1013,0.6723008278682158,-0.5390114784240723,0.7218927145004272
1014,0.3455751918948773,-0.6563094854354858,0.40758824348449707
1015,0.006283185307179587,-0.7278637886047363,0.06543553620576859
1016,-0.33300882128051806,-0.7520942687988281,-0.27546557784080505
1017,-0.6440264939859076,-0.7296497821807861,-0.5841332674026489
1018,-0.8890707209659116,-0.6625815629959106,-0.8381119966506958
1019,-1.0587167242597602,-0.5538504123687744,-1.0219193696975708
1020,-1.1435397259066846,-0.40740877389907837,-1.1222559213638306
1021,-1.1435397259066846,-0.22874972224235535,-1.1351584196090698
1022,-1.0524335389525807,-0.02557409182190895,-1.0626851320266724
1023,-0.8796459430051421,0.19168344140052795,-0.905508279800415
1024,-0.6220353454107791,0.40968286991119385,-0.6664102077484131
1025,-0.3078760800517997,0.612869381904602,-0.36070680618286133
1026,0.053407075111026485,0.7855058908462524,-0.014546599239110947
1027,0.41154863762026295,0.91447913646698,0.3458971083164215
1028,0.7539822368615503,0.9912279844284058,0.689239501953125
1029,1.046150353645401,1.0117666721343994,0.9895329475402832
1030,1.2629202467430969,0.9755390882492065,1.2223926782608032
1031,1.4042919161546374,0.8844871520996094,1.3772776126861572
1032,1.4639821765728436,0.7428172826766968,1.4523532390594482
1033,1.4357078426905354,0.5571283102035522,1.4373202323913574
1034,1.3194689145077132,0.3366827070713043,1.3358466625213623
1035,1.124690169985146,0.09383919835090637,1.1518977880477905
1036,0.8513716091228339,-0.15574075281620026,0.8873370885848999
1037,0.5183627878423158,-0.39397475123405457,0.5540316104888916
1038,0.13823007675795088,-0.6028096675872803,0.17683926224708557
1039,-0.25132741228718347,-0.7674710750579834,-0.21426504850387573
1040,-0.6157521601035995,-0.8787730932235718,-0.5866343975067139
1041,-0.9361946107697584,-0.9333174228668213,-0.9119265079498291
1042,-1.1969468010177111,-0.932133674621582,-1.1773988008499146
1043,-1.3854423602330987,-0.8792276382446289,-1.3757139444351196
1044,-1.501681288415921,-0.7807677984237671,-1.503144383430481
1045,-1.5456635855661782,-0.6445962190628052,-1.5608309507369995
1046,-1.5236724369910497,-0.47972074151039124,-1.5483636856079102
1047,-1.429424657383356,-0.29591280221939087,-1.4633220434188843
1048,-1.2629202467430969,-0.1034836620092392,-1.305246353149414
1049,-1.033583983031042,0.08699499070644379,-1.0793782472610474
1050,-0.7319910882864218,0.2651750445365906,-0.7922079563140869
1051,-0.3895574890451343,0.42152658104896545,-0.4531865119934082
1052,-0.02199114857512855,0.5479494333267212,-0.08288989216089249
1053,0.3455751918948773,0.6383395195007324,0.292683869600296
1054,0.6817256058289851,0.6889115571975708,0.6385132074356079
1055,0.9613273519984767,0.6981066465377808,0.9298796653747559
1056,1.1655308744818134,0.6662188768386841,1.1491186618804932
1057,1.291194580625405,0.5950826406478882,1.28829026222229
1058,1.3320352851220723,0.4880242347717285,1.3486719131469727
1059,1.2817698026646356,0.3500320613384247,1.3203389644622803
1060,1.1498229112138643,0.18800236284732819,1.2050659656524658
1061,0.9361946107697584,0.010946162045001984,1.0098384618759155
1062,0.6628760499074464,-0.1700139194726944,0.742727518081665
1063,0.32358404331974866,-0.34217405319213867,0.4202111065387726
1064,-0.025132741228718346,-0.49254676699638367,0.06819462776184082
1065,-0.36442474781641604,-0.6096608638763428,-0.2822423577308655
1066,-0.6597344572538566,-0.6850777864456177,-0.5987844467163086
1067,-0.9047786842338604,-0.7139678001403809,-0.8586850166320801
1068,-1.0744246875277093,-0.6948187351226807,-1.0479795932769775
1069,-1.1623892818282233,-0.6288778781890869,-1.1550934314727783
1070,-1.168672467135403,-0.5198078155517578,-1.1779130697250366
1071,-1.093274243449248,-0.37361031770706177,-1.121649146080017
1072,-0.9456193887305278,-0.19864946603775024,-0.9904402494430542
1073,-0.7225663103256524,-0.005598273128271103,-0.7879644632339478
1074,-0.4429645641561608,0.19289852678775787,-0.524419903755188
1075,-0.1350884841043611,0.38309094309806824,-0.22006294131278992
1076,0.18849555921538758,0.5515965223312378,0.10223867744207382
1077,0.5026548245743669,0.6871334314346313,0.4189644753932953
1078,0.7696902001294993,0.7818228006362915,0.7058008909225464
1079,0.9833185005736053,0.8315185308456421,0.9415247440338135
1080,1.1341149479459152,0.8352397680282593,1.1090646982192993
1081,1.2126547642856602,0.7942631244659424,1.2076820135116577
1082,1.2220795422464297,0.7113760709762573,1.2380281686782837
1083,1.152964503867454,0.5904595851898193,1.1933809518814087
1084,1.0147344271095031,0.4364164173603058,1.072620153427124
1085,0.8105309046261666,0.2554604411125183,0.8799682855606079
1086,0.5434955290710342,0.05565571412444115,0.6238100528717041
1087,0.2324778563656447,-0.15262125432491302,0.31805580854415894
1088,-0.09738937226128358,-0.35670366883277893,-0.01753367856144905
1089,-0.4209734155810323,-0.5424840450286865,-0.35592326521873474
1090,-0.7225663103256524,-0.6961443424224854,-0.6666297912597656
1091,-0.9707521299592461,-0.8061536550521851,-0.9293450117111206
1092,-1.1592476891746337,-0.8644640445709229,-1.1320892572402954
1093,-1.2692034320502765,-0.866418719291687,-1.2617290019989014
1094,-1.3006193585861743,-0.8100132942199707,-1.3106582164764404
1095,-1.2503538761287378,-0.6954877376556396,-1.2771528959274292
1096,-1.108982206717197,-0.5256423950195312,-1.1578693389892578
1097,-0.8859291283123216,-0.3067612648010254,-0.9497721195220947
1098,-0.578053048260522,-0.04998224973678589,-0.6585595607757568
1099,-0.21991148575128552,0.2273336499929428,-0.30563125014305115
1100,0.1759291886010284,0.5015772581100464,0.08183444291353226
1101,0.5654866776461628,0.7460412979125977,0.4763234555721283
1102,0.9204866475018093,0.9371672868728638,0.8399648666381836
1103,1.2063715789784806,1.060046911239624,1.1495345830917358
1104,1.4168582867689967,1.1091409921646118,1.382536768913269
1105,1.5456635855661782,1.0852512121200562,1.536971092224121
1106,1.5865042900628454,0.9930225610733032,1.6039921045303345
1107,1.5456635855661782,0.840826153755188,1.5822389125823975
1108,1.426283064729766,0.641494631767273,1.4854694604873657
1109,1.2346459128607887,0.41233596205711365,1.3184146881103516
1110,0.9770353152664256,0.17420253157615662,1.085512399673462
1111,0.6817256058289851,-0.05055630952119827,0.8013241291046143
1112,0.3518583772020568,-0.24142006039619446,0.4874192178249359
1113,0.04084070449666732,-0.3831380009651184,0.1680215746164322
1114,-0.24504422698000386,-0.467352956533432,-0.1305997222661972
1115,-0.4649557127312894,-0.4921257793903351,-0.3819409906864166
1116,-0.6220353454107791,-0.46087881922721863,-0.5673203468322754
1117,-0.7037167544041136,-0.38186532258987427,-0.6824008226394653
1118,-0.7162831250184728,-0.2677953541278839,-0.7310187816619873
1119,-0.6723008278682158,-0.13463535904884338,-0.7189760208129883
1120,-0.578053048260522,0.00060272216796875,-0.6545537710189819
1121,-0.4523893421169302,0.12226928025484085,-0.5499280691146851
1122,-0.3078760800517997,0.21781271696090698,-0.42065849900245667
1123,-0.16336281798666927,0.27863043546676636,-0.283136785030365
1124,-0.031415926535897934,0.3003195524215698,-0.15120910108089447
1125,0.07853981633974483,0.28259873390197754,-0.0350007563829422
1126,0.15707963267948966,0.22896447777748108,0.057901255786418915
1127,0.20106192982974677,0.14600087702274323,0.12234747409820557
1128,0.21048670779051615,0.042291104793548584,0.15640544891357422
1129,0.1916371518689774,-0.07291232794523239,0.16096815466880798
1130,0.1445132620651305,-0.19084066152572632,0.1386997401714325
1131,0.07539822368615504,-0.3038240969181061,0.0928507074713707
1132,-0.012566370614359173,-0.40549659729003906,0.02684948220849037
1133,-0.10681415022205297,-0.49100735783576965,-0.0554613396525383
1134,-0.21362830044410594,-0.5572371482849121,-0.1493779420852661
1135,-0.31730085801256913,-0.6026161909103394,-0.24886277318000793
1136,-0.41154863762026295,-0.6264516115188599,-0.34630271792411804
1137,-0.4932300466135975,-0.6280931234359741,-0.43275564908981323
1138,-0.5497787143782138,-0.6062957048416138,-0.49881711602211
1139,-0.5717698629533423,-0.5589926242828369,-0.5358688831329346
1140,-0.5560618996853934,-0.48359426856040955,-0.5368667840957642
1141,-0.49637163926718736,-0.37776291370391846,-0.4961504638195038
1142,-0.3895574890451343,-0.24042144417762756,-0.40933340787887573
1143,-0.24190263432641407,-0.07284484803676605,-0.2747052311897278
1144,-0.05026548245743669,0.12004967033863068,-0.09573851525783539
1145,0.16650441064025903,0.3282819390296936,0.11738764494657516
1146,0.39269908169872414,0.5361292362213135,0.34778091311454773
1147,0.6188937527571892,0.7235946655273438,0.5736795663833618
1148,0.8105309046261666,0.8703763484954834,0.7725800275802612
1149,0.9519025740377073,0.9602694511413574,0.9232969284057617
1150,1.0273007977238624,0.9830925464630127,1.008646011352539
1151,1.0273007977238624,0.9337488412857056,1.0168747901916504
1152,0.9456193887305278,0.8107506036758423,0.9426807165145874
1153,0.7791149780902686,0.6162362098693848,0.7863069772720337
1154,0.5309291584566751,0.3577311933040619,0.552558422088623
1155,0.2261946710584651,0.05114226043224335,0.2548401951789856
1156,-0.11623892818282235,-0.27657338976860046,-0.08374495059251785
1157,-0.4586725274241098,-0.5890523195266724,-0.42975282669067383
1158,-0.7822565707438585,-0.8495091199874878,-0.7467405796051025
1159,-1.046150353645401,-1.032207727432251,-1.0119922161102295
1160,-1.2440706908215582,-1.1265063285827637,-1.212317943572998
1161,-1.3603096190043804,-1.1318172216415405,-1.3348127603530884
1162,-1.3917255455402784,-1.051665186882019,-1.373579740524292
1163,-1.338318470429252,-0.8925919532775879,-1.3271796703338623
1164,-1.1969468010177111,-0.6656204462051392,-1.195225715637207
1165,-0.9801769079200154,-0.38699251413345337,-0.983468770980835
1166,-0.6880087911361648,-0.07843107730150223,-0.7046767473220825
1167,-0.35499996985564664,0.23370592296123505,-0.377168208360672
1168,0.012566370614359173,0.5218510627746582,-0.022755403071641922
1169,0.3738495257771854,0.7625826597213745,0.33567678928375244
1170,0.7099999397112933,0.9410374164581299,0.6703057289123535
1171,1.002168056495144,1.0518953800201416,0.9636150598526001
1172,1.2346459128607887,1.0973795652389526,1.2037523984909058
1173,1.413716694115407,1.0847549438476562,1.3877286911010742
1174,1.5393804002589986,1.025030255317688,1.524218201637268
1175,1.6210618092523332,0.9320118427276611,1.614207148551941
1176,1.6619025137490004,0.8201559782028198,1.6608421802520752
1177,1.66818569905618,0.7018100023269653,1.6703321933746338
1178,1.6336281798666923,0.5856209993362427,1.641732931137085
1179,1.564513141487717,0.47647330164909363,1.5667747259140015
1180,1.4514158059584845,0.37596485018730164,1.4397636651992798
1181,1.291194580625405,0.28285032510757446,1.2630387544631958
1182,1.0744246875277093,0.1937481015920639,1.0386086702346802
1183,0.7948229413582177,0.10431941598653793,0.7601078748703003
1184,0.4649557127312894,0.010550044476985931,0.4254055917263031
1185,0.10367255756846318,-0.09005266427993774,0.049721427261829376
1186,-0.2827433388230814,-0.19730783998966217,-0.3415061831474304
1187,-0.6408849013323178,-0.30753323435783386,-0.7171818017959595
1188,-0.9738937226128359,-0.4135752022266388,-1.051208734512329
1189,-1.2503538761287378,-0.5059952735900879,-1.3236799240112305
1190,-1.4639821765728436,-0.5750669240951538,-1.5219573974609375
1191,-1.6022122533307945,-0.6127028465270996,-1.6443696022033691
1192,-1.6650441064025905,-0.6136099100112915,-1.6932677030563354
1193,-1.655619328441821,-0.5756930112838745,-1.671781301498413
1194,-1.5707963267948966,-0.5001397132873535,-1.580092430114746
1195,-1.4042919161546374,-0.3914836645126343,-1.4125415086746216
1196,-1.1655308744818134,-0.2576887309551239,-1.1693227291107178
1197,-0.8702211650443727,-0.11003491282463074,-0.8636949062347412
1198,-0.5120796025351363,0.03767862543463707,-0.5096703767776489
1199,-0.1445132620651305,0.17094555497169495,-0.1294988989830017
1200,0.21991148575128552,0.276888906955719,0.2423965334892273
1201,0.5372123437638546,0.3460580110549927,0.5654661655426025
1202,0.7822565707438585,0.37313127517700195,0.8175822496414185
1203,0.9519025740377073,0.35685691237449646,0.9804376363754272
1204,1.0241592050702726,0.29982444643974304,1.051278829574585
1205,1.0115928344559133,0.20826460421085358,1.0357866287231445
1206,0.9142034621946298,0.09163475036621094,0.9364866018295288
1207,0.7414158662471911,-0.03831378370523453,0.7625681161880493
1208,0.515221195188726,-0.16897909343242645,0.5291351675987244
1209,0.24818581963359368,-0.28850582242012024,0.25761517882347107
1210,-0.02199114857512855,-0.38710078597068787,-0.026527039706707
1211,-0.2827433388230814,-0.4578248858451843,-0.29764556884765625
1212,-0.515221195188726,-0.4968496263027191,-0.533639669418335
1213,-0.6942919764433443,-0.5032892227172852,-0.7189466953277588
1214,-0.8136724972797564,-0.47874370217323303,-0.8435232639312744
1215,-0.8702211650443727,-0.4266640841960907,-0.9017502069473267
1216,-0.8670795723907829,-0.3516213595867157,-0.8945295810699463
1217,-0.8011061266653973,-0.2586021423339844,-0.8268322944641113
1218,-0.6785840131753953,-0.15251661837100983,-0.7035759687423706
1219,-0.5089380098815465,-0.03803589940071106,-0.5309518575668335
1220,-0.2984513020910304,0.08031435310840607,-0.31952694058418274
1221,-0.07225663103256524,0.19800028204917908,-0.08338363468647003
1222,0.16964600329384882,0.3103783428668976,0.16267383098602295
1223,0.3989822670059037,0.41264110803604126,0.402297705411911
1224,0.6000441968356505,0.49981942772865295,0.6166294813156128
1225,0.7634070148223198,0.5668957233428955,0.7877587080001831
1226,0.8765043503515523,0.6090419292449951,0.9041869640350342
1227,0.9330530181161686,0.6219357252120972,0.9620139598846436
1228,0.9267698328089891,0.60211181640625,0.9590381383895874
1229,0.8607963870836034,0.5473380088806152,0.892654299736023
1230,0.7319910882864218,0.45702865719795227,0.7631146907806396
1231,0.5434955290710342,0.3327217102050781,0.5757534503936768
1232,0.3141592653589793,0.1786603182554245,0.3410305082798004
1233,0.053407075111026485,0.0024273842573165894,0.07404643297195435
1234,-0.21048670779051615,-0.18466080725193024,-0.20393718779087067
1235,-0.47123889803846897,-0.36797282099723816,-0.4677329957485199
1236,-0.6942919764433443,-0.5312705039978027,-0.6963666677474976
1237,-0.8639379797371931,-0.6594191789627075,-0.8745845556259155
1238,-0.9676105373056563,-0.7408398389816284,-0.9888211488723755
1239,-1.0053096491487339,-0.7684822082519531,-1.0304791927337646
1240,-0.9676105373056563,-0.7393598556518555,-0.9976116418838501
1241,-0.8545132017764238,-0.6537632942199707,-0.8908804655075073
1242,-0.6785840131753953,-0.5150526762008667,-0.7129402160644531
1243,-0.43353978619539146,-0.3301061689853668,-0.47333839535713196
1244,-0.15079644737231007,-0.10999748110771179,-0.19053879380226135
1245,0.14765485471872028,0.12967658042907715,0.11396603286266327
1246,0.44610615680975063,0.36954620480537415,0.41634678840637207
1247,0.7068583470577035,0.5888919830322266,0.6922925710678101
1248,0.9236282401553992,0.7693681716918945,0.9218707084655762
1249,1.080707872834889,0.8983135223388672,1.0886629819869995
1250,1.1718140597889928,0.969871997833252,1.1899322271347046
1251,1.1938052083641215,0.9839268922805786,1.2275173664093018
1252,1.152964503867454,0.9444661140441895,1.1995118856430054
1253,1.049291946298991,0.8586071729660034,1.108492136001587
1254,0.9016370915802706,0.7360782623291016,0.9628111124038696
1255,0.713141532364883,0.588398814201355,0.7747679948806763
1256,0.49637163926718736,0.4276430308818817,0.558845043182373
1257,0.27646015351590175,0.26521098613739014,0.33010464906692505
1258,0.06597344572538566,0.11088985949754715,0.1040753424167633
1259,-0.1288052987971815,-0.027812082320451736,-0.10323311388492584
1260,-0.28588493147667116,-0.14605911076068878,-0.2774735391139984
1261,-0.40212385965949354,-0.2417316734790802,-0.4096696376800537
1262,-0.47752208334564855,-0.31515127420425415,-0.4976530969142914
1263,-0.515221195188726,-0.36860063672065735,-0.5441415309906006
1264,-0.5183627878423158,-0.40566781163215637,-0.5546324253082275
1265,-0.4995132319207771,-0.4304054081439972,-0.5365657806396484
1266,-0.4618141200776996,-0.44643640518188477,-0.4985254108905792
1267,-0.4178318229274425,-0.456266313791275,-0.4490276873111725
1268,-0.37070793312359557,-0.46096882224082947,-0.39534103870391846
1269,-0.32672563597333854,-0.4602307379245758,-0.34273460507392883
1270,-0.28588493147667116,-0.45265188813209534,-0.29424571990966797
1271,-0.25132741228718347,-0.4362070560455322,-0.25085511803627014
1272,-0.21991148575128552,-0.40877941250801086,-0.2119918316602707
1273,-0.1916371518689774,-0.36866867542266846,-0.17617802321910858
1274,-0.16650441064025903,-0.31499478220939636,-0.14158537983894348
1275,-0.13823007675795088,-0.24797144532203674,-0.10651162266731262
1276,-0.10995574287564276,-0.16904610395431519,-0.06977571547031403
1277,-0.07539822368615504,-0.08089467883110046,-0.030943721532821655
1278,-0.03769911184307752,0.012747537344694138,0.009644389152526855
1279,0.0031415926535897933,0.10741172730922699,0.051012758165597916
1280,0.047123889803846894,0.19834697246551514,0.0917930155992508
1281,0.09110618695410401,0.28103145956993103,0.13051699101924896
1282,0.13194689145077132,0.3516506254673004,0.1658969670534134
1283,0.16964600329384882,0.4074494540691376,0.19703394174575806
1284,0.20106192982974677,0.4469029903411865,0.22351118922233582
1285,0.2293362637120549,0.4697090983390808,0.24535785615444183
1286,0.24818581963359368,0.47663843631744385,0.2629011869430542
1287,0.26389378290154264,0.4692815840244293,0.27655288577079773
1288,0.2701769682087222,0.4497314393520355,0.28658801317214966
1289,0.2701769682087222,0.4202514588832855,0.2929716408252716
1290,0.2701769682087222,0.38299041986465454,0.2952765226364136
1291,0.2701769682087222,0.33979862928390503,0.29271575808525085
1292,0.2701769682087222,0.29217100143432617,0.2842920124530792
1293,0.26389378290154264,0.2413078397512436,0.2690392732620239
1294,0.25446900494077324,0.18826130032539368,0.24631758034229279
1295,0.23876104167282428,0.1341228187084198,0.21610286831855774
1296,0.21362830044410594,0.08020202815532684,0.17921216785907745
1297,0.18221237390820802,0.028148140758275986,0.13740423321723938
1298,0.1445132620651305,-0.020034540444612503,0.09330779314041138
1299,0.10367255756846318,-0.06210631877183914,0.05014604702591896
1300,0.06283185307179587,-0.09584984183311462,0.011272674426436424
1301,0.025132741228718346,-0.11942976713180542,-0.020404089242219925
1302,-0.006283185307179587,-0.13178691267967224,-0.04297743737697601
1303,-0.025132741228718346,-0.13298946619033813,-0.05594341456890106
1304,-0.03769911184307752,-0.12447153031826019,-0.060375794768333435
1305,-0.03769911184307752,-0.10910755395889282,-0.05886657536029816
1306,-0.03769911184307752,-0.09108197689056396,-0.05524066835641861
1307,-0.03769911184307752,-0.0755278542637825,-0.054054491221904755
1308,-0.04084070449666732,-0.06793467700481415,-0.05991934984922409
1309,-0.053407075111026485,-0.07336701452732086,-0.07676099240779877
1310,-0.07853981633974483,-0.0955941379070282,-0.10715672373771667
1311,-0.11938052083641214,-0.13626216351985931,-0.15180346369743347
1312,-0.17278759594743864,-0.19425514340400696,-0.20907053351402283
1313,-0.2324778563656447,-0.265390545129776,-0.2746903896331787
1314,-0.30159289474462014,-0.34259799122810364,-0.34187406301498413
1315,-0.3612831551628262,-0.4166696071624756,-0.40210211277008057
1316,-0.40840704496667307,-0.47749748826026917,-0.44645410776138306
1317,-0.4303981935418017,-0.5154925584793091,-0.4669817388057709
1318,-0.42411500823462206,-0.5227949619293213,-0.4575936496257782
1319,-0.3832743037379548,-0.4940459430217743,-0.41432106494903564
1320,-0.31101767270538955,-0.4267823398113251,-0.3354763984680176
1321,-0.20420352248333654,-0.32171687483787537,-0.22242167592048645
1322,-0.07225663103256524,-0.1831205040216446,-0.08072078973054886
1323,0.08168140899333463,-0.019258148968219757,0.07954501360654831
1324,0.23876104167282428,0.15756408870220184,0.24462135136127472
1325,0.38641589639154456,0.33198437094688416,0.3986721932888031
1326,0.5089380098815465,0.4878508448600769,0.5259107351303101
1327,0.5906194188748811,0.6110775470733643,0.6133139133453369
1328,0.6283185307179586,0.691817045211792,0.652962327003479
1329,0.6188937527571892,0.7251940965652466,0.6425453424453735
1330,0.562345084992573,0.7109435796737671,0.5855658054351807
1331,0.47123889803846897,0.6528139114379883,0.49019935727119446
1332,0.3518583772020568,0.5581897497177124,0.3674941658973694
1333,0.21991148575128552,0.43770334124565125,0.2310165911912918
1334,0.09110618695410401,0.30433210730552673,0.09630800783634186
1335,-0.02199114857512855,0.17178237438201904,-0.020706884562969208
1336,-0.10367255756846318,0.0525069534778595,-0.10645139217376709
1337,-0.14765485471872028,-0.04397359490394592,-0.1531616747379303
1338,-0.15079644737231007,-0.11198455095291138,-0.16003508865833282
1339,-0.12252211349000193,-0.14987371861934662,-0.13152779638767242
1340,-0.06911503837897544,-0.1597568541765213,-0.07586103677749634
1341,0.0,-0.14699922502040863,-0.00442134216427803
1342,0.06911503837897544,-0.11933967471122742,0.06944534927606583
1343,0.1288052987971815,-0.08557239174842834,0.132525235414505
1344,0.16336281798666927,-0.053959257900714874,0.17409633100032806
1345,0.16964600329384882,-0.030763670802116394,0.18783795833587646
1346,0.15079644737231007,-0.019264426082372665,0.17250481247901917
1347,0.10995574287564276,-0.019385792315006256,0.13163037598133087
1348,0.053407075111026485,-0.027874566614627838,0.07310426235198975
1349,-0.006283185307179587,-0.03891438990831375,0.008200954645872116
1350,-0.06283185307179587,-0.04514683783054352,-0.05049081891775131
1351,-0.09738937226128358,-0.039048731327056885,-0.09154997766017914
1352,-0.10681415022205297,-0.014439895749092102,-0.10674777626991272
1353,-0.08482300164692441,0.03219105675816536,-0.09207062423229218
1354,-0.031415926535897934,0.10071747750043869,-0.047774821519851685
1355,0.04084070449666732,0.1868094801902771,0.02184412255883217
1356,0.13194689145077132,0.281905859708786,0.10851504653692245
1357,0.2261946710584651,0.37400853633880615,0.20027486979961395
1358,0.31101767270538955,0.44944697618484497,0.28274911642074585
1359,0.3675663404700058,0.4951944947242737,0.34156572818756104
1360,0.38641589639154456,0.500857949256897,0.36520248651504517
1361,0.3581415625092364,0.45978257060050964,0.3464932143688202
1362,0.289026524130261,0.3695477545261383,0.2826501429080963
1363,0.17278759594743864,0.23254552483558655,0.1760977804660797
1364,0.025132741228718346,0.056959036737680435,0.035102806985378265
1365,-0.1413716694115407,-0.14241516590118408,-0.12693563103675842
1366,-0.31101767270538955,-0.3448624312877655,-0.29263782501220703
1367,-0.4618141200776996,-0.5270531177520752,-0.44248712062835693
1368,-0.5749114556069321,-0.6680195331573486,-0.5572553873062134
1369,-0.637743308678728,-0.7529287338256836,-0.6217601299285889
1370,-0.6408849013323178,-0.7737414836883545,-0.6277865171432495
1371,-0.5811946409141117,-0.727790117263794,-0.5727765560150146
1372,-0.4649557127312894,-0.6166067123413086,-0.4583681523799896
1373,-0.2984513020910304,-0.4461578130722046,-0.29198020696640015
1374,-0.09110618695410401,-0.22805017232894897,-0.0877545103430748
1375,0.13194689145077132,0.019587576389312744,0.13553646206855774
1376,0.3581415625092364,0.2731032967567444,0.35672953724861145
1377,0.5529203070318035,0.5069267749786377,0.5546032190322876
1378,0.7068583470577035,0.6985893249511719,0.7091190814971924
1379,0.8011061266653973,0.8326280117034912,0.8052217960357666
1380,0.8325220532012952,0.9015429019927979,0.8367643356323242
1381,0.7979645340118074,0.9043188095092773,0.8047901391983032
1382,0.7099999397112933,0.8445963859558105,0.7151836156845093
1383,0.5749114556069321,0.7298959493637085,0.5767749547958374
1384,0.40212385965949354,0.5715005397796631,0.402200311422348
1385,0.21048670779051615,0.3838125765323639,0.20765931904315948
1386,0.00942477796076938,0.18278414011001587,0.010679947212338448
1387,-0.16964600329384882,-0.015921112149953842,-0.17110350728034973
1388,-0.31730085801256913,-0.19834215939044952,-0.3213264048099518
1389,-0.42411500823462206,-0.3532528579235077,-0.4284822344779968
1390,-0.48380526865282814,-0.4730599820613861,-0.48877832293510437
1391,-0.4995132319207771,-0.5543296337127686,-0.504574179649353
1392,-0.47752208334564855,-0.5976036787033081,-0.48187223076820374
1393,-0.4303981935418017,-0.6066288948059082,-0.42949119210243225
1394,-0.36442474781641604,-0.5873253345489502,-0.3582579493522644
1395,-0.29216811678385074,-0.5466508865356445,-0.2795621454715729
1396,-0.21991148575128552,-0.49147525429725647,-0.20369741320610046
1397,-0.15707963267948966,-0.4276973307132721,-0.13861502707004547
1398,-0.10053096491487339,-0.35980644822120667,-0.08925742655992508
1399,-0.07539822368615504,-0.2908109724521637,-0.05727364122867584
1400,-0.06597344572538566,-0.22231480479240417,-0.04126335680484772
1401,-0.06597344572538566,-0.15468181669712067,-0.037488676607608795
1402,-0.06597344572538566,-0.08738850802183151,-0.0407119020819664
1403,-0.06597344572538566,-0.019568663090467453,-0.04516623914241791
1404,-0.06283185307179587,0.04942146688699722,-0.04553288221359253
1405,-0.05654866776461628,0.11958066374063492,-0.03768905997276306
1406,-0.03769911184307752,0.19000977277755737,-0.01915872097015381
1407,-0.006283185307179587,0.2588120698928833,0.010728329420089722
1408,0.03455751918948772,0.3231712281703949,0.0508989542722702
1409,0.08168140899333463,0.3796260356903076,0.09873068332672119
1410,0.1350884841043611,0.42449015378952026,0.15035772323608398
1411,0.18849555921538758,0.4543215334415436,0.20111577212810516
1412,0.23561944901923448,0.4663470387458801,0.24611389636993408
1413,0.2701769682087222,0.4587820768356323,0.28086191415786743
1414,0.29216811678385074,0.4310157001018524,0.3018262982368469
1415,0.29530970943744056,0.38367074728012085,0.30679085850715637
1416,0.2827433388230814,0.31857287883758545,0.29498374462127686
1417,0.257610597594363,0.23866580426692963,0.2670171856880188
1418,0.21991148575128552,0.14787723124027252,0.22471347451210022
1419,0.16964600329384882,0.050919558852910995,0.1708841323852539
1420,0.10995574287564276,-0.04698239266872406,0.10911386460065842
1421,0.047123889803846894,-0.14042291045188904,0.043554361909627914
1422,-0.015707963267948967,-0.2241765558719635,-0.021320238709449768
1423,-0.07225663103256524,-0.29355061054229736,-0.08104097098112106
1424,-0.12252211349000193,-0.34467923641204834,-0.1315358579158783
1425,-0.16336281798666927,-0.3747151494026184,-0.16949892044067383
1426,-0.18221237390820802,-0.381903737783432,-0.19263114035129547
1427,-0.18849555921538758,-0.36556461453437805,-0.1997031420469284
1428,-0.1759291886010284,-0.3260337710380554,-0.190480038523674
1429,-0.15393804002589986,-0.26461532711982727,-0.16559278964996338
1430,-0.11938052083641214,-0.18357467651367188,-0.12642377614974976
1431,-0.07225663103256524,-0.08617793768644333,-0.07504088431596756
1432,-0.015707963267948967,0.02325061894953251,-0.014182563871145248
1433,0.047123889803846894,0.1393141746520996,0.05273625999689102
1434,0.11623892818282235,0.25565749406814575,0.12166406959295273
1435,0.1790707812546182,0.36528217792510986,0.18807686865329742
1436,0.23876104167282428,0.4610786437988281,0.2473011612892151
1437,0.28588493147667116,0.5364844799041748,0.29494714736938477
1438,0.31730085801256913,0.5861009359359741,0.3273371756076813
1439,0.32672563597333854,0.6061128377914429,0.34182825684547424
1440,0.3204424506661589,0.5944696664810181,0.3370032012462616
1441,0.29530970943744056,0.5509141683578491,0.3127659559249878
1442,0.257610597594363,0.47697269916534424,0.2703680396080017
1443,0.20106192982974677,0.3759797513484955,0.21238170564174652
1444,0.13823007675795088,0.25312286615371704,0.14265203475952148
1445,0.06597344572538566,0.11543590575456619,0.06621746718883514
1446,-0.006283185307179587,-0.028382055461406708,-0.010901045054197311
1447,-0.07539822368615504,-0.16845715045928955,-0.08217776566743851
1448,-0.13194689145077132,-0.2945988178253174,-0.14135827124118805
1449,-0.16964600329384882,-0.39740267395973206,-0.1833513379096985
1450,-0.18849555921538758,-0.4692927896976471,-0.20488323271274567
1451,-0.18849555921538758,-0.5051838159561157,-0.2046845704317093
1452,-0.16650441064025903,-0.5026683807373047,-0.183328315615654
1453,-0.13194689145077132,-0.4618961811065674,-0.1429828554391861
1454,-0.08168140899333463,-0.3853883147239685,-0.08719377964735031
1455,-0.01884955592153876,-0.27790579199790955,-0.020659461617469788
1456,0.05026548245743669,-0.14632993936538696,0.05105884000658989
1457,0.11623892818282235,0.0005641095340251923,0.12194610387086868
1458,0.18221237390820802,0.15256398916244507,0.18609867990016937
1459,0.2324778563656447,0.29878634214401245,0.23839887976646423
1460,0.2670353755551324,0.4287275969982147,0.2751154899597168
1461,0.2827433388230814,0.5333998203277588,0.2942350208759308
1462,0.2827433388230814,0.6062232255935669,0.29548707604408264
1463,0.2670353755551324,0.6434177160263062,0.28015515208244324
1464,0.24190263432641407,0.6438888311386108,0.2507469058036804
1465,0.20734511513692636,0.6088236570358276,0.21057145297527313
1466,0.16650441064025903,0.5412219762802124,0.1633068472146988
1467,0.12252211349000193,0.4454702138900757,0.11260814219713211
1468,0.07539822368615504,0.32697752118110657,0.061751049011945724
1469,0.031415926535897934,0.19188344478607178,0.013313068076968193
1470,-0.00942477796076938,0.046843092888593674,-0.03105688840150833
1471,-0.047123889803846894,-0.10115908086299896,-0.07072170823812485
1472,-0.07853981633974483,-0.2450520098209381,-0.10596853494644165
1473,-0.10995574287564276,-0.3780369162559509,-0.13777495920658112
1474,-0.1413716694115407,-0.49404528737068176,-0.16747286915779114
1475,-0.17278759594743864,-0.5881903171539307,-0.19636128842830658
1476,-0.20106192982974677,-0.6570614576339722,-0.22532081604003906
1477,-0.2324778563656447,-0.6987558603286743,-0.2544899880886078
1478,-0.257610597594363,-0.7126760482788086,-0.2830626368522644
1479,-0.2796017461694916,-0.6992250680923462,-0.30925366282463074
1480,-0.2984513020910304,-0.6595301628112793,-0.33045440912246704
1481,-0.3047344873982099,-0.5952507257461548,-0.3435461223125458
1482,-0.30159289474462014,-0.5084718465805054,-0.3452954590320587
1483,-0.289026524130261,-0.4016704559326172,-0.3327300548553467
1484,-0.2670353755551324,-0.27775606513023376,-0.3034263849258423
1485,-0.2261946710584651,-0.14020134508609772,-0.25572627782821655
1486,-0.16964600329384882,0.0067484136670827866,-0.18897254765033722
1487,-0.09424777960769379,0.1578521579504013,-0.10384224355220795
1488,-0.0031415926535897933,0.3067813515663147,-0.0027380995452404022
1489,0.10053096491487339,0.4463203549385071,0.10991518199443817
1490,0.21048670779051615,0.56892991065979,0.22765779495239258
1491,0.31730085801256913,0.6675528287887573,0.34243544936180115
1492,0.4178318229274425,0.7363789081573486,0.445515513420105
1493,0.4995132319207771,0.7713050842285156,0.5286349654197693
1494,0.5592034923389833,0.7700231075286865,0.5849649906158447
1495,0.5843362335677015,0.731881856918335,0.6095964908599854
1496,0.5749114556069321,0.6577249765396118,0.599703311920166
1497,0.5183627878423158,0.5498262643814087,0.5546060800552368
1498,0.4366813788489812,0.41196390986442566,0.47558000683784485
1499,0.32672563597333854,0.24962961673736572,0.36559057235717773
1500,0.19477874452256716,0.07031387090682983,0.22944752871990204
1501,0.047123889803846894,-0.1163182407617569,0.07433994859457016
1502,-0.10995574287564276,-0.29867544770240784,-0.08980736881494522
1503,-0.25446900494077324,-0.46419021487236023,-0.25083035230636597
1504,-0.38641589639154456,-0.6009025573730469,-0.39572852849960327
1505,-0.4932300466135975,-0.6990901231765747,-0.5123348236083984
1506,-0.562345084992573,-0.7521976232528687,-0.5910247564315796
1507,-0.5906194188748811,-0.7568153142929077,-0.6259291172027588
1508,-0.5749114556069321,-0.7121435403823853,-0.6145811080932617
1509,-0.5120796025351363,-0.6195521354675293,-0.5568912029266357
1510,-0.41154863762026295,-0.48251214623451233,-0.45500800013542175
1511,-0.2701769682087222,-0.30686312913894653,-0.3139471113681793
1512,-0.10367255756846318,-0.10129450261592865,-0.14182546734809875
1513,0.07853981633974483,0.1221856027841568,0.050605036318302155
1514,0.2670353755551324,0.3482992351055145,0.2501753568649292
1515,0.4429645641561608,0.559722900390625,0.4416349232196808
1516,0.5969026041820608,0.7396775484085083,0.6094900369644165
1517,0.713141532364883,0.8749434947967529,0.7408654689788818
1518,0.7916813487046279,0.9576547145843506,0.827777624130249
1519,0.819955682586936,0.9851093292236328,0.8668950796127319
1520,0.8042477193189871,0.9584755897521973,0.8580715656280518
1521,0.7476990515543708,0.8817135095596313,0.8034063577651978
1522,0.6534512719466771,0.7610906362533569,0.7069977521896362
1523,0.5309291584566751,0.6048535108566284,0.5753929615020752
1524,0.38013271108436497,0.42276766896247864,0.4173526167869568
1525,0.21676989309769573,0.22561852633953094,0.24293634295463562
1526,0.05026548245743669,0.024707401171326637,0.0632123276591301
1527,-0.10681415022205297,-0.16880281269550323,-0.11008113622665405
1528,-0.24818581963359368,-0.34474021196365356,-0.26598840951919556
1529,-0.36442474781641604,-0.49481114745140076,-0.3962996006011963
1530,-0.45553093477052,-0.6133027076721191,-0.4967111051082611
1531,-0.5183627878423158,-0.6973943710327148,-0.5666773319244385
1532,-0.5592034923389833,-0.746930718421936,-0.6083333492279053
1533,-0.5749114556069321,-0.7637088298797607,-0.6251364946365356
1534,-0.5749114556069321,-0.7505390644073486,-0.6206257343292236
1535,-0.5592034923389833,-0.7103705406188965,-0.5975667238235474
1536,-0.5309291584566751,-0.6456588506698608,-0.5576063394546509
1537,-0.4900884539600077,-0.5580534934997559,-0.5012333393096924
1538,-0.4272566008882119,-0.44842997193336487,-0.42773255705833435
1539,-0.3424335992412874,-0.3172071576118469,-0.3351656198501587
1540,-0.23561944901923448,-0.1648961901664734,-0.220843106508255
1541,-0.10681415022205297,0.007082104682922363,-0.08260887116193771
1542,0.05026548245743669,0.19526465237140656,0.07928897440433502
1543,0.2293362637120549,0.3929252624511719,0.2604479193687439
1544,0.4146902302738527,0.5893597602844238,0.4518586993217468
1545,0.6063273821428301,0.7704603672027588,0.6416804790496826
1546,0.7791149780902686,0.9209561347961426,0.8176287412643433
1547,0.9299114254625788,1.0274301767349243,0.967393159866333
1548,1.046150353645401,1.0803070068359375,1.0787767171859741
1549,1.1121237993707869,1.0739326477050781,1.140915870666504
1550,1.1184069846779665,1.0057103633880615,1.1446425914764404
1551,1.0618583169133502,0.8756357431411743,1.0823692083358765
1552,0.9361946107697584,0.6864501237869263,0.9492167234420776
1553,0.7414158662471911,0.44418129324913025,0.7443363666534424
1554,0.47438049069205873,0.15949885547161102,0.47308674454689026
1555,0.16650441064025903,-0.1500004678964615,0.14952629804611206
1556,-0.1759291886010284,-0.45852571725845337,-0.2037559151649475
1557,-0.5183627878423158,-0.7353286743164062,-0.5554478168487549
1558,-0.8388052385084748,-0.9529592990875244,-0.8744950294494629
1559,-1.124690169985146,-1.094632863998413,-1.1440377235412598
1560,-1.335176877775662,-1.1546077728271484,-1.3557099103927612
1561,-1.4734069545336128,-1.1335773468017578,-1.5021305084228516
1562,-1.5362388076054088,-1.035504937171936,-1.5777257680892944
1563,-1.5205308443374599,-0.8677012920379639,-1.5770987272262573
1564,-1.426283064729766,-0.6410626173019409,-1.49437415599823
1565,-1.2534954687823274,-0.3698728382587433,-1.3257441520690918
1566,-0.9958848711879644,-0.07272251695394516,-1.076332688331604
1567,-0.6817256058289851,0.2268604338169098,-0.758622407913208
1568,-0.3078760800517997,0.5026259422302246,-0.38778451085090637
1569,0.0879645943005142,0.7306737899780273,0.01238858699798584
1570,0.4618141200776996,0.8941900730133057,0.4110770523548126
1571,0.8011061266653973,0.9848126173019409,0.7678658962249756
1572,1.0744246875277093,1.000822901725769,1.062157154083252
1573,1.2660618393966865,0.9447488784790039,1.2733372449874878
1574,1.3697343969651496,0.8223026990890503,1.399251103401184
1575,1.3823007675795091,0.642308235168457,1.4331203699111938
1576,1.303760951239764,0.4167211353778839,1.3697212934494019
1577,1.1372565405995052,0.160785511136055,1.218507170677185
1578,0.8984954989266809,-0.10677632689476013,0.9858156442642212
1579,0.5686282702997526,-0.36459752917289734,0.6790586709976196
1580,0.21048670779051615,-0.59130859375,0.31822308897972107
1581,-0.15707963267948966,-0.7692173719406128,-0.06591667234897614
1582,-0.5057964172279567,-0.8870029449462891,-0.43914276361465454
1583,-0.8168140899333461,-0.9399110078811646,-0.7683135271072388
1584,-1.0555751316061706,-0.9280506372451782,-1.0337224006652832
1585,-1.21579635693925,-0.8546737432479858,-1.221907138824463
1586,-1.2943361732789946,-0.7254736423492432,-1.322492003440857
1587,-1.291194580625405,-0.5485720634460449,-1.337432622909546
1588,-1.2032299863248908,-0.33469587564468384,-1.2714165449142456
1589,-1.033583983031042,-0.09741666913032532,-1.1258896589279175
1590,-0.7948229413582177,0.14685149490833282,-0.9042391777038574
1591,-0.4995132319207771,0.3797515630722046,-0.6167711019515991
1592,-0.15707963267948966,0.5831595659255981,-0.2847186326980591
1593,0.18535396656179778,0.7420617341995239,0.06589378416538239
1594,0.5120796025351363,0.8467187881469727,0.4068736433982849
1595,0.7853981633974483,0.8930705785751343,0.7093009948730469
1596,1.002168056495144,0.8817293643951416,0.951866865158081
1597,1.140398133253095,0.8168145418167114,1.116994023323059
1598,1.200088393671301,0.7053612470626831,1.2072529792785645
1599,1.184380430403352,0.5570845603942871,1.225579857826233
1600,1.0995574287564276,0.3840263783931732,1.1688474416732788
1601,0.9550441666912971,0.19993700087070465,1.0424023866653442
1602,0.7508406442079605,0.01939600333571434,0.857755184173584
1603,0.5183627878423158,-0.1433946043252945,0.6304715871810913
1604,0.2670353755551324,-0.27608051896095276,0.3792519271373749
1605,0.02199114857512855,-0.36945486068725586,0.12414120137691498
1606,-0.20106192982974677,-0.418093740940094,-0.11422297358512878
1607,-0.37699111843077515,-0.4202951192855835,-0.314809113740921
1608,-0.4932300466135975,-0.3776923716068268,-0.46041226387023926
1609,-0.5497787143782138,-0.29485899209976196,-0.5433412790298462
1610,-0.5403539364174444,-0.17895354330539703,-0.5635722875595093
1611,-0.47438049069205873,-0.03931703418493271,-0.523819088935852
1612,-0.3581415625092364,0.11304683983325958,-0.42920443415641785
1613,-0.20734511513692636,0.2661839425563812,-0.2892475426197052
1614,-0.02827433388230814,0.40816351771354675,-0.11825868487358093
1615,0.15079644737231007,0.5282175540924072,0.06680144369602203
1616,0.3204424506661589,0.6177297830581665,0.24853873252868652
1617,0.4649557127312894,0.6707490682601929,0.40939924120903015
1618,0.5749114556069321,0.6839590072631836,0.5329635143280029
1619,0.6346017160251383,0.6563097238540649,0.6085433959960938
1620,0.637743308678728,0.5886225700378418,0.631987452507019
1621,0.5906194188748811,0.48339518904685974,0.6025880575180054
1622,0.49637163926718736,0.34489867091178894,0.5231329202651978
1623,0.3581415625092364,0.17951899766921997,0.3992791473865509
1624,0.18535396656179778,-0.0038615837693214417,0.2386709302663803
1625,-0.006283185307179587,-0.19377893209457397,0.05223551392555237
1626,-0.19792033717615698,-0.3767581582069397,-0.1451101154088974
1627,-0.3832743037379548,-0.5387216806411743,-0.33606719970703125
1628,-0.5403539364174444,-0.6669672727584839,-0.5034924745559692
1629,-0.6534512719466771,-0.7519239187240601,-0.632174015045166
1630,-0.7194247176720626,-0.7879091501235962,-0.7109948396682739
1631,-0.7288494956328321,-0.7728631496429443,-0.7346475124359131
1632,-0.6848671984825748,-0.7077653408050537,-0.7023071050643921
1633,-0.5906194188748811,-0.596373438835144,-0.6161924600601196
1634,-0.44924774946334045,-0.44536054134368896,-0.4821752607822418
1635,-0.27646015351590175,-0.26456359028816223,-0.3108845055103302
1636,-0.08168140899333463,-0.0670023262500763,-0.1172090470790863
1637,0.11309733552923255,0.13168394565582275,0.0814099907875061
1638,0.29216811678385074,0.3147049844264984,0.2664438784122467
1639,0.4366813788489812,0.4664013683795929,0.41948238015174866
1640,0.5309291584566751,0.5745443105697632,0.5247006416320801
1641,0.5717698629533423,0.631644606590271,0.5732502937316895
1642,0.5529203070318035,0.6350057125091553,0.5633981227874756
1643,0.48694686130641796,0.5861618518829346,0.49902334809303284
1644,0.37699111843077515,0.490437388420105,0.3891089856624603
1645,0.2293362637120549,0.3567439615726471,0.24554109573364258
1646,0.06597344572538566,0.19720742106437683,0.08270491659641266
1647,-0.09424777960769379,0.026258043944835663,-0.0824747160077095
1648,-0.23561944901923448,-0.14082852005958557,-0.23220255970954895
1649,-0.3455751918948773,-0.28967633843421936,-0.35026058554649353
1650,-0.4178318229274425,-0.40845316648483276,-0.4254780411720276
1651,-0.43982297150257105,-0.48901864886283875,-0.4538598954677582
1652,-0.4178318229274425,-0.5273380279541016,-0.4367174208164215
1653,-0.3581415625092364,-0.5232547521591187,-0.3785457909107208
1654,-0.26389378290154264,-0.47995540499687195,-0.28689315915107727
1655,-0.15393804002589986,-0.40337350964546204,-0.17211434245109558
1656,-0.031415926535897934,-0.30153709650039673,-0.04633671045303345
1657,0.08482300164692441,-0.18380245566368103,0.07768209278583527
1658,0.1916371518689774,-0.060045331716537476,0.18748316168785095
1659,0.273318560862312,0.06007037311792374,0.2722143530845642
1660,0.3204424506661589,0.16773313283920288,0.32458069920539856
1661,0.3361504139341079,0.25557082891464233,0.34177669882774353
1662,0.3141592653589793,0.31812065839767456,0.324663370847702
1663,0.2701769682087222,0.3520674407482147,0.2768307626247406
1664,0.19792033717615698,0.3562365174293518,0.2038946896791458
1665,0.10995574287564276,0.3314487040042877,0.11273428797721863
1666,0.00942477796076938,0.280357301235199,0.011210482567548752
1667,-0.09110618695410401,0.20732709765434265,-0.09183293581008911
1668,-0.18535396656179778,0.1183447539806366,-0.18694987893104553
1669,-0.257610597594363,0.020879104733467102,-0.265024334192276
1670,-0.31101767270538955,-0.07642894983291626,-0.31848883628845215
1671,-0.3298672286269283,-0.16431279480457306,-0.3421497344970703
1672,-0.31730085801256913,-0.23360997438430786,-0.3330371081829071
1673,-0.2701769682087222,-0.27604278922080994,-0.28976818919181824
1674,-0.1916371518689774,-0.28493914008140564,-0.2123309075832367
1675,-0.08168140899333463,-0.2558632791042328,-0.10250361263751984
1676,0.05654866776461628,-0.18720321357250214,0.035414379090070724
1677,0.21048670779051615,-0.08078517764806747,0.19390057027339935
1678,0.3738495257771854,0.05750845745205879,0.3619159460067749
1679,0.5309291584566751,0.2173672616481781,0.5256707668304443
1680,0.669159235214626,0.3844245374202728,0.6705032587051392
1681,0.7759733854366789,0.5418297052383423,0.7829630374908447
1682,0.8388052385084748,0.6728959083557129,0.8521764278411865
1683,0.8513716091228339,0.7638485431671143,0.8703856468200684
1684,0.8105309046261666,0.8054461479187012,0.8336160182952881
1685,0.7162831250184728,0.7931110858917236,0.7413573265075684
1686,0.5717698629533423,0.7263327836990356,0.5962791442871094
1687,0.3832743037379548,0.6083246469497681,0.4054800271987915
1688,0.15707963267948966,0.44626685976982117,0.1816309243440628
1689,-0.07225663103256524,0.251763254404068,-0.05676431208848953
1690,-0.289026524130261,0.040747374296188354,-0.2875124216079712
1691,-0.48380526865282814,-0.16789311170578003,-0.48902854323387146
1692,-0.6283185307179586,-0.3550530970096588,-0.642622709274292
1693,-0.713141532364883,-0.5045760869979858,-0.7350473403930664
1694,-0.7319910882864218,-0.6054685115814209,-0.7611031532287598
1695,-0.6880087911361648,-0.652445912361145,-0.7214624881744385
1696,-0.5874778262212914,-0.6452771425247192,-0.6208544969558716
1697,-0.43982297150257105,-0.587935209274292,-0.4689500629901886
1698,-0.2607521902479529,-0.48806527256965637,-0.28108730912208557
1699,-0.05969026041820607,-0.3564779758453369,-0.07641193270683289
1700,0.13823007675795088,-0.20615169405937195,0.12533041834831238
1701,0.3078760800517997,-0.05070360004901886,0.30578845739364624
1702,0.43982297150257105,0.09718341380357742,0.4480855464935303
1703,0.5246459731494955,0.22691556811332703,0.5394638776779175
1704,0.5560618996853934,0.3306528925895691,0.5754365921020508
1705,0.5372123437638546,0.40362510085105896,0.5585113763809204
1706,0.47438049069205873,0.4441142976284027,0.4961606562137604
1707,0.38013271108436497,0.45303571224212646,0.3985816240310669
1708,0.2607521902479529,0.4331786632537842,0.2766677141189575
1709,0.13194689145077132,0.3883071541786194,0.14170929789543152
1710,0.0031415926535897933,0.3223615288734436,0.005096655339002609
1711,-0.11938052083641214,0.23901782929897308,-0.12268038094043732
1712,-0.2261946710584651,0.14174646139144897,-0.23314601182937622
1713,-0.3078760800517997,0.034221101552248,-0.32078874111175537
1714,-0.3675663404700058,-0.079274483025074,-0.38323545455932617
1715,-0.40212385965949354,-0.19360962510108948,-0.4203706979751587
1716,-0.41154863762026295,-0.30266839265823364,-0.4331933856010437
1717,-0.40212385965949354,-0.39932921528816223,-0.4229450523853302
1718,-0.37070793312359557,-0.47573748230934143,-0.39054030179977417
1719,-0.3204424506661589,-0.5239536762237549,-0.3363780379295349
1720,-0.24190263432641407,-0.5368366241455078,-0.26051563024520874
1721,-0.14765485471872028,-0.5089340209960938,-0.1631639450788498
1722,-0.03455751918948772,-0.4372442364692688,-0.04556006193161011
1723,0.09424777960769379,-0.3218993842601776,0.08879189938306808
1724,0.2324778563656447,-0.16695910692214966,0.23294058442115784
1725,0.37070793312359557,0.018631208688020706,0.3762425184249878
1726,0.49637163926718736,0.22035622596740723,0.5055794715881348
1727,0.5937610115284709,0.4186972677707672,0.6074841022491455
1728,0.6534512719466771,0.5918072462081909,0.6700301170349121
1729,0.6628760499074464,0.719799280166626,0.6834863424301147
1730,0.6188937527571892,0.7883846759796143,0.6412417888641357
1731,0.5215043804959058,0.789839506149292,0.5419261455535889
1732,0.3675663404700058,0.7219196557998657,0.3889317214488983
1733,0.17278759594743864,0.5870555639266968,0.18968893587589264
1734,-0.05654866776461628,0.3931547701358795,-0.041611574590206146
1735,-0.29216811678385074,0.15531441569328308,-0.2826944887638092
1736,-0.5089380098815465,-0.10353703796863556,-0.5088144540786743
1737,-0.6880087911361648,-0.3550776541233063,-0.6985176801681519
1738,-0.8168140899333461,-0.5713635683059692,-0.8327392339706421
1739,-0.8765043503515523,-0.7311697006225586,-0.8977373838424683
1740,-0.8607963870836034,-0.8230044841766357,-0.8888537883758545
1741,-0.7696902001294993,-0.8439178466796875,-0.8071959018707275
1742,-0.6188937527571892,-0.7969220876693726,-0.6588032245635986
1743,-0.4209734155810323,-0.6898530721664429,-0.4572063684463501
1744,-0.18849555921538758,-0.5357866287231445,-0.2236146628856659
1745,0.047123889803846894,-0.3530716001987457,0.015732526779174805
1746,0.257610597594363,-0.1632179468870163,0.23360319435596466
1747,0.4209734155810323,0.013103792443871498,0.4077411890029907
1748,0.5215043804959058,0.15989059209823608,0.5203977823257446
1749,0.5497787143782138,0.2676798105239868,0.5621237754821777
1750,0.5120796025351363,0.33345285058021545,0.5342477560043335
1751,0.4209734155810323,0.35987982153892517,0.448574036359787
1752,0.2984513020910304,0.3548317849636078,0.3249412477016449
1753,0.16022122533307945,0.33067113161087036,0.18667353689670563
1754,0.03455751918948772,0.30247700214385986,0.05891718715429306
1755,-0.05654866776461628,0.2852681279182434,-0.0348125696182251
1756,-0.09738937226128358,0.291069358587265,-0.07782750576734543
1757,-0.06911503837897544,0.3266223967075348,-0.06302797794342041
1758,0.015707963267948967,0.39199283719062805,0.008662279695272446
1759,0.14765485471872028,0.4801182150840759,0.13058888912200928
1760,0.3204424506661589,0.5776704549789429,0.2898082733154297
1761,0.5026548245743669,0.6676357984542847,0.4668523371219635
1762,0.6754424205218055,0.7329660654067993,0.6384536027908325
1763,0.8073893119725768,0.7596101760864258,0.7790932655334473
1764,0.8890707209659116,0.7379152774810791,0.8639341592788696
1765,0.9016370915802706,0.6628023386001587,0.8761196136474609
1766,0.8388052385084748,0.5336477756500244,0.8133440017700195
1767,0.6974335690969341,0.3544809818267822,0.6816284656524658
1768,0.48380526865282814,0.13486948609352112,0.48733747005462646
1769,0.2261946710584651,-0.10874298214912415,0.2409234344959259
1770,-0.06283185307179587,-0.35328131914138794,-0.03768003731966019
1771,-0.3518583772020568,-0.5731569528579712,-0.320414274930954
1772,-0.6188937527571892,-0.7466739416122437,-0.5794187784194946
1773,-0.8325220532012952,-0.8600869178771973,-0.7947747707366943
1774,-0.986460093227195,-0.9074314832687378,-0.952072262763977
1775,-1.0712830948741194,-0.888340950012207,-1.0404638051986694
1776,-1.080707872834889,-0.8065230846405029,-1.0559828281402588
1777,-1.0210176124166828,-0.6694433689117432,-1.0004465579986572
1778,-0.8922123136195013,-0.48831191658973694,-0.8789026737213135
1779,-0.7005751617505239,-0.2778053879737854,-0.6992018222808838
1780,-0.45553093477052,-0.055273860692977905,-0.47392508387565613
1781,-0.19477874452256716,0.1608462929725647,-0.22086572647094727
1782,0.07539822368615504,0.3532063066959381,0.03933800384402275
1783,0.3204424506661589,0.5075942277908325,0.2852895259857178
1784,0.5309291584566751,0.6141955852508545,0.49716994166374207
1785,0.6848671984825748,0.6678785085678101,0.6560002565383911
1786,0.7728317927830891,0.6677910089492798,0.7485953569412231
1787,0.7916813487046279,0.6167292594909668,0.7734787464141846
1788,0.7476990515543708,0.5205520391464233,0.7343107461929321
1789,0.6440264939859076,0.38770297169685364,0.6366180181503296
1790,0.48694686130641796,0.2288358062505722,0.48923423886299133
1791,0.2984513020910304,0.05647526681423187,0.3050785958766937
1792,0.09424777960769379,-0.11552616953849792,0.101383738219738
1793,-0.10995574287564276,-0.27299362421035767,-0.10217103362083435
1794,-0.29530970943744056,-0.402813583612442,-0.28532105684280396
1795,-0.43982297150257105,-0.49428221583366394,-0.4286171495914459
1796,-0.5246459731494955,-0.5400044918060303,-0.5177127122879028
1797,-0.5529203070318035,-0.5361858606338501,-0.5466874837875366
1798,-0.5183627878423158,-0.48253151774406433,-0.5149860382080078
1799,-0.42411500823462206,-0.38218584656715393,-0.42544883489608765
1800,-0.2827433388230814,-0.24194979667663574,-0.28573617339134216
1801,-0.10681415022205297,-0.07258649170398712,-0.10932083427906036
1802,0.09110618695410401,0.11129596084356308,0.08553410321474075
1803,0.2796017461694916,0.292292058467865,0.2777717113494873
1804,0.44610615680975063,0.4523215889930725,0.44535425305366516
1805,0.5686282702997526,0.5753093957901001,0.567803144454956
1806,0.6346017160251383,0.6493778228759766,0.6317877769470215
1807,0.6346017160251383,0.6677401065826416,0.6316086053848267
1808,0.5717698629533423,0.6284780502319336,0.5671204328536987
1809,0.44924774946334045,0.5341535806655884,0.44550463557243347
1810,0.2827433388230814,0.3919234573841095,0.2778984308242798
1811,0.08168140899333463,0.2138950079679489,0.07926054298877716
1812,-0.12252211349000193,0.016823308542370796,-0.12986350059509277
1813,-0.31730085801256913,-0.17953720688819885,-0.3264892101287842
1814,-0.47752208334564855,-0.35530129075050354,-0.48845699429512024
1815,-0.5874778262212914,-0.49359413981437683,-0.5973023176193237
1816,-0.6314601233715484,-0.5827218294143677,-0.643285870552063
1817,-0.6126105674500096,-0.6167371273040771,-0.6248010396957397
1818,-0.5309291584566751,-0.5948599576950073,-0.5446083545684814
1819,-0.3989822670059037,-0.5207750797271729,-0.41041138768196106
1820,-0.2261946710584651,-0.40232837200164795,-0.23582559823989868
1821,-0.03455751918948772,-0.25124529004096985,-0.038819968700408936
1822,0.16022122533307945,-0.08217234164476395,0.16078020632266998
1823,0.3361504139341079,0.0890980213880539,0.3433777987957001
1824,0.47752208334564855,0.24765673279762268,0.49053430557250977
1825,0.5686282702997526,0.38111716508865356,0.5877543687820435
1826,0.6094689747964198,0.48063570261001587,0.6289358139038086
1827,0.5937610115284709,0.5413734912872314,0.6151827573776245
1828,0.5372123437638546,0.5624457597732544,0.5531258583068848
1829,0.43982297150257105,0.5463992357254028,0.45291048288345337
1830,0.3204424506661589,0.49835553765296936,0.3258923590183258
1831,0.18221237390820802,0.4249631464481354,0.18446601927280426
1832,0.04084070449666732,0.33330056071281433,0.041694771498441696
1833,-0.08482300164692441,0.22997871041297913,-0.08989559859037399
1834,-0.1916371518689774,0.12070609629154205,-0.19982083141803741
1835,-0.2701769682087222,0.01030583307147026,-0.2814607620239258
1836,-0.31730085801256913,-0.0971325933933258,-0.3329223394393921
1837,-0.33929200658769765,-0.19818048179149628,-0.356004536151886
1838,-0.3361504139341079,-0.2899530529975891,-0.3546851873397827
1839,-0.31730085801256913,-0.3698238134384155,-0.3341008424758911
1840,-0.29216811678385074,-0.4351031184196472,-0.2996651530265808
1841,-0.257610597594363,-0.48288092017173767,-0.25628915429115295
1842,-0.21991148575128552,-0.5101021528244019,-0.20786595344543457
1843,-0.1759291886010284,-0.5138282775878906,-0.15706294775009155
1844,-0.13194689145077132,-0.49161407351493835,-0.10538680851459503
1845,-0.08482300164692441,-0.44190743565559387,-0.05346480756998062
1846,-0.03455751918948772,-0.3643924593925476,-0.0014559626579284668
1847,0.01884955592153876,-0.2602732479572296,0.05052459239959717
1848,0.07539822368615504,-0.13256829977035522,0.10207411646842957
1849,0.1288052987971815,0.013571208342909813,0.15232357382774353
1850,0.18221237390820802,0.1706700623035431,0.1999346762895584
1851,0.2324778563656447,0.3291529715061188,0.2432551234960556
1852,0.273318560862312,0.47822651267051697,0.2805805802345276
1853,0.3078760800517997,0.6073517799377441,0.31044840812683105
1854,0.3298672286269283,0.7078268527984619,0.33189094066619873
1855,0.33929200658769765,0.7738515138626099,0.34458789229393005
1856,0.3361504139341079,0.8027788400650024,0.34887880086898804
1857,0.33300882128051806,0.7947660684585571,0.34563198685646057
1858,0.32672563597333854,0.7522279024124146,0.33600053191185
1859,0.31730085801256913,0.6793124675750732,0.32112663984298706
1860,0.3047344873982099,0.5813831090927124,0.3018650710582733
1861,0.289026524130261,0.4644680619239807,0.27858859300613403
1862,0.2701769682087222,0.3347545862197876,0.25112271308898926
1863,0.24504422698000386,0.19824157655239105,0.2188337743282318
1864,0.21048670779051615,0.060582615435123444,0.18086561560630798
1865,0.16964600329384882,-0.0729455053806305,0.13648585975170135
1866,0.12252211349000193,-0.19743569195270538,0.0854780301451683
1867,0.06283185307179587,-0.30836769938468933,0.02850453183054924
1868,-0.0031415926535897933,-0.40168341994285583,-0.03263414651155472
1869,-0.06911503837897544,-0.4739101231098175,-0.09492762386798859
1870,-0.13823007675795088,-0.5223004817962646,-0.1543521285057068
1871,-0.19792033717615698,-0.5449711084365845,-0.20637217164039612
1872,-0.24504422698000386,-0.5410608053207397,-0.24667206406593323
1873,-0.27646015351590175,-0.5109201669692993,-0.2719183564186096
1874,-0.289026524130261,-0.4563118517398834,-0.28033646941185
1875,-0.2827433388230814,-0.38057878613471985,-0.27199915051460266
1876,-0.2607521902479529,-0.2887354791164398,-0.24886420369148254
1877,-0.2324778563656447,-0.18742232024669647,-0.21460868418216705
1878,-0.19477874452256716,-0.08460985124111176,-0.17424972355365753
1879,-0.15707963267948966,0.011052295565605164,-0.13351917266845703
1880,-0.12252211349000193,0.09123622626066208,-0.09801281988620758
1881,-0.09738937226128358,0.1490902453660965,-0.07224075496196747
1882,-0.08482300164692441,0.18024447560310364,-0.058798037469387054
1883,-0.0879645943005142,0.18344782292842865,-0.05784352123737335
1884,-0.09110618695410401,0.1607913374900818,-0.06695752590894699
1885,-0.09738937226128358,0.11756747215986252,-0.08138933032751083
1886,-0.10053096491487339,0.0617789551615715,-0.09475350379943848
1887,-0.09424777960769379,0.003260398283600807,-0.10013161599636078
1888,-0.07853981633974483,-0.047571346163749695,-0.09128144383430481
1889,-0.047123889803846894,-0.0811721608042717,-0.06359747797250748
1890,0.006283185307179587,-0.09024281054735184,-0.014761537313461304
1891,0.07539822368615504,-0.07078440487384796,0.054712191224098206
1892,0.16336281798666927,-0.022777963429689407,0.14094850420951843
1893,0.2607521902479529,0.049496665596961975,0.2364581823348999
1894,0.35499996985564664,0.1376035213470459,0.3305835425853729
1895,0.4303981935418017,0.2297905534505844,0.41082772612571716
1896,0.47752208334564855,0.3126230537891388,0.4648897647857666
1897,0.48694686130641796,0.3730853497982025,0.4826630651950836
1898,0.4523893421169302,0.40049082040786743,0.4573134183883667
1899,0.3738495257771854,0.3876919746398926,0.3861466944217682
1900,0.25132741228718347,0.33163997530937195,0.27138322591781616
1901,0.09424777960769379,0.23375791311264038,0.11975447833538055
1902,-0.09110618695410401,0.10044003278017044,-0.05747715383768082
1903,-0.273318560862312,-0.05664760619401932,-0.2442152202129364
1904,-0.44610615680975063,-0.2213176190853119,-0.42152461409568787
1905,-0.5874778262212914,-0.3752116560935974,-0.5704561471939087
1906,-0.6880087911361648,-0.5010988712310791,-0.6742074489593506
1907,-0.7257079029792423,-0.5855854749679565,-0.7215553522109985
1908,-0.7037167544041136,-0.6201897859573364,-0.7079089879989624
1909,-0.6188937527571892,-0.6010432243347168,-0.6327992677688599
1910,-0.48066367599923837,-0.5282527208328247,-0.49956831336021423
1911,-0.28588493147667116,-0.40569451451301575,-0.3172221779823303
1912,-0.06911503837897544,-0.2412644624710083,-0.10015560686588287
1913,0.16650441064025903,-0.04702093452215195,0.13427624106407166
1914,0.39584067435231396,0.16146694123744965,0.36723122000694275
1915,0.6031857894892403,0.36679279804229736,0.5799812078475952
1916,0.7696902001294993,0.5520169734954834,0.7550632953643799
1917,0.8859291283123216,0.7029633522033691,0.879326343536377
1918,0.9487609813841175,0.809881329536438,0.9480204582214355
1919,0.9550441666912971,0.8679766654968262,0.9618930816650391
1920,0.9047786842338604,0.8768123388290405,0.9230668544769287
1921,0.8042477193189871,0.8391991853713989,0.8350447416305542
1922,0.669159235214626,0.7601830959320068,0.7042393684387207
1923,0.4995132319207771,0.6462404727935791,0.5398825407028198
1924,0.31101767270538955,0.5046161413192749,0.35234692692756653
1925,0.11623892818282235,0.3429498076438904,0.15274471044540405
1926,-0.07225663103256524,0.16932180523872375,-0.046376265585422516
1927,-0.24818581963359368,-0.007528483867645264,-0.23156070709228516
1928,-0.39584067435231396,-0.17822368443012238,-0.39034420251846313
1929,-0.5057964172279567,-0.33314982056617737,-0.5129586458206177
1930,-0.578053048260522,-0.46310797333717346,-0.5931878089904785
1931,-0.6063273821428301,-0.5600600242614746,-0.6281217336654663
1932,-0.5874778262212914,-0.6177804470062256,-0.6170152425765991
1933,-0.5277875658030853,-0.6322137117385864,-0.5605785846710205
1934,-0.4272566008882119,-0.6015356779098511,-0.4613005816936493
1935,-0.29530970943744056,-0.5261645317077637,-0.3243218660354614
1936,-0.13194689145077132,-0.40897050499916077,-0.15779441595077515
1937,0.0439822971502571,-0.2557104825973511,0.027507644146680832
1938,0.2293362637120549,-0.07552742958068848,0.21804052591323853
1939,0.39584067435231396,0.1187797412276268,0.39725399017333984
1940,0.5403539364174444,0.311165988445282,0.5476387739181519
1941,0.637743308678728,0.4839077591896057,0.6546348333358765
1942,0.6848671984825748,0.6202796697616577,0.7089897394180298
1943,0.6754424205218055,0.7072635889053345,0.7054657936096191
1944,0.6094689747964198,0.7368744611740112,0.6427891254425049
1945,0.4900884539600077,0.7058758735656738,0.5244256258010864
1946,0.32672563597333854,0.6150320768356323,0.35709714889526367
1947,0.12252211349000193,0.4690228998661041,0.15131105482578278
1948,-0.09424777960769379,0.27708253264427185,-0.07685761898756027
1949,-0.31101767270538955,0.05357370898127556,-0.30678480863571167
1950,-0.5089380098815465,-0.18244577944278717,-0.5178772211074829
1951,-0.6723008278682158,-0.4092898368835449,-0.6932305097579956
1952,-0.7916813487046279,-0.6062053442001343,-0.8198513984680176
1953,-0.8545132017764238,-0.7571465969085693,-0.8899041414260864
1954,-0.8607963870836034,-0.8529082536697388,-0.9017856121063232
1955,-0.8168140899333461,-0.8908509016036987,-0.8583594560623169
1956,-0.7288494956328321,-0.873304009437561,-0.7654364109039307
1957,-0.5969026041820608,-0.8061991930007935,-0.6317782402038574
1958,-0.44610615680975063,-0.6983095407485962,-0.4695211350917816
1959,-0.2796017461694916,-0.5604020357131958,-0.29323890805244446
1960,-0.10681415022205297,-0.40386390686035156,-0.11730115115642548
1961,0.0439822971502571,-0.23922255635261536,0.04653486609458923
1962,0.1790707812546182,-0.07522634416818619,0.18917004764080048
1963,0.2796017461694916,0.08139157295227051,0.30347126722335815
1964,0.35499996985564664,0.22585004568099976,0.38579756021499634
1965,0.3989822670059037,0.35519587993621826,0.43768632411956787
1966,0.42411500823462206,0.467983603477478,0.46482840180397034
1967,0.4303981935418017,0.563694953918457,0.4744577407836914
1968,0.4303981935418017,0.6420508623123169,0.47331854701042175
1969,0.4303981935418017,0.7023388147354126,0.46657148003578186
1970,0.4303981935418017,0.7428774833679199,0.4571996331214905
1971,0.4303981935418017,0.7608591318130493,0.44566810131073
1972,0.4303981935418017,0.7527446746826172,0.4299769103527069
1973,0.42411500823462206,0.7150695323944092,0.40628859400749207
1974,0.4052654523130833,0.6452654600143433,0.36998358368873596
1975,0.3675663404700058,0.5422656536102295,0.31688231229782104
1976,0.3078760800517997,0.4070395231246948,0.2444629669189453
1977,0.22305307840487532,0.2433100789785385,0.15289734303951263
1978,0.11938052083641214,0.0584493950009346,0.0457690954208374
1979,-0.0031415926535897933,-0.13583900034427643,-0.06963638216257095
1980,-0.12566370614359174,-0.3238255977630615,-0.18271766602993011
1981,-0.23876104167282428,-0.4877830445766449,-0.2808660864830017
1982,-0.32358404331974866,-0.6113848686218262,-0.3518044948577881
1983,-0.37699111843077515,-0.6826819181442261,-0.38629862666130066
1984,-0.38641589639154456,-0.695071816444397,-0.3794269859790802
1985,-0.3518583772020568,-0.6466395854949951,-0.3301774263381958
1986,-0.27646015351590175,-0.539475679397583,-0.24121329188346863
1987,-0.16336281798666927,-0.37990155816078186,-0.11931280791759491
1988,-0.02199114857512855,-0.1792878359556198,0.02452908456325531
1989,0.12566370614359174,0.04547973722219467,0.17579708993434906
1990,0.2701769682087222,0.27292850613594055,0.3178563117980957
1991,0.39269908169872414,0.479995459318161,0.4341573119163513
1992,0.48380526865282814,0.646443247795105,0.511305570602417
1993,0.5277875658030853,0.7584697008132935,0.5414526462554932
1994,0.5183627878423158,0.8096424341201782,0.5223757028579712
1995,0.47123889803846897,0.7996735572814941,0.4579122066497803
1996,0.38013271108436497,0.7330453395843506,0.35746368765830994
1997,0.2670353755551324,0.6185810565948486,0.23365098237991333
1998,0.1413716694115407,0.46934327483177185,0.1014133095741272
1999,0.01884955592153876,0.3016487658023834,-0.02253982052206993
2000,-0.08482300164692441,0.1328401416540146,-0.12196148931980133
2001,-0.15393804002589986,-0.021387740969657898,-0.1848526895046234
2002,-0.18535396656179778,-0.1490386426448822,-0.20632988214492798
2003,-0.1759291886010284,-0.24281546473503113,-0.18813864886760712
2004,-0.13823007675795088,-0.3003116846084595,-0.1367941051721573
2005,-0.07539822368615504,-0.32378146052360535,-0.06289120018482208
2006,-0.006283185307179587,-0.31961238384246826,0.019366052001714706
2007,0.05969026041820607,-0.2973562479019165,0.09392339736223221
2008,0.10367255756846318,-0.2682015299797058,0.14570936560630798
2009,0.11623892818282235,-0.24301210045814514,0.16369308531284332
2010,0.09424777960769379,-0.23036283254623413,0.14233353734016418
2011,0.03769911184307752,-0.23506847023963928,0.08077556639909744
2012,-0.05026548245743669,-0.2574557662010193,-0.017023824155330658
2013,-0.16022122533307945,-0.29335856437683105,-0.14086514711380005
2014,-0.2827433388230814,-0.3347967565059662,-0.2751873731613159
2015,-0.39584067435231396,-0.37134742736816406,-0.40192911028862
2016,-0.48380526865282814,-0.3920099437236786,-0.5029760599136353
2017,-0.5340707511102648,-0.38705578446388245,-0.5629256963729858
2018,-0.5340707511102648,-0.3493958115577698,-0.5717099905014038
2019,-0.48066367599923837,-0.2753960192203522,-0.5248101949691772
2020,-0.3738495257771854,-0.1654212921857834,-0.4220978021621704
2021,-0.22305307840487532,-0.024405568838119507,-0.26867175102233887
2022,-0.04084070449666732,0.13762426376342773,-0.07700693607330322
2023,0.16336281798666927,0.3057767450809479,0.1346133053302765
2024,0.3612831551628262,0.46221214532852173,0.3449362814426422
2025,0.5340707511102648,0.5896152257919312,0.5322631001472473
2026,0.6628760499074464,0.6744965314865112,0.6759028434753418
2027,0.7351326809400116,0.7086758613586426,0.7599327564239502
2028,0.7414158662471911,0.689043402671814,0.7769094705581665
2029,0.6880087911361648,0.6168808937072754,0.7276037931442261
2030,0.578053048260522,0.4976760149002075,0.6195883750915527
2031,0.4209734155810323,0.341372549533844,0.4637347161769867
2032,0.23561944901923448,0.16233251988887787,0.27501562237739563
2033,0.04084070449666732,-0.021832000464200974,0.07293814420700073
2034,-0.1445132620651305,-0.19279678165912628,-0.12128415703773499
2035,-0.29530970943744056,-0.33457210659980774,-0.2866690754890442
2036,-0.40212385965949354,-0.43570953607559204,-0.4054225981235504
2037,-0.4523893421169302,-0.49004486203193665,-0.4685409367084503
2038,-0.4523893421169302,-0.49642595648765564,-0.4762190878391266
2039,-0.40212385965949354,-0.45821478962898254,-0.4336097836494446
2040,-0.31730085801256913,-0.3828864097595215,-0.34979552030563354
2041,-0.21048670779051615,-0.28141966462135315,-0.2380823791027069
2042,-0.09110618695410401,-0.1670527309179306,-0.1145845502614975
2043,0.01884955592153876,-0.0534379780292511,0.00419972650706768
2044,0.10995574287564276,0.0472554937005043,0.10354489088058472
2045,0.17278759594743864,0.12571872770786285,0.17224372923374176
2046,0.19477874452256716,0.1761956363916397,0.20459812879562378
2047,0.18221237390820802,0.1966904103755951,0.20087593793869019
2048,0.1413716694115407,0.1888938993215561,0.16587980091571808
2049,0.08168140899333463,0.15780732035636902,0.10809730738401413
2050,0.012566370614359173,0.1109330803155899,0.038520947098731995
2051,-0.053407075111026485,0.05706280469894409,-0.03124815970659256
2052,-0.10995574287564276,0.004936447367072105,-0.09044703841209412
2053,-0.1445132620651305,-0.03788299113512039,-0.13058353960514069
2054,-0.15393804002589986,-0.06572572141885757,-0.14668996632099152
2055,-0.1350884841043611,-0.07515189051628113,-0.13750556111335754
2056,-0.09738937226128358,-0.06504634022712708,-0.104673370718956
2057,-0.04084070449666732,-0.03653649985790253,-0.051966555416584015
2058,0.031415926535897934,0.007314631715416908,0.015111424028873444
2059,0.10995574287564276,0.062074486166238785,0.08983952552080154
2060,0.18849555921538758,0.1226620078086853,0.16501538455486298
2061,0.257610597594363,0.18402869999408722,0.23376686871051788
2062,0.3141592653589793,0.24164949357509613,0.2903827726840973
2063,0.3518583772020568,0.29179903864860535,0.33097556233406067
2064,0.37070793312359557,0.33167576789855957,0.35371285676956177
2065,0.3675663404700058,0.35942596197128296,0.3585905134677887
2066,0.3518583772020568,0.3740692138671875,0.34695902466773987
2067,0.32358404331974866,0.3753242790699005,0.32099494338035583
2068,0.2827433388230814,0.36338984966278076,0.2832537889480591
2069,0.23561944901923448,0.33877208828926086,0.2364155501127243
2070,0.1790707812546182,0.30223456025123596,0.18322183191776276
2071,0.12252211349000193,0.25488942861557007,0.1265251338481903
2072,0.06283185307179587,0.19838710129261017,0.06937539577484131
2073,0.00942477796076938,0.1351224184036255,0.015074310824275017
2074,-0.03769911184307752,0.0683727115392685,-0.03287215530872345
2075,-0.07225663103256524,0.0023025907576084137,-0.07094861567020416
2076,-0.09424777960769379,-0.05820826441049576,-0.0959547758102417
2077,-0.09738937226128358,-0.10793891549110413,-0.10537073016166687
2078,-0.0879645943005142,-0.14188362658023834,-0.09766809642314911
2079,-0.06283185307179587,-0.1559145599603653,-0.07253948599100113
2080,-0.02199114857512855,-0.14743594825267792,-0.03109929710626602
2081,0.031415926535897934,-0.11593089997768402,0.02390599623322487
2082,0.09738937226128358,-0.06334290653467178,0.0879223570227623
2083,0.16336281798666927,0.0057484060525894165,0.15459349751472473
2084,0.22305307840487532,0.08423423767089844,0.21613545715808868
2085,0.2701769682087222,0.16296598315238953,0.26420021057128906
2086,0.2984513020910304,0.23167425394058228,0.2910887598991394
2087,0.29216811678385074,0.28020673990249634,0.29081666469573975
2088,0.2607521902479529,0.2998197674751282,0.2595841884613037
2089,0.19477874452256716,0.28424927592277527,0.19593322277069092
2090,0.09738937226128358,0.23047786951065063,0.10114671289920807
2091,-0.025132741228718346,0.13932187855243683,-0.02018757537007332
2092,-0.16650441064025903,0.01593516394495964,-0.15976200997829437
2093,-0.3141592653589793,-0.12996774911880493,-0.3057238459587097
2094,-0.44924774946334045,-0.2846633791923523,-0.4439600110054016
2095,-0.562345084992573,-0.4321320950984955,-0.5600661039352417
2096,-0.6440264939859076,-0.5566790103912354,-0.6414661407470703
2097,-0.6817256058289851,-0.6454888582229614,-0.6794995069503784
2098,-0.669159235214626,-0.690093994140625,-0.6700725555419922
2099,-0.6094689747964198,-0.6865489482879639,-0.6126319169998169
2100,-0.5026548245743669,-0.6349657773971558,-0.5096826553344727
2101,-0.36442474781641604,-0.5391453504562378,-0.3677312135696411
2102,-0.1916371518689774,-0.40650415420532227,-0.1979394406080246
2103,-0.00942477796076938,-0.24797114729881287,-0.01514260470867157
2104,0.16650441064025903,-0.07736654579639435,0.16381952166557312
2105,0.3204424506661589,0.0900152251124382,0.32161110639572144
2106,0.4366813788489812,0.2393987774848938,0.4418378472328186
2107,0.5057964172279567,0.3584751486778259,0.5123134851455688
2108,0.5183627878423158,0.4387196898460388,0.5280274152755737
2109,0.48380526865282814,0.47590845823287964,0.490254282951355
2110,0.40212385965949354,0.4700656831264496,0.4058176875114441
2111,0.28588493147667116,0.4251733422279358,0.28559011220932007
2112,0.14765485471872028,0.34875980019569397,0.14294902980327606
2113,0.006283185307179587,0.25124555826187134,-0.006043300032615662
2114,-0.1288052987971815,0.14491139352321625,-0.1432953029870987
2115,-0.2324778563656447,0.04257601872086525,-0.25103694200515747
2116,-0.2984513020910304,-0.043760403990745544,-0.31583231687545776
2117,-0.3141592653589793,-0.10406696796417236,-0.3313238322734833
2118,-0.2796017461694916,-0.13112834095954895,-0.2963830232620239
2119,-0.19477874452256716,-0.12111195921897888,-0.21283632516860962
2120,-0.07225663103256524,-0.07392915338277817,-0.08614101260900497
2121,0.08482300164692441,0.006584664806723595,0.07368774712085724
2122,0.25446900494077324,0.11275843530893326,0.2525200843811035
2123,0.4303981935418017,0.23360291123390198,0.4331594407558441
2124,0.5874778262212914,0.35586947202682495,0.5967425107955933
2125,0.713141532364883,0.4656018614768982,0.7250266075134277
2126,0.7853981633974483,0.549893856048584,0.8039125204086304
2127,0.8073893119725768,0.5983613729476929,0.8247650861740112
2128,0.7665486074759096,0.6039291620254517,0.7842472791671753
2129,0.6628760499074464,0.5629895925521851,0.683296799659729
2130,0.5026548245743669,0.47539588809013367,0.5252156257629395
2131,0.2984513020910304,0.344732403755188,0.3171231150627136
2132,0.053407075111026485,0.1789143681526184,0.07268142700195312
2133,-0.20106192982974677,-0.009335681796073914,-0.18673910200595856
2134,-0.4429645641561608,-0.20290568470954895,-0.4355824589729309
2135,-0.6503096792930871,-0.38217979669570923,-0.6512678861618042
2136,-0.8011061266653973,-0.5281451940536499,-0.8142119646072388
2137,-0.8827875356587318,-0.6254787445068359,-0.9070992469787598
2138,-0.8859291283123216,-0.6641883850097656,-0.9203789234161377
2139,-0.8073893119725768,-0.6395262479782104,-0.8508626222610474
2140,-0.6503096792930871,-0.5513122081756592,-0.6992185115814209
2141,-0.4272566008882119,-0.403995543718338,-0.47360876202583313
2142,-0.14765485471872028,-0.20774932205677032,-0.19313795864582062
2143,0.16650441064025903,0.020356930792331696,0.1172751784324646
2144,0.4680973053848792,0.25673723220825195,0.42736780643463135
2145,0.7382742735936014,0.4743862748146057,0.7053987979888916
2146,0.9424777960769379,0.6481424570083618,0.9239557981491089
2147,1.0618583169133502,0.7594904899597168,1.0587916374206543
2148,1.0869910581420683,0.7981791496276855,1.1001899242401123
2149,1.0147344271095031,0.7608335018157959,1.0420292615890503
2150,0.8482300164692441,0.649368405342102,0.8870549201965332
2151,0.5969026041820608,0.4713991582393646,0.6442868709564209
2152,0.289026524130261,0.24222905933856964,0.33398792147636414
2153,-0.053407075111026485,-0.014124158769845963,-0.011989537626504898
2154,-0.39584067435231396,-0.26739537715911865,-0.3541647493839264
2155,-0.6848671984825748,-0.4870280921459198,-0.655825138092041
2156,-0.9173450548482196,-0.6486368179321289,-0.8891851902008057
2157,-1.046150353645401,-0.7373329401016235,-1.0313243865966797
2158,-1.0712830948741194,-0.7469152212142944,-1.069839358329773
2159,-0.9927432785343747,-0.6774061918258667,-1.0035207271575928
2160,-0.8136724972797564,-0.5341156721115112,-0.8388782739639282
2161,-0.5560618996853934,-0.32917243242263794,-0.589430570602417
2162,-0.2324778563656447,-0.08347505331039429,-0.27943098545074463
2163,0.10995574287564276,0.17429368197917938,0.0606657937169075
2164,0.43982297150257105,0.4127238988876343,0.39415243268013
2165,0.7257079029792423,0.6043076515197754,0.6841232776641846
2166,0.9330530181161686,0.7299661636352539,0.9022107124328613
2167,1.049291946298991,0.7796400785446167,1.0248161554336548
2168,1.0587167242597602,0.7502627372741699,1.0470921993255615
2169,0.9676105373056563,0.644036054611206,0.9672727584838867
2170,0.7791149780902686,0.46886855363845825,0.7919710874557495
2171,0.515221195188726,0.24024434387683868,0.5352344512939453
2172,0.19792033717615698,-0.018405698239803314,0.22112302482128143
2173,-0.1413716694115407,-0.2789213955402374,-0.11804310977458954
2174,-0.47752208334564855,-0.5138354301452637,-0.4456123113632202
2175,-0.7634070148223198,-0.7010946273803711,-0.7311381101608276
2176,-0.9896016858807849,-0.8265633583068848,-0.9571831226348877
2177,-1.1372565405995052,-0.8841888904571533,-1.1110925674438477
2178,-1.2063715789784806,-0.8744311332702637,-1.1825472116470337
2179,-1.1969468010177111,-0.8023717403411865,-1.171822428703308
2180,-1.108982206717197,-0.6766772270202637,-1.087159514427185
2181,-0.9550441666912971,-0.5090919733047485,-0.9363998174667358
2182,-0.7351326809400116,-0.31349247694015503,-0.7266916036605835
2183,-0.47123889803846897,-0.1044008731842041,-0.47021153569221497
2184,-0.1759291886010284,0.10420460999011993,-0.18529601395130157
2185,0.1288052987971815,0.29940563440322876,0.10810212790966034
2186,0.41154863762026295,0.46993932127952576,0.3899572491645813
2187,0.6597344572538566,0.6073166131973267,0.6414071321487427
2188,0.8670795723907829,0.7066860198974609,0.8448413610458374
2189,1.0115928344559133,0.7667355537414551,0.9883437156677246
2190,1.0964158361028378,0.7888921499252319,1.073136329650879
2191,1.124690169985146,0.7763886451721191,1.1033778190612793
2192,1.0901326507956584,0.7334761619567871,1.078816294670105
2193,1.0084512418023235,0.664852499961853,1.0003761053085327
2194,0.8733627576979625,0.5753962993621826,0.8729797601699829
2195,0.7037167544041136,0.47019580006599426,0.7054786682128906
2196,0.4995132319207771,0.3546442985534668,0.5091567635536194
2197,0.28588493147667116,0.23439481854438782,0.2964930832386017
2198,0.06597344572538566,0.11520814895629883,0.08168946206569672
2199,-0.13823007675795088,0.0027975905686616898,-0.11908100545406342
2200,-0.3078760800517997,-0.09737828373908997,-0.2896188795566559
2201,-0.4303981935418017,-0.18050351738929749,-0.41722235083580017
2202,-0.5089380098815465,-0.2429383397102356,-0.4954822361469269
2203,-0.5340707511102648,-0.28267303109169006,-0.5235918760299683
2204,-0.515221195188726,-0.299530953168869,-0.5042487382888794
2205,-0.4523893421169302,-0.29512012004852295,-0.44345635175704956
2206,-0.3581415625092364,-0.27259930968284607,-0.35086143016815186
2207,-0.24504422698000386,-0.2362983524799347,-0.23895680904388428
2208,-0.12252211349000193,-0.19121500849723816,-0.12120424211025238
2209,-0.006283185307179587,-0.14243656396865845,-0.010173391550779343
2210,0.09424777960769379,-0.09454680979251862,0.08352841436862946
2211,0.16650441064025903,-0.05108267068862915,0.15227966010570526
2212,0.21362830044410594,-0.014129523187875748,0.19262494146823883
2213,0.2261946710584651,0.015843108296394348,0.2053571194410324
2214,0.21362830044410594,0.03985336050391197,0.19475357234477997
2215,0.18849555921538758,0.06002487987279892,0.16768518090248108
2216,0.15393804002589986,0.07903443276882172,0.13229280710220337
2217,0.11938052083641214,0.09947260469198227,0.09651890397071838
2218,0.0879645943005142,0.12320000678300858,0.06692183017730713
2219,0.06911503837897544,0.15080291032791138,0.0478062778711319
2220,0.06283185307179587,0.18125925958156586,0.0407659187912941
2221,0.06597344572538566,0.2119026929140091,0.0447683185338974
2222,0.06911503837897544,0.23871971666812897,0.05665746331214905
2223,0.07225663103256524,0.2569502592086792,0.07185173034667969
2224,0.07225663103256524,0.2618829011917114,0.08517996966838837
2225,0.07225663103256524,0.24968671798706055,0.091843381524086
2226,0.06597344572538566,0.21812917292118073,0.08833980560302734
2227,0.05654866776461628,0.1670992374420166,0.07314036041498184
2228,0.04084070449666732,0.09891193360090256,0.04700912535190582
2229,0.015707963267948967,0.018356943503022194,0.012952296063303947
2230,-0.006283185307179587,-0.06760026514530182,-0.02422339841723442
2231,-0.031415926535897934,-0.15056197345256805,-0.05874333530664444
2232,-0.047123889803846894,-0.22185266017913818,-0.08495620638132095
2233,-0.05026548245743669,-0.2738310992717743,-0.09840309619903564
2234,-0.0439822971502571,-0.3010007441043854,-0.09658834338188171
2235,-0.031415926535897934,-0.3006909191608429,-0.07935663312673569
2236,-0.00942477796076938,-0.27333155274391174,-0.04894988238811493
2237,0.015707963267948967,-0.2224523425102234,-0.009834084659814835
2238,0.0439822971502571,-0.15445581078529358,0.03172709420323372
2239,0.06283185307179587,-0.07806479930877686,0.06844842433929443
2240,0.07225663103256524,-0.0033353865146636963,0.0931481271982193
2241,0.06283185307179587,0.059693604707717896,0.09997344017028809
2242,0.0439822971502571,0.1024179458618164,0.08530591428279877
2243,0.0031415926535897933,0.11881080269813538,0.04815004765987396
2244,-0.05026548245743669,0.1061273068189621,-0.009716358035802841
2245,-0.11623892818282235,0.06522325426340103,-0.08359141647815704
2246,-0.1916371518689774,0.0005653537809848785,-0.16597212851047516
2247,-0.26389378290154264,-0.08012492209672928,-0.24729207158088684
2248,-0.32358404331974866,-0.16673149168491364,-0.3172479569911957
2249,-0.3581415625092364,-0.24809175729751587,-0.36644411087036133
2250,-0.3675663404700058,-0.3135344982147217,-0.38782694935798645
2251,-0.3455751918948773,-0.35417696833610535,-0.37727999687194824
2252,-0.29530970943744056,-0.36371180415153503,-0.3333970308303833
2253,-0.21362830044410594,-0.3387151062488556,-0.25717228651046753
2254,-0.10681415022205297,-0.2787077724933624,-0.1521395742893219
2255,0.02199114857512855,-0.18616624176502228,-0.024609845131635666
2256,0.16022122533307945,-0.06649851053953171,0.11653564870357513
2257,0.29216811678385074,0.07217773795127869,0.26044830679893494
2258,0.4146902302738527,0.219636008143425,0.39529380202293396
2259,0.515221195188726,0.36455056071281433,0.5098118782043457
2260,0.5906194188748811,0.49576714634895325,0.5951963663101196
2261,0.6314601233715484,0.6035854816436768,0.6462479829788208
2262,0.637743308678728,0.6807653903961182,0.6612716913223267
2263,0.6126105674500096,0.7230197191238403,0.6415097713470459
2264,0.5592034923389833,0.7289514541625977,0.5903335809707642
2265,0.48066367599923837,0.6996351480484009,0.5124051570892334
2266,0.38641589639154456,0.6381081342697144,0.4134067893028259
2267,0.273318560862312,0.5489132404327393,0.300071120262146
2268,0.16022122533307945,0.4377310574054718,0.1800891011953354
2269,0.047123889803846894,0.31110602617263794,0.06187800318002701
2270,-0.05026548245743669,0.17624253034591675,-0.04595901072025299
2271,-0.1350884841043611,0.040788039565086365,-0.1356479823589325
2272,-0.19792033717615698,-0.08750150352716446,-0.2014332264661789
2273,-0.2324778563656447,-0.20124435424804688,-0.2402755320072174
2274,-0.23876104167282428,-0.2939956486225128,-0.2517363429069519
2275,-0.22305307840487532,-0.36077094078063965,-0.23747354745864868
2276,-0.1916371518689774,-0.3984247148036957,-0.20084638893604279
2277,-0.1413716694115407,-0.4058343470096588,-0.14665573835372925
2278,-0.07853981633974483,-0.3839152455329895,-0.0808691754937172
2279,-0.012566370614359173,-0.3355318307876587,-0.010275542736053467
2280,0.05026548245743669,-0.26534751057624817,0.05794574320316315
2281,0.10681415022205297,-0.1795976758003235,0.11681780219078064
2282,0.14765485471872028,-0.08573000878095627,0.16033677756786346
2283,0.16964600329384882,0.008128456771373749,0.18419046700000763
2284,0.16964600329384882,0.09386995434761047,0.18611843883991241
2285,0.15079644737231007,0.16419726610183716,0.16591419279575348
2286,0.11623892818282235,0.21337538957595825,0.12533271312713623
2287,0.06283185307179587,0.23779812455177307,0.06801345944404602
2288,-0.0031415926535897933,0.23628324270248413,-0.0006734989583492279
2289,-0.07225663103256524,0.21009939908981323,-0.07393981516361237
2290,-0.13823007675795088,0.16276924312114716,-0.1441422551870346
2291,-0.19477874452256716,0.099672831594944,-0.20369353890419006
2292,-0.23561944901923448,0.027453314512968063,-0.2461923062801361
2293,-0.25132741228718347,-0.046737171709537506,-0.267347514629364
2294,-0.24504422698000386,-0.11605580151081085,-0.26534247398376465
2295,-0.21991148575128552,-0.17471371591091156,-0.24073722958564758
2296,-0.1759291886010284,-0.21852901577949524,-0.1962573230266571
2297,-0.12252211349000193,-0.2452273964881897,-0.1365954726934433
2298,-0.05654866776461628,-0.2544848322868347,-0.06809400767087936
2299,0.006283185307179587,-0.24773144721984863,0.0018263645470142365
2300,0.06597344572538566,-0.22774958610534668,0.06551973521709442
2301,0.10995574287564276,-0.198112353682518,0.11618826538324356
2302,0.1350884841043611,-0.16254234313964844,0.148957759141922
2303,0.1413716694115407,-0.1242956668138504,0.16159366071224213
2304,0.1288052987971815,-0.08568013459444046,0.15468256175518036
2305,0.10681415022205297,-0.04778124392032623,0.13145393133163452
2306,0.07539822368615504,-0.010420620441436768,0.09737171977758408
2307,0.0439822971502571,0.02766885980963707,0.05942504480481148
2308,0.01884955592153876,0.06848062574863434,0.0251336470246315
2309,0.0031415926535897933,0.11422373354434967,0.0014294832944869995
2310,0.006283185307179587,0.16672123968601227,-0.006342995911836624
2311,0.025132741228718346,0.22680044174194336,0.004971940070390701
2312,0.05969026041820607,0.2937704026699066,0.03618919476866722
2313,0.10995574287564276,0.3650903105735779,0.08582934737205505
2314,0.1759291886010284,0.43632882833480835,0.15013261139392853
2315,0.24818581963359368,0.5014867782592773,0.22310250997543335
2316,0.3204424506661589,0.5536539554595947,0.2968115210533142
2317,0.38013271108436497,0.5858383178710938,0.3621245324611664
2318,0.42411500823462206,0.5917330980300903,0.4098345637321472
2319,0.4366813788489812,0.5662598609924316,0.43193477392196655
2320,0.4209734155810323,0.5058995485305786,0.4225180745124817
2321,0.37070793312359557,0.40896737575531006,0.37815460562705994
2322,0.28588493147667116,0.27602529525756836,0.2980489730834961
2323,0.16964600329384882,0.11055966466665268,0.18399681150913239
2324,0.02199114857512855,-0.08015694469213486,0.04035082831978798
2325,-0.1445132620651305,-0.28446292877197266,-0.12543092668056488
2326,-0.31730085801256913,-0.4867578446865082,-0.3023032248020172
2327,-0.4932300466135975,-0.6696083545684814,-0.47674599289894104
2328,-0.6440264939859076,-0.817031741142273,-0.6351170539855957
2329,-0.7665486074759096,-0.917275071144104,-0.7651278972625732
2330,-0.8513716091228339,-0.9636428356170654,-0.8563679456710815
2331,-0.8890707209659116,-0.9536217451095581,-0.9013192653656006
2332,-0.8796459430051421,-0.8877233266830444,-0.8957809209823608
2333,-0.8136724972797564,-0.768912672996521,-0.8378010988235474
2334,-0.6942919764433443,-0.602440357208252,-0.726715087890625
2335,-0.5309291584566751,-0.3958483040332794,-0.5641506910324097
2336,-0.32672563597333854,-0.15933842957019806,-0.3565863072872162
2337,-0.0879645943005142,0.093634694814682,-0.11581858992576599
2338,0.16022122533307945,0.3462966978549957,0.14293275773525238
2339,0.40840704496667307,0.5798851251602173,0.40139707922935486
2340,0.6408849013323178,0.7765754461288452,0.6407759189605713
2341,0.835663645854885,0.922843337059021,0.8448578119277954
2342,0.986460093227195,1.0113213062286377,1.000249981880188
2343,1.077566280181299,1.0403484106063843,1.1009069681167603
2344,1.1152653920243765,1.0123873949050903,1.1458386182785034
2345,1.093274243449248,0.9328756332397461,1.1334398984909058
2346,1.017876019763093,0.8097918033599854,1.06361722946167
2347,0.8984954989266809,0.6533606052398682,0.9406260251998901
2348,0.7319910882864218,0.4756174385547638,0.7733995914459229
2349,0.5372123437638546,0.289874404668808,0.5741761922836304
2350,0.3298672286269283,0.10989409685134888,0.35716569423675537
2351,0.11938052083641214,-0.051398493349552155,0.13838887214660645
2352,-0.07225663103256524,-0.18332307040691376,-0.06465213745832443
2353,-0.2293362637120549,-0.2784042954444885,-0.23462623357772827
2354,-0.3424335992412874,-0.3327217996120453,-0.35815557837486267
2355,-0.4052654523130833,-0.345864862203598,-0.429318904876709
2356,-0.4178318229274425,-0.3206786513328552,-0.44840094447135925
2357,-0.38641589639154456,-0.26283133029937744,-0.41909679770469666
2358,-0.3204424506661589,-0.1802016794681549,-0.34835830330848694
2359,-0.2261946710584651,-0.08214308321475983,-0.246815025806427
2360,-0.11623892818282235,0.021306514739990234,-0.12780161201953888
2361,-0.0031415926535897933,0.12022966146469116,-0.005478650331497192
2362,0.10367255756846318,0.20559123158454895,0.10662148892879486
2363,0.18849555921538758,0.26985621452331543,0.19650676846504211
2364,0.24504422698000386,0.3073973059654236,0.2553181052207947
2365,0.2670353755551324,0.31470000743865967,0.27879589796066284
2366,0.25446900494077324,0.29040852189064026,0.266615092754364
2367,0.21048670779051615,0.2352580726146698,0.2210482358932495
2368,0.13823007675795088,0.1519656479358673,0.14648544788360596
2369,0.0439822971502571,0.04515187442302704,0.04892029985785484
2370,-0.06597344572538566,-0.0787133052945137,-0.0644402801990509
2371,-0.18221237390820802,-0.21146827936172485,-0.18513961136341095
2372,-0.2984513020910304,-0.3437015116214752,-0.3037147521972656
2373,-0.40212385965949354,-0.4655614495277405,-0.4105376601219177
2374,-0.48694686130641796,-0.5677958726882935,-0.4969237148761749
2375,-0.546637121724624,-0.6426994800567627,-0.5561428070068359
2376,-0.5749114556069321,-0.6846704483032227,-0.5839166641235352
2377,-0.5686282702997526,-0.6903027296066284,-0.5781652927398682
2378,-0.5277875658030853,-0.6581908464431763,-0.5384238958358765
2379,-0.45553093477052,-0.5887044668197632,-0.46555230021476746
2380,-0.3518583772020568,-0.4839029014110565,-0.36193031072616577
2381,-0.22305307840487532,-0.34764060378074646,-0.2318670153617859
2382,-0.07225663103256524,-0.18582122027873993,-0.0818784162402153
2383,0.0879645943005142,-0.006679270416498184,0.07918567955493927
2384,0.24190263432641407,0.17914816737174988,0.24016910791397095
2385,0.3832743037379548,0.35909050703048706,0.3883347809314728
2386,0.5026548245743669,0.5198845863342285,0.5111575126647949
2387,0.5874778262212914,0.6494030952453613,0.5986465215682983
2388,0.6314601233715484,0.7383712530136108,0.6447412967681885
2389,0.6314601233715484,0.7812250852584839,0.647067666053772
2390,0.5906194188748811,0.7759860754013062,0.6066126823425293
2391,0.515221195188726,0.723688006401062,0.5273670554161072
2392,0.4052654523130833,0.6279338598251343,0.415443480014801
2393,0.273318560862312,0.4947238564491272,0.2787659764289856
2394,0.12566370614359174,0.3323782682418823,0.12721943855285645
2395,-0.02827433388230814,0.15135428309440613,-0.027531012892723083
2396,-0.16650441064025903,-0.036200933158397675,-0.17281360924243927
2397,-0.28588493147667116,-0.21730491518974304,-0.2965165376663208
2398,-0.38013271108436497,-0.37943658232688904,-0.38929158449172974
2399,-0.43353978619539146,-0.5120165348052979,-0.44621285796165466
2400,-0.4523893421169302,-0.607571005821228,-0.46662595868110657
2401,-0.43982297150257105,-0.6621698141098022,-0.45293623208999634
2402,-0.3989822670059037,-0.6751348972320557,-0.40971872210502625
2403,-0.3361504139341079,-0.6483618021011353,-0.3431522846221924
2404,-0.2607521902479529,-0.585599422454834,-0.26032504439353943
2405,-0.17278759594743864,-0.4918302595615387,-0.16839732229709625
2406,-0.07853981633974483,-0.37276917695999146,-0.0739167183637619
2407,0.00942477796076938,-0.23452088236808777,0.01754906214773655
2408,0.09110618695410401,-0.08342587947845459,0.10163037478923798
2409,0.16650441064025903,0.0739719569683075,0.17539186775684357
2410,0.2293362637120549,0.23095600306987762,0.23747895658016205
2411,0.2796017461694916,0.38075441122055054,0.2880033850669861
2412,0.3204424506661589,0.5167971849441528,0.3281477391719818
2413,0.35499996985564664,0.6331313848495483,0.35962313413619995
2414,0.37699111843077515,0.7248998880386353,0.3841543197631836
2415,0.39269908169872414,0.7886900901794434,0.40309658646583557
2416,0.4052654523130833,0.8226298093795776,0.41721585392951965
2417,0.4052654523130833,0.8262863159179688,0.426628440618515
2418,0.4052654523130833,0.8005123138427734,0.43088188767433167
2419,0.4052654523130833,0.7473200559616089,0.429138720035553
2420,0.40212385965949354,0.6697741746902466,0.42041027545928955
2421,0.39584067435231396,0.5718626976013184,0.4037872552871704
2422,0.38013271108436497,0.45832228660583496,0.37862247228622437
2423,0.3581415625092364,0.3344157040119171,0.34464168548583984
2424,0.32672563597333854,0.20565924048423767,0.30197665095329285
2425,0.28588493147667116,0.07752082496881485,0.25113800168037415
2426,0.2324778563656447,-0.04489538073539734,0.19295765459537506
2427,0.17278759594743864,-0.157154843211174,0.12853536009788513
2428,0.10053096491487339,-0.25575053691864014,0.05921623483300209
2429,0.025132741228718346,-0.33825016021728516,-0.01338908076286316
2430,-0.05654866776461628,-0.40327873826026917,-0.08734223246574402
2431,-0.1413716694115407,-0.45034152269363403,-0.16029155254364014
2432,-0.22305307840487532,-0.47954419255256653,-0.22939983010292053
2433,-0.29530970943744056,-0.49129506945610046,-0.2913433909416199
2434,-0.3581415625092364,-0.4860614836215973,-0.34244993329048157
2435,-0.4052654523130833,-0.46423742175102234,-0.37900447845458984
2436,-0.4272566008882119,-0.42615416646003723,-0.3976690471172333
2437,-0.42411500823462206,-0.3722364008426666,-0.3958854675292969
2438,-0.3989822670059037,-0.3032779395580292,-0.3721718192100525
2439,-0.3518583772020568,-0.2207954227924347,-0.32634836435317993
2440,-0.2827433388230814,-0.1274169236421585,-0.2598181366920471
2441,-0.1916371518689774,-0.027237478643655777,-0.17596426606178284
2442,-0.0879645943005142,0.07397209107875824,-0.08055105060338974
2443,0.02199114857512855,0.1688554883003235,0.018159983679652214
2444,0.12252211349000193,0.24898497760295868,0.10991563647985458
2445,0.20420352248333654,0.3057895600795746,0.1837889701128006
2446,0.257610597594363,0.33169370889663696,0.23015160858631134
2447,0.2701769682087222,0.3211776614189148,0.24247580766677856
2448,0.24504422698000386,0.27159616351127625,0.21787837147712708
2449,0.18535396656179778,0.18381531536579132,0.15691706538200378
2450,0.09110618695410401,0.0627826526761055,0.06400172412395477
2451,-0.02827433388230814,-0.08206960558891296,-0.052117086946964264
2452,-0.16022122533307945,-0.2370031476020813,-0.17859435081481934
2453,-0.28588493147667116,-0.38522428274154663,-0.29950496554374695
2454,-0.39269908169872414,-0.5092695951461792,-0.39789432287216187
2455,-0.4586725274241098,-0.5937830209732056,-0.4590231776237488
2456,-0.47752208334564855,-0.6274911165237427,-0.4730534255504608
2457,-0.4429645641561608,-0.6037759780883789,-0.43487420678138733
2458,-0.35499996985564664,-0.5204476118087769,-0.3431335687637329
2459,-0.21362830044410594,-0.37984395027160645,-0.2013528048992157
2460,-0.031415926535897934,-0.18982163071632385,-0.019734639674425125
2461,0.16964600329384882,0.03488751873373985,0.18515236675739288
2462,0.37699111843077515,0.27246999740600586,0.39219486713409424
2463,0.5654866776461628,0.49656400084495544,0.5784182548522949
2464,0.7099999397112933,0.6815141439437866,0.7214958667755127
2465,0.7948229413582177,0.8077467679977417,0.8037573099136353
2466,0.8073893119725768,0.8640011548995972,0.8143869638442993
2467,0.7476990515543708,0.8460270166397095,0.7507131099700928
2468,0.6157521601035995,0.7545022964477539,0.6178723573684692
2469,0.4272566008882119,0.5946927070617676,0.4238860607147217
2470,0.18849555921538758,0.3779599666595459,0.18222591280937195
2471,-0.07853981633974483,0.12333175539970398,-0.08440648764371872
2472,-0.3424335992412874,-0.14312684535980225,-0.3473528325557709
2473,-0.5749114556069321,-0.39217644929885864,-0.5803135633468628
2474,-0.7539822368615503,-0.5971516370773315,-0.7612453699111938
2475,-0.8576547944300136,-0.7386946678161621,-0.8713909387588501
2476,-0.8827875356587318,-0.8061339855194092,-0.9006454944610596
2477,-0.8262388678941156,-0.7957159280776978,-0.8460962772369385
2478,-0.6911503837897546,-0.7082628011703491,-0.7093225717544556
2479,-0.47752208334564855,-0.5486297607421875,-0.498392790555954
2480,-0.21048670779051615,-0.3270947337150574,-0.2302434742450714
2481,0.0879645943005142,-0.060897938907146454,0.07366675138473511
2482,0.4052654523130833,0.225991889834404,0.3899310827255249
2483,0.7005751617505239,0.5054764747619629,0.6923942565917969
2484,0.9613273519984767,0.7498748302459717,0.959852933883667
2485,1.156106096521044,0.9373177289962769,1.1708637475967407
2486,1.2943361732789946,1.0553020238876343,1.3146418333053589
2487,1.3571680263507906,1.1001027822494507,1.3898048400878906
2488,1.3477432483900214,1.0735691785812378,1.3901797533035278
2489,1.2660618393966865,0.9807265996932983,1.3152621984481812
2490,1.1121237993707869,0.8291410207748413,1.1677253246307373
2491,0.8890707209659116,0.6287426948547363,0.9499517679214478
2492,0.6126105674500096,0.3915776014328003,0.6697132587432861
2493,0.29216811678385074,0.1319393515586853,0.3426508605480194
2494,-0.04084070449666732,-0.13325995206832886,-0.009111426770687103
2495,-0.38013271108436497,-0.3849826157093048,-0.3573814630508423
2496,-0.6754424205218055,-0.6043084859848022,-0.6724721193313599
2497,-0.9267698328089891,-0.7756526470184326,-0.936214804649353
2498,-1.1184069846779665,-0.8890349864959717,-1.1397885084152222
2499,-1.2440706908215582,-0.9402207136154175,-1.2742490768432617
2500,-1.2974777659325847,-0.9293336868286133,-1.3348960876464844
2501,-1.2660618393966865,-0.8594515323638916,-1.3220524787902832
2502,-1.156106096521044,-0.7359957695007324,-1.2362126111984253
2503,-0.9801769079200154,-0.5667426586151123,-1.0781527757644653
2504,-0.7414158662471911,-0.3620964586734772,-0.8516494035720825
2505,-0.44924774946334045,-0.13538858294487,-0.5672308206558228
2506,-0.12252211349000193,0.09718994051218033,-0.2454281449317932
2507,0.20106192982974677,0.31758326292037964,0.08899415284395218
2508,0.5026548245743669,0.5080908536911011,0.40699106454849243
2509,0.7476990515543708,0.6542012691497803,0.6808983087539673
2510,0.9299114254625788,0.7466577291488647,0.8902448415756226
2511,1.033583983031042,0.7818689346313477,1.0205458402633667
2512,1.0555751316061706,0.7611085176467896,1.0747729539871216
2513,1.002168056495144,0.6895992755889893,1.0552148818969727
2514,0.8859291283123216,0.5759974718093872,0.9630770683288574
2515,0.7099999397112933,0.4319396913051605,0.807569146156311
2516,0.4932300466135975,0.27115797996520996,0.6053253412246704
2517,0.2607521902479529,0.1080685630440712,0.37716472148895264
2518,0.031415926535897934,-0.043892934918403625,0.14384396374225616
2519,-0.1759291886010284,-0.17384186387062073,-0.07535522431135178
2520,-0.33929200658769765,-0.274602472782135,-0.2621905207633972
2521,-0.45553093477052,-0.3432259261608124,-0.4029771685600281
2522,-0.5215043804959058,-0.38086503744125366,-0.49316278100013733
2523,-0.5403539364174444,-0.3921990692615509,-0.5358599424362183
2524,-0.5215043804959058,-0.3845389783382416,-0.5386252403259277
2525,-0.47438049069205873,-0.3665930926799774,-0.5120211839675903
2526,-0.4146902302738527,-0.34692227840423584,-0.468166321516037
2527,-0.35499996985564664,-0.3323458731174469,-0.41853758692741394
2528,-0.30159289474462014,-0.32669103145599365,-0.371767520904541
2529,-0.2607521902479529,-0.3301704227924347,-0.33243387937545776
2530,-0.2324778563656447,-0.3394680917263031,-0.3010338842868805
2531,-0.21676989309769573,-0.34847134351730347,-0.2746899724006653
2532,-0.20734511513692636,-0.34948116540908813,-0.24830013513565063
2533,-0.19477874452256716,-0.3346485495567322,-0.21584272384643555
2534,-0.17278759594743864,-0.2973579466342926,-0.17161400616168976
2535,-0.13194689145077132,-0.23335453867912292,-0.11146384477615356
2536,-0.07225663103256524,-0.14157885313034058,-0.033919431269168854
2537,0.006283185307179587,-0.0248020738363266,0.05891804397106171
2538,0.10053096491487339,0.10993403941392899,0.161011204123497
2539,0.19792033717615698,0.25140297412872314,0.2629716396331787
2540,0.28588493147667116,0.3853897154331207,0.3534964919090271
2541,0.3581415625092364,0.49716153740882874,0.42127105593681335
2542,0.3989822670059037,0.5743199586868286,0.45698025822639465
2543,0.4052654523130833,0.6086834669113159,0.4548392593860626
2544,0.3738495257771854,0.5967717170715332,0.4135318398475647
2545,0.3141592653589793,0.5395753383636475,0.3367527425289154
2546,0.22305307840487532,0.44241470098495483,0.23277923464775085
2547,0.11938052083641214,0.31503111124038696,0.11364297568798065
2548,0.012566370614359173,0.17139960825443268,-0.005458328872919083
2549,-0.08168140899333463,0.028539370745420456,-0.1075318455696106
2550,-0.1445132620651305,-0.09592977166175842,-0.17709077894687653
2551,-0.16964600329384882,-0.1867145597934723,-0.20405058562755585
2552,-0.15079644737231007,-0.23298168182373047,-0.18454813957214355
2553,-0.09110618695410401,-0.22916638851165771,-0.11933930218219757
2554,0.00942477796076938,-0.1750311553478241,-0.013319037854671478
2555,0.1413716694115407,-0.07577043026685715,0.12381420284509659
2556,0.28588493147667116,0.05781419575214386,0.2777390480041504
2557,0.4272566008882119,0.20986951887607574,0.4309048652648926
2558,0.5529203070318035,0.36148861050605774,0.5644103288650513
2559,0.6408849013323178,0.493847131729126,0.6606743335723877
2560,0.6785840131753953,0.5912336111068726,0.7066110372543335
2561,0.6660176425610361,0.6427663564682007,0.6951173543930054
2562,0.5906194188748811,0.6425881385803223,0.6260548830032349
2563,0.47123889803846897,0.5893322229385376,0.5045167207717896
2564,0.30159289474462014,0.4857710003852844,0.337941974401474
2565,0.10367255756846318,0.3389545679092407,0.13729940354824066
2566,-0.10367255756846318,0.1603819578886032,-0.08103736490011215
2567,-0.3141592653589793,-0.034600481390953064,-0.2970465123653412
2568,-0.49637163926718736,-0.22852137684822083,-0.49106457829475403
2569,-0.6408849013323178,-0.4041493535041809,-0.6461606025695801
2570,-0.7319910882864218,-0.5467410087585449,-0.7494057416915894
2571,-0.7634070148223198,-0.6456297636032104,-0.7941333055496216
2572,-0.7414158662471911,-0.6948474645614624,-0.7792414426803589
2573,-0.6628760499074464,-0.6927915811538696,-0.7068991661071777
2574,-0.5372123437638546,-0.6414271593093872,-0.5822676420211792
2575,-0.3675663404700058,-0.5456010103225708,-0.41434115171432495
2576,-0.1759291886010284,-0.4126220941543579,-0.2159813642501831
2577,0.03455751918948772,-0.25192511081695557,-0.0023439526557922363
2578,0.2324778563656447,-0.07468818873167038,0.2103719860315323
2579,0.40840704496667307,0.10663499683141708,0.4051413834095001
2580,0.5560618996853934,0.27901941537857056,0.5647832155227661
2581,0.6534512719466771,0.42998579144477844,0.6755169630050659
2582,0.7005751617505239,0.5489616394042969,0.7309426069259644
2583,0.6911503837897546,0.6283648014068604,0.7303823232650757
2584,0.6283185307179586,0.6640044450759888,0.6763644218444824
2585,0.5246459731494955,0.65486741065979,0.574202299118042
2586,0.38013271108436497,0.6026939153671265,0.4316638708114624
2587,0.21048670779051615,0.5116667151451111,0.25937288999557495
2588,0.02827433388230814,0.38826289772987366,0.0708935484290123
2589,-0.1445132620651305,0.24112233519554138,-0.11803674697875977
2590,-0.30159289474462014,0.08075114339590073,-0.2906774878501892
2591,-0.42411500823462206,-0.08109308034181595,-0.43115803599357605
2592,-0.5057964172279567,-0.2324046492576599,-0.527529239654541
2593,-0.5403539364174444,-0.36222079396247864,-0.5741491317749023
2594,-0.5246459731494955,-0.4618980288505554,-0.5706710815429688
2595,-0.47123889803846897,-0.5259968042373657,-0.5202447175979614
2596,-0.38013271108436497,-0.5525755882263184,-0.4293692409992218
2597,-0.26389378290154264,-0.5429929494857788,-0.3082389235496521
2598,-0.1350884841043611,-0.5014591217041016,-0.17018204927444458
2599,-0.006283185307179587,-0.43447771668434143,-0.03011467307806015
2600,0.10995574287564276,-0.3501507043838501,0.09701722115278244
2601,0.19792033717615698,-0.25730228424072266,0.1975947767496109
2602,0.25132741228718347,-0.16448605060577393,0.26154613494873047
2603,0.2607521902479529,-0.07903794944286346,0.2844155728816986
2604,0.23561944901923448,-0.006341300904750824,0.26700282096862793
2605,0.18221237390820802,0.05059418827295303,0.21449704468250275
2606,0.10681415022205297,0.0912100076675415,0.136089026927948
2607,0.01884955592153876,0.11715257167816162,0.043664705008268356
2608,-0.07225663103256524,0.13175183534622192,-0.049579039216041565
2609,-0.14765485471872028,0.13929271697998047,-0.13046738505363464
2610,-0.19792033717615698,0.14418086409568787,-0.18797476589679718
2611,-0.21676989309769573,0.15013450384140015,-0.2153330147266388
2612,-0.20420352248333654,0.15954215824604034,-0.21052421629428864
2613,-0.16650441064025903,0.17309188842773438,-0.175296813249588
2614,-0.10053096491487339,0.18971532583236694,-0.11430618166923523
2615,-0.01884955592153876,0.2068413347005844,-0.034855373203754425
2616,0.07539822368615504,0.22091884911060333,0.05364208668470383
2617,0.16336281798666927,0.22813089191913605,0.14074042439460754
2618,0.23876104167282428,0.22516439855098724,0.21632735431194305
2619,0.29530970943744056,0.2098829448223114,0.2721805274486542
2620,0.32358404331974866,0.1817941963672638,0.3033234775066376
2621,0.3204424506661589,0.14227479696273804,0.3085159361362457
2622,0.2984513020910304,0.09454576671123505,0.2899395525455475
2623,0.257610597594363,0.043386101722717285,0.25258713960647583
2624,0.20734511513692636,-0.005424764007329941,0.20333842933177948
2625,0.15079644737231007,-0.04588098078966141,0.14981836080551147
2626,0.10053096491487339,-0.0725918635725975,0.09939245134592056
2627,0.05654866776461628,-0.08150351792573929,0.05828846991062164
2628,0.031415926535897934,-0.0703771635890007,0.03081836737692356
2629,0.02199114857512855,-0.03901179879903793,0.018967650830745697
2630,0.02827433388230814,0.010748013854026794,0.0225180983543396
2631,0.0439822971502571,0.07519719004631042,0.039526425302028656
2632,0.06597344572538566,0.1491619348526001,0.0668758898973465
2633,0.09424777960769379,0.22659291326999664,0.10079825669527054
2634,0.12566370614359174,0.30127984285354614,0.13737788796424866
2635,0.15707963267948966,0.3675374686717987,0.17300567030906677
2636,0.18535396656179778,0.42072024941444397,0.20471400022506714
2637,0.20734511513692636,0.4574931859970093,0.2303338348865509
2638,0.22305307840487532,0.47586190700531006,0.24845466017723083
2639,0.2293362637120549,0.4750030040740967,0.25821852684020996
2640,0.2293362637120549,0.45495274662971497,0.2590300440788269
2641,0.2261946710584651,0.41623952984809875,0.2502862215042114
2642,0.21362830044410594,0.3595714271068573,0.23121891915798187
2643,0.19792033717615698,0.2856934666633606,0.20090121030807495
2644,0.16650441064025903,0.19549016654491425,0.15841999650001526
2645,0.12566370614359174,0.09032271802425385,0.1031792089343071
2646,0.06597344572538566,-0.02748773992061615,0.03530207648873329
2647,-0.006283185307179587,-0.15416742861270905,-0.0439005047082901
2648,-0.09424777960769379,-0.2841446101665497,-0.1314578354358673
2649,-0.18535396656179778,-0.41003847122192383,-0.22243133187294006
2650,-0.273318560862312,-0.5231456756591797,-0.3100138008594513
2651,-0.35499996985564664,-0.6144120693206787,-0.3862016201019287
2652,-0.4209734155810323,-0.6756069660186768,-0.442963182926178
2653,-0.45553093477052,-0.7002873420715332,-0.4735167920589447
2654,-0.4618141200776996,-0.6843150854110718,-0.47316595911979675
2655,-0.43353978619539146,-0.6260232925415039,-0.4395090341567993
2656,-0.37070793312359557,-0.526307225227356,-0.37245652079582214
2657,-0.2796017461694916,-0.38885173201560974,-0.2745153307914734
2658,-0.15707963267948966,-0.22052249312400818,-0.1512777954339981
2659,-0.01884955592153876,-0.031732961535453796,-0.01164763793349266
2660,0.12252211349000193,0.16365163028240204,0.13256481289863586
2661,0.257610597594363,0.34943637251853943,0.26772862672805786
2662,0.37070793312359557,0.5094079375267029,0.3801223337650299
2663,0.44924774946334045,0.6300702095031738,0.4583067297935486
2664,0.48694686130641796,0.7024950981140137,0.49526575207710266
2665,0.48066367599923837,0.7226393222808838,0.48884159326553345
2666,0.4366813788489812,0.6906747817993164,0.441466748714447
2667,0.3581415625092364,0.6103001832962036,0.3596161901950836
2668,0.25446900494077324,0.48841917514801025,0.25224992632865906
2669,0.1350884841043611,0.33489087224006653,0.12979532778263092
2670,0.00942477796076938,0.1619289070367813,0.0038760416209697723
2671,-0.10367255756846318,-0.01696734130382538,-0.1135089099407196
2672,-0.20420352248333654,-0.18836046755313873,-0.2116307020187378
2673,-0.2796017461694916,-0.34024062752723694,-0.28301382064819336
2674,-0.3204424506661589,-0.46318289637565613,-0.3246119022369385
2675,-0.33300882128051806,-0.5510718822479248,-0.337314248085022
2676,-0.32358404331974866,-0.6012159585952759,-0.32462745904922485
2677,-0.29216811678385074,-0.6138838529586792,-0.29162535071372986
2678,-0.24818581963359368,-0.59150230884552,-0.2440764605998993
2679,-0.19477874452256716,-0.5377652645111084,-0.1875428557395935
2680,-0.13823007675795088,-0.45682939887046814,-0.12664198875427246
2681,-0.07853981633974483,-0.35278913378715515,-0.0646466314792633
2682,-0.015707963267948967,-0.22959119081497192,-0.0034346356987953186
2683,0.0439822971502571,-0.09134505689144135,0.05626750737428665
2684,0.10367255756846318,0.05724713206291199,0.11442132294178009
2685,0.16650441064025903,0.2105444222688675,0.17109541594982147
2686,0.22305307840487532,0.3617372214794159,0.22589987516403198
2687,0.2796017461694916,0.5028565526008606,0.27757179737091064
2688,0.32672563597333854,0.6252536773681641,0.3238203227519989
2689,0.36442474781641604,0.7205568552017212,0.36147111654281616
2690,0.38641589639154456,0.7817531824111938,0.3868817090988159
2691,0.39269908169872414,0.8039883375167847,0.3965570330619812
2692,0.38013271108436497,0.7849445343017578,0.3878616690635681
2693,0.35499996985564664,0.7249476909637451,0.35972732305526733
2694,0.31101767270538955,0.6270052194595337,0.3132202625274658
2695,0.25132741228718347,0.4968731701374054,0.25182628631591797
2696,0.18221237390820802,0.34309616684913635,0.18135234713554382
2697,0.11309733552923255,0.17682527005672455,0.1093749925494194
2698,0.047123889803846894,0.011080758646130562,0.044156063348054886
2699,-0.006283185307179587,-0.14079344272613525,-0.006919208914041519
2700,-0.03769911184307752,-0.2672276198863983,-0.03894975781440735
2701,-0.047123889803846894,-0.3602777421474457,-0.050542980432510376
2702,-0.04084070449666732,-0.4165511429309845,-0.044033728539943695
2703,-0.02827433388230814,-0.43721291422843933,-0.025157537311315536
2704,-0.012566370614359173,-0.42750707268714905,-0.002345290035009384
2705,-0.006283185307179587,-0.3960515558719635,0.014487462118268013
2706,-0.012566370614359173,-0.3537978231906891,0.015652727335691452
2707,-0.03769911184307752,-0.3124658465385437,-0.006637547165155411
2708,-0.08482300164692441,-0.2825520932674408,-0.057314276695251465
2709,-0.16022122533307945,-0.2713204622268677,-0.13773827254772186
2710,-0.257610597594363,-0.2812570631504059,-0.24410733580589294
2711,-0.37070793312359557,-0.30938154458999634,-0.3660566508769989
2712,-0.48380526865282814,-0.34766119718551636,-0.48792096972465515
2713,-0.5811946409141117,-0.38446611166000366,-0.5920711755752563
2714,-0.6440264939859076,-0.40661534667015076,-0.6617695093154907
2715,-0.6597344572538566,-0.4014829099178314,-0.682995080947876
2716,-0.6188937527571892,-0.3587970733642578,-0.64508056640625
2717,-0.5120796025351363,-0.27195483446121216,-0.5405333042144775
2718,-0.3361504139341079,-0.13904418051242828,-0.367189884185791
2719,-0.11309733552923255,0.03585488349199295,-0.134320467710495
2720,0.15079644737231007,0.24091388285160065,0.1380186676979065
2721,0.4366813788489812,0.4557015299797058,0.4240643084049225
2722,0.7005751617505239,0.6538515090942383,0.6964737176895142
2723,0.9267698328089891,0.8097635507583618,0.9331037998199463
2724,1.0869910581420683,0.9050297737121582,1.1084692478179932
2725,1.1749556524425828,0.9300899505615234,1.2012860774993896
2726,1.1749556524425828,0.8821300268173218,1.2026199102401733
2727,1.0838494654884787,0.763207197189331,1.1135098934173584
2728,0.91106186954104,0.5804754495620728,0.9383653402328491
2729,0.6660176425610361,0.34780609607696533,0.6872479915618896
2730,0.3612831551628262,0.08749471604824066,0.38274890184402466
2731,0.04084070449666732,-0.17043811082839966,0.05765378102660179
2732,-0.2607521902479529,-0.3939451277256012,-0.252419650554657
2733,-0.5120796025351363,-0.5571128129959106,-0.5145484209060669
2734,-0.6911503837897546,-0.6444836854934692,-0.6984225511550903
2735,-0.7759733854366789,-0.6497068405151367,-0.787344217300415
2736,-0.7602654221687299,-0.5725308656692505,-0.7775496244430542
2737,-0.6471680866394973,-0.4182372987270355,-0.6714472770690918
2738,-0.4586725274241098,-0.19992488622665405,-0.47963157296180725
2739,-0.20106192982974677,0.0593021959066391,-0.2228080928325653
2740,0.09110618695410401,0.3279804587364197,0.07007795572280884
2741,0.37699111843077515,0.5725198984146118,0.36532843112945557
2742,0.6408849013323178,0.7647268772125244,0.6315547227859497
2743,0.835663645854885,0.8862594366073608,0.8408385515213013
2744,0.9581857593448869,0.9282630681991577,0.967120885848999
2745,0.9896016858807849,0.888310432434082,1.0006035566329956
2746,0.9299114254625788,0.7680666446685791,0.942630410194397
2747,0.7791149780902686,0.5735001564025879,0.7970857620239258
2748,0.5529203070318035,0.31714850664138794,0.5704556703567505
2749,0.26389378290154264,0.020052330568432808,0.2782314419746399
2750,-0.06911503837897544,-0.28929510712623596,-0.055968210101127625
2751,-0.4052654523130833,-0.5792818069458008,-0.4013354778289795
2752,-0.7225663103256524,-0.8211617469787598,-0.7243582010269165
2753,-0.9990264638415542,-0.9947106838226318,-1.003807544708252
2754,-1.2126547642856602,-1.090572714805603,-1.2309253215789795
2755,-1.36659280431156,-1.107808232307434,-1.3947267532348633
2756,-1.4451326206513049,-1.0499637126922607,-1.4845712184906006
2757,-1.4482742133048947,-0.9231911897659302,-1.496718406677246
2758,-1.3697343969651496,-0.7357428073883057,-1.4285763502120972
2759,-1.21579635693925,-0.497757226228714,-1.2757694721221924
2760,-0.9738937226128359,-0.2220456898212433,-1.0379295349121094
2761,-0.6565928646002668,0.07443955540657043,-0.722015380859375
2762,-0.273318560862312,0.3699646294116974,-0.34447717666625977
2763,0.1350884841043611,0.6397299766540527,0.06986071914434433
2764,0.5434955290710342,0.8602139949798584,0.4926920235157013
2765,0.91106186954104,1.0140390396118164,0.8808259963989258
2766,1.2220795422464297,1.0920355319976807,1.2112236022949219
2767,1.4514158059584845,1.0915086269378662,1.460336446762085
2768,1.5865042900628454,1.0135096311569214,1.621703863143921
2769,1.624203401905923,0.8618918657302856,1.6734598875045776
2770,1.5613715488341273,0.6440597772598267,1.6193312406539917
2771,1.3980087308474578,0.37238526344299316,1.471129298210144
2772,1.1372565405995052,0.06589120626449585,1.2296730279922485
2773,0.7853981633974483,-0.24885928630828857,0.8993834257125854
2774,0.38013271108436497,-0.5398485660552979,0.49646687507629395
2775,-0.05654866776461628,-0.7761268615722656,0.059593185782432556
2776,-0.4618141200776996,-0.9358476400375366,-0.3682943284511566
2777,-0.8136724972797564,-1.0092376470565796,-0.747660756111145
2778,-1.0901326507956584,-0.9950301647186279,-1.0470459461212158
2779,-1.2629202467430969,-0.8961080312728882,-1.2461094856262207
2780,-1.3288936924684824,-0.7188583612442017,-1.3346974849700928
2781,-1.291194580625405,-0.47522488236427307,-1.3200281858444214
2782,-1.152964503867454,-0.18462257087230682,-1.2117856740951538
2783,-0.9299114254625788,0.1258966624736786,-1.0170669555664062
2784,-0.637743308678728,0.42426127195358276,-0.7469098567962646
2785,-0.30159289474462014,0.6792247295379639,-0.42211994528770447
2786,0.0439822971502571,0.8674741983413696,-0.07253608852624893
2787,0.3832743037379548,0.9773359298706055,0.26966726779937744
2788,0.6628760499074464,1.0068626403808594,0.5737941265106201
2789,0.8827875356587318,0.9597909450531006,0.8184323310852051
2790,1.0241592050702726,0.8436819314956665,0.9842309951782227
2791,1.0838494654884787,0.6705217361450195,1.0691380500793457
2792,1.0649999095669398,0.4570196568965912,1.0808219909667969
2793,0.9770353152664256,0.22283746302127838,1.020577073097229
2794,0.8293804605477054,-0.012185744941234589,0.8943175077438354
2795,0.6314601233715484,-0.22998815774917603,0.7132480144500732
2796,0.3989822670059037,-0.41542676091194153,0.4911934733390808
2797,0.1445132620651305,-0.5575835704803467,0.24383531510829926
2798,-0.10367255756846318,-0.6507807970046997,-0.011584512889385223
2799,-0.3361504139341079,-0.6942176818847656,-0.2565287947654724
2800,-0.5340707511102648,-0.6905711889266968,-0.4733664095401764
2801,-0.6848671984825748,-0.6445941925048828,-0.6476932764053345
2802,-0.7822565707438585,-0.5619478225708008,-0.7681561708450317
2803,-0.8168140899333461,-0.4481624662876129,-0.8276104927062988
2804,-0.7916813487046279,-0.3082095682621002,-0.8235015869140625
2805,-0.7037167544041136,-0.14714902639389038,-0.7548611164093018
2806,-0.5560618996853934,0.028798846527934074,-0.6215039491653442
2807,-0.3518583772020568,0.211737722158432,-0.42798957228660583
2808,-0.10995574287564276,0.39204344153404236,-0.18724243342876434
2809,0.15393804002589986,0.5584334135055542,0.08181314170360565
2810,0.4146902302738527,0.6985615491867065,0.3564663529396057
2811,0.6565928646002668,0.8004217147827148,0.61037278175354
2812,0.8450884238156543,0.8539689779281616,0.8173658847808838
2813,0.9676105373056563,0.8521218299865723,0.9566705226898193
2814,1.0147344271095031,0.7910679578781128,1.0186790227890015
2815,0.9770353152664256,0.6704791784286499,0.9972375631332397
2816,0.8545132017764238,0.4941604435443878,0.890044093132019
2817,0.6503096792930871,0.27128469944000244,0.702273964881897
2818,0.3832743037379548,0.01789834350347519,0.4478941857814789
2819,0.08168140899333463,-0.24240592122077942,0.15183359384536743
2820,-0.22305307840487532,-0.4805658161640167,-0.15248341858386993
2821,-0.4995132319207771,-0.6679823398590088,-0.43088433146476746
2822,-0.7068583470577035,-0.7835224866867065,-0.6522500514984131
2823,-0.8293804605477054,-0.8162113428115845,-0.7893106937408447
2824,-0.8545132017764238,-0.7628211975097656,-0.8292434215545654
2825,-0.7791149780902686,-0.6252306699752808,-0.7692638635635376
2826,-0.6094689747964198,-0.41135770082473755,-0.6143461465835571
2827,-0.37070793312359557,-0.13883110880851746,-0.3808661103248596
2828,-0.07539822368615504,0.16258619725704193,-0.09610305726528168
2829,0.2293362637120549,0.4539337754249573,0.20531804859638214
2830,0.5183627878423158,0.6961369514465332,0.48437806963920593
2831,0.7414158662471911,0.8604083061218262,0.7093249559402466
2832,0.8796459430051421,0.9322837591171265,0.851197361946106
2833,0.9173450548482196,0.9078612327575684,0.8912715911865234
2834,0.8545132017764238,0.7888509035110474,0.8242801427841187
2835,0.6911503837897546,0.5823508501052856,0.6632188558578491
2836,0.44924774946334045,0.3053738474845886,0.42295148968696594
2837,0.15079644737231007,-0.010871287435293198,0.12738120555877686
2838,-0.16022122533307945,-0.3242095708847046,-0.18531495332717896
2839,-0.4618141200776996,-0.5931936502456665,-0.47552284598350525
2840,-0.7037167544041136,-0.7884073257446289,-0.7120457887649536
2841,-0.8670795723907829,-0.8954973220825195,-0.8694354295730591
2842,-0.9393362034233481,-0.9111732244491577,-0.934227466583252
2843,-0.9204866475018093,-0.8385604619979858,-0.904166579246521
2844,-0.8105309046261666,-0.6859645843505859,-0.7847291231155396
2845,-0.6283185307179586,-0.4689410626888275,-0.5913418531417847
2846,-0.3895574890451343,-0.21281728148460388,-0.34696078300476074
2847,-0.1288052987971815,0.0492100864648819,-0.0798187404870987
2848,0.1288052987971815,0.28365471959114075,0.17652647197246552
2849,0.34871678454846705,0.46443039178848267,0.3911448121070862
2850,0.5026548245743669,0.5757133960723877,0.541110634803772
2851,0.5843362335677015,0.6105337142944336,0.6104662418365479
2852,0.5811946409141117,0.5686519145965576,0.5954247713088989
2853,0.4995132319207771,0.45626550912857056,0.5009225010871887
2854,0.35499996985564664,0.2873397767543793,0.3433907628059387
2855,0.17278759594743864,0.08389391750097275,0.14294272661209106
2856,-0.03769911184307752,-0.12723879516124725,-0.07574889808893204
2857,-0.2324778563656447,-0.3199490010738373,-0.28485047817230225
2858,-0.39269908169872414,-0.4732499420642853,-0.4581556022167206
2859,-0.5057964172279567,-0.5728594064712524,-0.5741548538208008
2860,-0.5560618996853934,-0.6108567714691162,-0.6219956874847412
2861,-0.5372123437638546,-0.5848292112350464,-0.6007245779037476
2862,-0.45553093477052,-0.4972517192363739,-0.5125304460525513
2863,-0.31101767270538955,-0.35549867153167725,-0.3645693361759186
2864,-0.1288052987971815,-0.17202045023441315,-0.17081257700920105
2865,0.07853981633974483,0.03643307089805603,0.050925079733133316
2866,0.29216811678385074,0.2507586181163788,0.2808885872364044
2867,0.4900884539600077,0.4517233669757843,0.49855589866638184
2868,0.6534512719466771,0.6219192743301392,0.6834142208099365
2869,0.7728317927830891,0.7476478815078735,0.817247748374939
2870,0.8325220532012952,0.8203089237213135,0.8904718160629272
2871,0.8325220532012952,0.8363814353942871,0.9007817506790161
2872,0.7728317927830891,0.7962745428085327,0.8486905097961426
2873,0.6597344572538566,0.7032097578048706,0.7363569736480713
2874,0.4932300466135975,0.5627679824829102,0.5689681768417358
2875,0.289026524130261,0.38300514221191406,0.35626456141471863
2876,0.06283185307179587,0.17487484216690063,0.11253856867551804
2877,-0.17278759594743864,-0.04737237095832825,-0.1429189294576645
2878,-0.39584067435231396,-0.2664312422275543,-0.3875134289264679
2879,-0.5874778262212914,-0.4635026752948761,-0.6006029844284058
2880,-0.7288494956328321,-0.6210426092147827,-0.7647391557693481
2881,-0.8105309046261666,-0.7253932952880859,-0.8649604320526123
2882,-0.819955682586936,-0.767856240272522,-0.892261266708374
2883,-0.7539822368615503,-0.7440931797027588,-0.8430392742156982
2884,-0.6188937527571892,-0.6531424522399902,-0.7161558866500854
2885,-0.41154863762026295,-0.49736061692237854,-0.5149509906768799
2886,-0.15079644737231007,-0.2835882604122162,-0.25243642926216125
2887,0.1413716694115407,-0.0249774232506752,0.05111114680767059
2888,0.44610615680975063,0.2576940357685089,0.37290120124816895
2889,0.7382742735936014,0.5369429588317871,0.6856133937835693
2890,0.9927432785343747,0.7831497192382812,0.9654514789581299
2891,1.184380430403352,0.9716172218322754,1.189314603805542
2892,1.3069025438933541,1.0876144170761108,1.342496633529663
2893,1.3571680263507906,1.1259807348251343,1.420157790184021
2894,1.3288936924684824,1.0873961448669434,1.4149582386016846
2895,1.2220795422464297,0.9758398532867432,1.328165054321289
2896,1.0367255756846316,0.7985470294952393,1.1619678735733032
2897,0.7822565707438585,0.5667861700057983,0.9176491498947144
2898,0.4649557127312894,0.29636210203170776,0.6065241098403931
2899,0.12566370614359174,0.007603341713547707,0.251787006855011
2900,-0.2261946710584651,-0.27585533261299133,-0.11793072521686554
2901,-0.546637121724624,-0.530129075050354,-0.4705962836742401
2902,-0.8262388678941156,-0.7354120016098022,-0.77772057056427
2903,-1.0398671683382215,-0.8793935775756836,-1.0258430242538452
2904,-1.1906636157105315,-0.9577654600143433,-1.2085697650909424
2905,-1.2692034320502765,-0.9722874164581299,-1.3214094638824463
2906,-1.2849113953182254,-0.9286384582519531,-1.366610050201416
2907,-1.2377875055143783,-0.8352832794189453,-1.3488805294036865
2908,-1.1341149479459152,-0.7026726007461548,-1.2712748050689697
2909,-0.9738937226128359,-0.5420433282852173,-1.1367881298065186
2910,-0.7665486074759096,-0.3643296957015991,-0.9496196508407593
2911,-0.5246459731494955,-0.17978094518184662,-0.7152459621429443
2912,-0.25446900494077324,0.0020949169993400574,-0.44365981221199036
2913,0.01884955592153876,0.17283500730991364,-0.14971601963043213
2914,0.28588493147667116,0.32538163661956787,0.14989784359931946
2915,0.5246459731494955,0.4541029930114746,0.43434470891952515
2916,0.7194247176720626,0.5546437501907349,0.6823582649230957
2917,0.8702211650443727,0.6238836050033569,0.878179669380188
2918,0.9581857593448869,0.6598867177963257,1.012567162513733
2919,0.986460093227195,0.6616815328598022,1.085722804069519
2920,0.9581857593448869,0.6290560960769653,1.0967955589294434
2921,0.8670795723907829,0.5626263618469238,1.0408512353897095
2922,0.7225663103256524,0.46414321660995483,0.917043924331665
2923,0.5246459731494955,0.3368322253227234,0.7310476303100586
2924,0.289026524130261,0.18571847677230835,0.4940122663974762
2925,0.03769911184307752,0.01802077516913414,0.22092226147651672
2926,-0.21991148575128552,-0.15653808414936066,-0.06865274906158447
2927,-0.4523893421169302,-0.32597634196281433,-0.3499540388584137
2928,-0.6503096792930871,-0.477249413728714,-0.599563479423523
2929,-0.8042477193189871,-0.5981886386871338,-0.801226019859314
2930,-0.8953539062730911,-0.6793473958969116,-0.942786693572998
2931,-0.9204866475018093,-0.7149285078048706,-1.0157361030578613
2932,-0.8827875356587318,-0.7027002573013306,-1.0180861949920654
2933,-0.7822565707438585,-0.6434788703918457,-0.9518765211105347
2934,-0.6283185307179586,-0.5407726764678955,-0.8203052282333374
2935,-0.4272566008882119,-0.4007202684879303,-0.629664421081543
2936,-0.1916371518689774,-0.2321205735206604,-0.3932671844959259
2937,0.05026548245743669,-0.046283528208732605,-0.13024824857711792
2938,0.289026524130261,0.1435399353504181,0.13895225524902344
2939,0.49637163926718736,0.32330358028411865,0.3934536874294281
2940,0.6628760499074464,0.479795902967453,0.6131136417388916
2941,0.7728317927830891,0.6023077964782715,0.7794350385665894
2942,0.8230972752405259,0.6837460994720459,0.8815451860427856
2943,0.819955682586936,0.7208775281906128,0.9195126295089722
2944,0.7602654221687299,0.7138925790786743,0.8959764242172241
2945,0.6534512719466771,0.6657503843307495,0.814064621925354
2946,0.5089380098815465,0.5816059112548828,0.6806323528289795
2947,0.33300882128051806,0.468344122171402,0.5070925951004028
2948,0.14765485471872028,0.334147185087204,0.30797678232192993
2949,-0.031415926535897934,0.1880815476179123,0.0989980697631836
2950,-0.19477874452256716,0.03967743366956711,-0.10331876575946808
2951,-0.3298672286269283,-0.1015825867652893,-0.2820104956626892
2952,-0.4209734155810323,-0.226910799741745,-0.4220276176929474
2953,-0.4680973053848792,-0.32890599966049194,-0.5138128995895386
2954,-0.4680973053848792,-0.4021151661872864,-0.554364800453186
2955,-0.4272566008882119,-0.4433344602584839,-0.5450049638748169
2956,-0.35499996985564664,-0.45162269473075867,-0.4897454082965851
2957,-0.25446900494077324,-0.4281080961227417,-0.39534080028533936
2958,-0.1350884841043611,-0.3756985366344452,-0.2715047597885132
2959,-0.00942477796076938,-0.2987712025642395,-0.13013781607151031
2960,0.11309733552923255,-0.2028457522392273,0.016148367896676064
2961,0.21676989309769573,-0.09421077370643616,0.15497484803199768
2962,0.3047344873982099,0.02050955221056938,0.274776428937912
2963,0.3581415625092364,0.13482829928398132,0.3664722442626953
2964,0.38641589639154456,0.24286724627017975,0.42538824677467346
2965,0.3832743037379548,0.3397778272628784,0.4514159858226776
2966,0.3612831551628262,0.42204993963241577,0.4481748640537262
2967,0.3298672286269283,0.48764270544052124,0.42213737964630127
2968,0.29216811678385074,0.5358923673629761,0.3813678026199341
2969,0.25446900494077324,0.567197322845459,0.33415505290031433
2970,0.22305307840487532,0.5825300216674805,0.28792786598205566
2971,0.20420352248333654,0.5828635692596436,0.24833247065544128
2972,0.20106192982974677,0.5686290264129639,0.21846209466457367
2973,0.20420352248333654,0.5393322706222534,0.19846120476722717
2974,0.20734511513692636,0.4934485852718353,0.18559817969799042
2975,0.20734511513692636,0.4286465644836426,0.17476342618465424
2976,0.20106192982974677,0.34231120347976685,0.15935169160366058
2977,0.18221237390820802,0.23228907585144043,0.1324390172958374
2978,0.1413716694115407,0.09782065451145172,0.08797888457775116
2979,0.07225663103256524,-0.059343256056308746,0.02175803855061531
2980,-0.02199114857512855,-0.23376044631004333,-0.06770935654640198
2981,-0.13823007675795088,-0.4154723286628723,-0.17802661657333374
2982,-0.273318560862312,-0.5902934074401855,-0.3019850552082062
2983,-0.40840704496667307,-0.7418035268783569,-0.4279800355434418
2984,-0.5372123437638546,-0.8545359373092651,-0.5419014692306519
2985,-0.6346017160251383,-0.916657567024231,-0.6294384002685547
2986,-0.6942919764433443,-0.9208025932312012,-0.6782945394515991
2987,-0.7005751617505239,-0.8634785413742065,-0.6797386407852173
2988,-0.6534512719466771,-0.7444556951522827,-0.6285227537155151
2989,-0.5497787143782138,-0.5669068098068237,-0.5224578380584717
2990,-0.39269908169872414,-0.3382470905780792,-0.3639310896396637
2991,-0.1916371518689774,-0.07159091532230377,-0.16255997121334076
2992,0.04084070449666732,0.2127741575241089,0.06527502834796906
2993,0.27646015351590175,0.4879905581474304,0.29905930161476135
2994,0.49637163926718736,0.7254843711853027,0.517150342464447
2995,0.6848671984825748,0.90242600440979,0.6992959976196289
2996,0.819955682586936,1.0062774419784546,0.8272284269332886
2997,0.8827875356587318,1.0336782932281494,0.8898688554763794
2998,0.8827875356587318,0.9869234561920166,0.8846455812454224
2999,0.8136724972797564,0.8722081184387207,0.8151086568832397
3000,0.6911503837897546,0.7000820636749268,0.6889042854309082
3001,0.5246459731494955,0.4860425591468811,0.5183706283569336
3002,0.33300882128051806,0.24996058642864227,0.32107406854629517
3003,0.1288052987971815,0.014160828664898872,0.11681701242923737
3004,-0.06597344572538566,-0.19965699315071106,-0.07460099458694458
3005,-0.22305307840487532,-0.3738388419151306,-0.23393970727920532
3006,-0.33929200658769765,-0.497077077627182,-0.3462409973144531
3007,-0.4052654523130833,-0.564714789390564,-0.4059596359729767
3008,-0.4146902302738527,-0.5777662992477417,-0.41578570008277893
3009,-0.38641589639154456,-0.541911244392395,-0.3826848566532135
3010,-0.32672563597333854,-0.46681055426597595,-0.3169236183166504
3011,-0.24504422698000386,-0.36509206891059875,-0.23154616355895996
3012,-0.15707963267948966,-0.25050291419029236,-0.140486478805542
3013,-0.07539822368615504,-0.13575004041194916,-0.05627072602510452
3014,-0.00942477796076938,-0.030988745391368866,0.011595850810408592
3015,0.03769911184307752,0.05672314018011093,0.05758749693632126
3016,0.05969026041820607,0.12345874309539795,0.0806274563074112
3017,0.06283185307179587,0.1683235764503479,0.08350233733654022
3018,0.053407075111026485,0.1930791139602661,0.07153807580471039
3019,0.04084070449666732,0.20127834379673004,0.05124770104885101
3020,0.02827433388230814,0.1970914900302887,0.02886633574962616
3021,0.02199114857512855,0.18418648838996887,0.00913788378238678
3022,0.01884955592153876,0.16491825878620148,-0.005319651216268539
3023,0.02199114857512855,0.14001554250717163,-0.014188196510076523
3024,0.02199114857512855,0.10882865637540817,-0.019175387918949127
3025,0.01884955592153876,0.06993897259235382,-0.023343458771705627
3026,0.015707963267948967,0.021838391199707985,-0.030221648514270782
3027,0.006283185307179587,-0.03639651834964752,-0.04286684840917587
3028,-0.012566370614359173,-0.10438010096549988,-0.06300538033246994
3029,-0.04084070449666732,-0.17975163459777832,-0.09041596204042435
3030,-0.07539822368615504,-0.257829874753952,-0.12268456816673279
3031,-0.11623892818282235,-0.3318060636520386,-0.15542496740818024
3032,-0.14765485471872028,-0.3935231566429138,-0.18298979103565216
3033,-0.17278759594743864,-0.4346768856048584,-0.1995263397693634
3034,-0.1759291886010284,-0.4480911195278168,-0.20004615187644958
3035,-0.16336281798666927,-0.4287002384662628,-0.18120750784873962
3036,-0.13194689145077132,-0.3741048574447632,-0.14175860583782196
3037,-0.07853981633974483,-0.2848668694496155,-0.08278046548366547
3038,-0.00942477796076938,-0.16476525366306305,-0.007816210389137268
3039,0.07225663103256524,-0.021011706441640854,0.07721325755119324
3040,0.15707963267948966,0.13588279485702515,0.1645200103521347
3041,0.23561944901923448,0.29300764203071594,0.24546858668327332
3042,0.30159289474462014,0.43684664368629456,0.31194519996643066
3043,0.3455751918948773,0.5554834604263306,0.35774660110473633
3044,0.3675663404700058,0.6403491497039795,0.3795764148235321
3045,0.36442474781641604,0.6869488954544067,0.3774385154247284
3046,0.3424335992412874,0.6947057247161865,0.35450252890586853
3047,0.3078760800517997,0.6664319038391113,0.3164263069629669
3048,0.26389378290154264,0.6077324151992798,0.270230233669281
3049,0.21991148575128552,0.5262742638587952,0.22310137748718262
3050,0.18221237390820802,0.43075457215309143,0.1813325434923172
3051,0.15707963267948966,0.3296443819999695,0.14939165115356445
3052,0.1413716694115407,0.23005269467830658,0.12925443053245544
3053,0.1413716694115407,0.13705283403396606,0.12021003663539886
3054,0.1413716694115407,0.053534746170043945,0.11917340010404587
3055,0.1445132620651305,-0.01959347352385521,0.12136519700288773
3056,0.1413716694115407,-0.083013616502285,0.12122140824794769
3057,0.1350884841043611,-0.13842783868312836,0.11343765258789062
3058,0.11938052083641214,-0.1878109723329544,0.09398767352104187
3059,0.09110618695410401,-0.2325984537601471,0.06091950461268425
3060,0.047123889803846894,-0.27299538254737854,0.014843791723251343
3061,-0.006283185307179587,-0.30759087204933167,-0.0408991277217865
3062,-0.06911503837897544,-0.3333970606327057,-0.10048334300518036
3063,-0.12566370614359174,-0.3463071584701538,-0.15638481080532074
3064,-0.1759291886010284,-0.3418329060077667,-0.20065952837467194
3065,-0.20420352248333654,-0.31590428948402405,-0.22636979818344116
3066,-0.21048670779051615,-0.2655807435512543,-0.22863715887069702
3067,-0.18849555921538758,-0.1896466165781021,-0.20503665506839752
3068,-0.1413716694115407,-0.08913504332304001,-0.15557138621807098
3069,-0.07225663103256524,0.03221425041556358,-0.08263248950242996
3070,0.01884955592153876,0.1676853895187378,0.00894346833229065
3071,0.11938052083641214,0.30776625871658325,0.11193304508924484
3072,0.2261946710584651,0.4410500228404999,0.21717460453510284
3073,0.32358404331974866,0.5558322668075562,0.3145061731338501
3074,0.4052654523130833,0.6418882608413696,0.3941292464733124
3075,0.4586725274241098,0.6917152404785156,0.44810423254966736
3076,0.47752208334564855,0.7009142637252808,0.47134098410606384
3077,0.4618141200776996,0.6679695844650269,0.46178534626960754
3078,0.4178318229274425,0.5939075946807861,0.4202151298522949
3079,0.3455751918948773,0.4820983111858368,0.3497375249862671
3080,0.24818581963359368,0.33819374442100525,0.2550269365310669
3081,0.1350884841043611,0.17008666694164276,0.14192305505275726
3082,0.00942477796076938,-0.012225307524204254,0.017508363351225853
3083,-0.11938052083641214,-0.1970236748456955,-0.10990409553050995
3084,-0.24504422698000386,-0.3716813027858734,-0.23124241828918457
3085,-0.34871678454846705,-0.5239500999450684,-0.3375713527202606
3086,-0.4303981935418017,-0.6434298753738403,-0.4211687445640564
3087,-0.48380526865282814,-0.722638726234436,-0.4763976037502289
3088,-0.5026548245743669,-0.7572695016860962,-0.49995318055152893
3089,-0.48694686130641796,-0.745772123336792,-0.49050262570381165
3090,-0.44610615680975063,-0.6887779235839844,-0.4482412338256836
3091,-0.37070793312359557,-0.5887995958328247,-0.3747688829898834
3092,-0.2670353755551324,-0.450311541557312,-0.2732998728752136
3093,-0.1413716694115407,-0.2801187038421631,-0.14903157949447632
3094,-0.0031415926535897933,-0.08784022927284241,-0.009570624679327011
3095,0.1413716694115407,0.11378394812345505,0.1346774697303772
3096,0.27646015351590175,0.3092098832130432,0.2706681787967682
3097,0.3895574890451343,0.4814576804637909,0.38414037227630615
3098,0.4649557127312894,0.6144390106201172,0.4622688293457031
3099,0.49637163926718736,0.695285439491272,0.4960189163684845
3100,0.48066367599923837,0.7155089378356934,0.4801100790500641
3101,0.4146902302738527,0.6708611249923706,0.4125475585460663
3102,0.30159289474462014,0.5609626770019531,0.29548153281211853
3103,0.1413716694115407,0.38978832960128784,0.13471856713294983
3104,-0.053407075111026485,0.16712696850299835,-0.05990159511566162
3105,-0.26389378290154264,-0.089899443089962,-0.2725076675415039
3106,-0.47123889803846897,-0.3568741977214813,-0.48294952511787415
3107,-0.6628760499074464,-0.6052484512329102,-0.6720722913742065
3108,-0.8105309046261666,-0.8084291219711304,-0.8235241174697876
3109,-0.91106186954104,-0.9475841522216797,-0.92304527759552
3110,-0.9487609813841175,-1.0133421421051025,-0.961214542388916
3111,-0.9204866475018093,-1.003382921218872,-0.9341814517974854
3112,-0.8262388678941156,-0.919501543045044,-0.8409355878829956
3113,-0.669159235214626,-0.7666382789611816,-0.6832225322723389
3114,-0.45553093477052,-0.55339515209198,-0.46886613965034485
3115,-0.19792033717615698,-0.2929445505142212,-0.213049978017807
3116,0.08168140899333463,-0.0037689395248889923,0.06539303064346313
3117,0.3581415625092364,0.29074493050575256,0.34540456533432007
3118,0.6188937527571892,0.5649133920669556,0.605888843536377
3119,0.835663645854885,0.7954723834991455,0.8299585580825806
3120,0.9990264638415542,0.9663171768188477,1.0029391050338745
3121,1.105840614063607,1.0704140663146973,1.1191341876983643
3122,1.156106096521044,1.108260154724121,1.1812248229980469
3123,1.156106096521044,1.085206389427185,1.190497875213623
3124,1.108982206717197,1.0099143981933594,1.1485542058944702
3125,1.017876019763093,0.8936973810195923,1.0603482723236084
3126,0.8922123136195013,0.7493221759796143,0.9334436655044556
3127,0.7382742735936014,0.5892763137817383,0.776536226272583
3128,0.5654866776461628,0.42456722259521484,0.5983891487121582
3129,0.38641589639154456,0.2643038034439087,0.40781813859939575
3130,0.20420352248333654,0.11547381430864334,0.21430592238903046
3131,0.031415926535897934,-0.017257601022720337,0.027903910726308823
3132,-0.12252211349000193,-0.13134124875068665,-0.14176756143569946
3133,-0.257610597594363,-0.22570565342903137,-0.28689146041870117
3134,-0.3675663404700058,-0.30012136697769165,-0.4022476077079773
3135,-0.44924774946334045,-0.354755163192749,-0.4847857654094696
3136,-0.49637163926718736,-0.38977310061454773,-0.5326633453369141
3137,-0.5120796025351363,-0.40499770641326904,-0.5449985265731812
3138,-0.4932300466135975,-0.39986783266067505,-0.5222728252410889
3139,-0.44610615680975063,-0.3737840950489044,-0.46659162640571594
3140,-0.3675663404700058,-0.32660987973213196,-0.3817124664783478
3141,-0.2670353755551324,-0.2590956687927246,-0.27296948432922363
3142,-0.15079644737231007,-0.1732454001903534,-0.14709509909152985
3143,-0.01884955592153876,-0.072701595723629,-0.012224297970533371
3144,0.10995574287564276,0.036969948559999466,0.12185179442167282
3145,0.2293362637120549,0.1483277678489685,0.24402500689029694
3146,0.3298672286269283,0.2525792121887207,0.34333711862564087
3147,0.3989822670059037,0.3405509889125824,0.41088414192199707
3148,0.4303981935418017,0.4039003252983093,0.4410366117954254
3149,0.4209734155810323,0.43621087074279785,0.43156442046165466
3150,0.38013271108436497,0.4336637258529663,0.38360464572906494
3151,0.30159289474462014,0.3952632546424866,0.3016217052936554
3152,0.19792033717615698,0.32284319400787354,0.19264930486679077
3153,0.07539822368615504,0.22104358673095703,0.06570383906364441
3154,-0.053407075111026485,0.09721331298351288,-0.06826283782720566
3155,-0.1790707812546182,-0.03897693753242493,-0.19689133763313293
3156,-0.289026524130261,-0.1763760894536972,-0.30784714221954346
3157,-0.37070793312359557,-0.30359947681427,-0.390898197889328
3158,-0.42411500823462206,-0.4103984832763672,-0.43977195024490356
3159,-0.43982297150257105,-0.4887818396091461,-0.45245373249053955
3160,-0.4178318229274425,-0.5336191654205322,-0.4301546812057495
3161,-0.3738495257771854,-0.5427029132843018,-0.376442551612854
3162,-0.2984513020910304,-0.5164579153060913,-0.296859472990036
3163,-0.20420352248333654,-0.4575313329696655,-0.198489710688591
3164,-0.10053096491487339,-0.3703833818435669,-0.089352548122406
3165,0.00942477796076938,-0.2609008252620697,0.02212345600128174
3166,0.11623892818282235,-0.13604101538658142,0.12748490273952484
3167,0.20734511513692636,-0.0035231374204158783,0.21882276237010956
3168,0.2827433388230814,0.12846970558166504,0.2897091507911682
3169,0.3298672286269283,0.2516669034957886,0.33603131771087646
3170,0.3518583772020568,0.3582049012184143,0.3561355471611023
3171,0.34871678454846705,0.4411712884902954,0.35037145018577576
3172,0.3204424506661589,0.49506399035453796,0.32051634788513184
3173,0.273318560862312,0.5160729885101318,0.26930174231529236
3174,0.20734511513692636,0.5021951198577881,0.20011013746261597
3175,0.1288052987971815,0.453290194272995,0.11693545430898666
3176,0.03769911184307752,0.37119796872138977,0.02456936426460743
3177,-0.05654866776461628,0.25995516777038574,-0.07119548320770264
3178,-0.15079644737231007,0.12602901458740234,-0.16358275711536407
3179,-0.2324778563656447,-0.02161267027258873,-0.24524328112602234
3180,-0.2984513020910304,-0.17181046307086945,-0.30907493829727173
3181,-0.3424335992412874,-0.3120749890804291,-0.34918615221977234
3182,-0.35499996985564664,-0.429984450340271,-0.36152684688568115
3183,-0.3361504139341079,-0.5147854089736938,-0.343993216753006
3184,-0.289026524130261,-0.5586490631103516,-0.29634714126586914
3185,-0.21676989309769573,-0.5572315454483032,-0.22033730149269104
3186,-0.11623892818282235,-0.5096859931945801,-0.12003111839294434
3187,0.0,-0.4185788929462433,-0.0021349377930164337
3188,0.12566370614359174,-0.28997352719306946,0.12392231822013855
3189,0.24818581963359368,-0.1335362195968628,0.2464456707239151
3190,0.3581415625092364,0.037745390087366104,0.35280656814575195
3191,0.4366813788489812,0.2086028754711151,0.4315680265426636
3192,0.47752208334564855,0.363349974155426,0.47447365522384644
3193,0.47752208334564855,0.48814657330513,0.47709929943084717
3194,0.4366813788489812,0.5728709697723389,0.43887990713119507
3195,0.36442474781641604,0.6119818687438965,0.36344173550605774
3196,0.25446900494077324,0.6044312715530396,0.25803956389427185
3197,0.1288052987971815,0.5531967878341675,0.13265620172023773
3198,-0.006283185307179587,0.46485063433647156,-0.0001726001501083374
3199,-0.13194689145077132,0.3490684926509857,-0.1258879005908966
3200,-0.23561944901923448,0.21774132549762726,-0.22972866892814636
3201,-0.3078760800517997,0.08360451459884644,-0.29983559250831604
3202,-0.3361504139341079,-0.041306495666503906,-0.3298806846141815
3203,-0.32358404331974866,-0.14695505797863007,-0.31890738010406494
3204,-0.273318560862312,-0.22614115476608276,-0.2697581350803375
3205,-0.19477874452256716,-0.2748907804489136,-0.18848289549350739
3206,-0.09110618695410401,-0.2924714982509613,-0.0842350497841835
3207,0.025132741228718346,-0.28107166290283203,0.031468961387872696
3208,0.13823007675795088,-0.24517536163330078,0.1459791511297226
3209,0.24190263432641407,-0.19070319831371307,0.24690654873847961
3210,0.32358404331974866,-0.12405334413051605,0.32388803362846375
3211,0.3738495257771854,-0.05124489217996597,0.370456337928772
3212,0.3895574890451343,0.02264866977930069,0.3847445249557495
3213,0.37699111843077515,0.09372588992118835,0.3689446747303009
3214,0.33929200658769765,0.1592509150505066,0.32854795455932617
3215,0.28588493147667116,0.21751612424850464,0.27116215229034424
3216,0.21991148575128552,0.2675641179084778,0.2050478458404541
3217,0.15393804002589986,0.30875831842422485,0.13810569047927856
3218,0.09110618695410401,0.34030598402023315,0.07710069417953491
3219,0.03769911184307752,0.360904335975647,0.026823192834854126
3220,-0.0031415926535897933,0.3686336278915405,-0.010504122823476791
3221,-0.02827433388230814,0.361139714717865,-0.035220369696617126
3222,-0.0439822971502571,0.3360631465911865,-0.049660250544548035
3223,-0.047123889803846894,0.2916092872619629,-0.057329900562763214
3224,-0.047123889803846894,0.2271360158920288,-0.0620400533080101
3225,-0.047123889803846894,0.14368188381195068,-0.06706319004297256
3226,-0.047123889803846894,0.044402122497558594,-0.07442186772823334
3227,-0.05026548245743669,-0.06516754627227783,-0.08445608615875244
3228,-0.05026548245743669,-0.1771901398897171,-0.09576468169689178
3229,-0.05026548245743669,-0.28213703632354736,-0.10553787648677826
3230,-0.05026548245743669,-0.36995211243629456,-0.11020320653915405
3231,-0.05026548245743669,-0.4314953684806824,-0.10622285306453705
3232,-0.0439822971502571,-0.4597945809364319,-0.09085184335708618
3233,-0.031415926535897934,-0.4507753252983093,-0.06273339688777924
3234,-0.00942477796076938,-0.40352103114128113,-0.022295717149972916
3235,0.02199114857512855,-0.32034632563591003,0.028054337948560715
3236,0.06283185307179587,-0.20686130225658417,0.083982452750206
3237,0.10367255756846318,-0.07191009074449539,0.1396128237247467
3238,0.1413716694115407,0.07292774319648743,0.188302144408226
3239,0.16964600329384882,0.21451808512210846,0.22370824217796326
3240,0.18221237390820802,0.33994200825691223,0.2408870905637741
3241,0.1790707812546182,0.43835052847862244,0.237108051776886
3242,0.16022122533307945,0.5022855997085571,0.21228227019309998
3243,0.1288052987971815,0.52818763256073,0.16909368336200714
3244,0.0879645943005142,0.5162880420684814,0.11282699555158615
3245,0.0439822971502571,0.47023651003837585,0.05079219862818718
3246,0.0,0.3965986967086792,-0.008652955293655396
3247,-0.03455751918948772,0.3041013479232788,-0.05741662532091141
3248,-0.05026548245743669,0.20251625776290894,-0.08910152316093445
3249,-0.05026548245743669,0.10133028030395508,-0.10006855428218842
3250,-0.03769911184307752,0.00854693353176117,-0.08978984504938126
3251,-0.012566370614359173,-0.07009835541248322,-0.060667820274829865
3252,0.02199114857512855,-0.1314728707075119,-0.017677251249551773
3253,0.05654866776461628,-0.17504280805587769,0.03211188316345215
3254,0.09110618695410401,-0.20260177552700043,0.08032940328121185
3255,0.11309733552923255,-0.21771001815795898,0.11851503700017929
3256,0.11938052083641214,-0.22485607862472534,0.13954365253448486
3257,0.10681415022205297,-0.22847071290016174,0.13879425823688507
3258,0.07539822368615504,-0.2319960594177246,0.11467762291431427
3259,0.02827433388230814,-0.2372032105922699,0.06870046257972717
3260,-0.031415926535897934,-0.2438851296901703,0.005443006753921509
3261,-0.09424777960769379,-0.24995598196983337,-0.06771089136600494
3262,-0.1759291886010284,-0.2519005537033081,-0.1414124071598053
3263,-0.2293362637120549,-0.24546891450881958,-0.20570765435695648
3264,-0.2607521902479529,-0.2264946699142456,-0.2516867220401764
3265,-0.2670353755551324,-0.19170498847961426,-0.27295300364494324
3266,-0.24504422698000386,-0.13940922915935516,-0.26630526781082153
3267,-0.20106192982974677,-0.06999436765909195,-0.23161464929580688
3268,-0.13194689145077132,0.01380373165011406,-0.17149470746517181
3269,-0.05026548245743669,0.10689982771873474,-0.09114734828472137
3270,0.0439822971502571,0.20222385227680206,0.0018498674035072327
3271,0.1413716694115407,0.2915221154689789,0.09815878421068192
3272,0.22305307840487532,0.36650365591049194,0.18770895898342133
3273,0.289026524130261,0.42002296447753906,0.261064350605011
3274,0.3298672286269283,0.44695258140563965,0.31095680594444275
3275,0.33929200658769765,0.4446021318435669,0.33338025212287903
3276,0.3204424506661589,0.4127797782421112,0.32775232195854187
3277,0.2827433388230814,0.35366153717041016,0.29649364948272705
3278,0.2261946710584651,0.27153775095939636,0.24435864388942719
3279,0.15707963267948966,0.1724013239145279,0.177497997879982
3280,0.07853981633974483,0.06333474814891815,0.10256671905517578
3281,0.0031415926535897933,-0.0482553169131279,0.026082681491971016
3282,-0.06597344572538566,-0.15540385246276855,-0.046174898743629456
3283,-0.1288052987971815,-0.2521982192993164,-0.10979391634464264
3284,-0.1759291886010284,-0.3341563642024994,-0.16215349733829498
3285,-0.21048670779051615,-0.3983736038208008,-0.2024279087781906
3286,-0.2293362637120549,-0.4434461295604706,-0.23117297887802124
3287,-0.23561944901923448,-0.469178706407547,-0.2496899664402008
3288,-0.23561944901923448,-0.476114958524704,-0.25935786962509155
3289,-0.23561944901923448,-0.4649917781352997,-0.26106512546539307
3290,-0.2324778563656447,-0.43626782298088074,-0.25484609603881836
3291,-0.2261946710584651,-0.38986533880233765,-0.23978781700134277
3292,-0.21048670779051615,-0.32521364092826843,-0.21419255435466766
3293,-0.18221237390820802,-0.24157804250717163,-0.17592667043209076
3294,-0.13823007675795088,-0.13858777284622192,-0.12289789319038391
3295,-0.07539822368615504,-0.016884639859199524,-0.05365193635225296
3296,0.006283185307179587,0.12114662677049637,0.03191693127155304
3297,0.10367255756846318,0.27066224813461304,0.1318381130695343
3298,0.21676989309769573,0.42393094301223755,0.2415662556886673
3299,0.33300882128051806,0.5706011056900024,0.354028582572937
3300,0.4429645641561608,0.6989318132400513,0.4603515863418579
3301,0.5372123437638546,0.7977268695831299,0.5510401725769043
3302,0.6063273821428301,0.8581607341766357,0.6172233819961548
3303,0.6440264939859076,0.8747431039810181,0.6517224311828613
3304,0.6440264939859076,0.8453892469406128,0.6500093936920166
3305,0.6063273821428301,0.7711666822433472,0.6110328435897827
3306,0.5340707511102648,0.65619957447052,0.5373009443283081
3307,0.4366813788489812,0.507763683795929,0.4344005286693573
3308,0.31101767270538955,0.33632928133010864,0.3107989728450775
3309,0.1790707812546182,0.15521034598350525,0.177711620926857
3310,0.047123889803846894,-0.020564798265695572,0.048375800251960754
3311,-0.06283185307179587,-0.17626287043094635,-0.06351108103990555
3312,-0.15079644737231007,-0.2997492849826813,-0.14645333588123322
3313,-0.19792033717615698,-0.3831368386745453,-0.19403526186943054
3314,-0.21362830044410594,-0.42333483695983887,-0.20576117932796478
3315,-0.19477874452256716,-0.4218301475048065,-0.18593476712703705
3316,-0.15707963267948966,-0.38422104716300964,-0.14258156716823578
3317,-0.10995574287564276,-0.3196479082107544,-0.08668897300958633
3318,-0.05969026041820607,-0.23987886309623718,-0.03088003396987915
3319,-0.02199114857512855,-0.1578524112701416,0.012624859809875488
3320,-0.0031415926535897933,-0.08583618700504303,0.03421328216791153
3321,-0.012566370614359173,-0.03365430235862732,0.0284549780189991
3322,-0.0439822971502571,-0.00739201158285141,-0.005547367036342621
3323,-0.09738937226128358,-0.008720830082893372,-0.06441748887300491
3324,-0.16650441064025903,-0.03480452299118042,-0.14050137996673584
3325,-0.23561944901923448,-0.07874713838100433,-0.22235804796218872
3326,-0.3047344873982099,-0.1306210607290268,-0.29660525918006897
3327,-0.34871678454846705,-0.17906144261360168,-0.35040083527565
3328,-0.3612831551628262,-0.21315769851207733,-0.37358003854751587
3329,-0.33929200658769765,-0.22416603565216064,-0.3598172962665558
3330,-0.2796017461694916,-0.20667405426502228,-0.3067701458930969
3331,-0.18221237390820802,-0.1592063456773758,-0.21607476472854614
3332,-0.05969026041820607,-0.08450605720281601,-0.0940498411655426
3333,0.08168140899333463,0.010407786816358566,0.047778088599443436
3334,0.22305307840487532,0.11469502002000809,0.19374999403953552
3335,0.34871678454846705,0.2150954008102417,0.3261377811431885
3336,0.4429645641561608,0.298204630613327,0.42768847942352295
3337,0.4932300466135975,0.3528081476688385,0.485047310590744
3338,0.4900884539600077,0.37141555547714233,0.49099788069725037
3339,0.4366813788489812,0.3508424758911133,0.4443016052246094
3340,0.33929200658769765,0.2922917306423187,0.3504300117492676
3341,0.20734511513692636,0.2013692855834961,0.22042317688465118
3342,0.05654866776461628,0.08796586096286774,0.06866364181041718
3343,-0.10681415022205297,-0.03453705459833145,-0.08739252388477325
3344,-0.24818581963359368,-0.15117017924785614,-0.22823137044906616
3345,-0.3518583772020568,-0.24799835681915283,-0.3354306221008301
3346,-0.41154863762026295,-0.31438878178596497,-0.3964110016822815
3347,-0.4146902302738527,-0.34415575861930847,-0.40692394971847534
3348,-0.3738495257771854,-0.33571115136146545,-0.3691416084766388
3349,-0.29216811678385074,-0.2918383479118347,-0.28971099853515625
3350,-0.1790707812546182,-0.21943572163581848,-0.1798774003982544
3351,-0.053407075111026485,-0.12897713482379913,-0.054971516132354736
3352,0.07225663103256524,-0.03319574147462845,0.06777821481227875
3353,0.1759291886010284,0.05505112186074257,0.17181341350078583
3354,0.25132741228718347,0.12507575750350952,0.24378648400306702
3355,0.2827433388230814,0.16999724507331848,0.2762436866760254
3356,0.273318560862312,0.18740878999233246,0.2685322165489197
3357,0.2324778563656447,0.17933152616024017,0.22595877945423126
3358,0.16650441064025903,0.15182539820671082,0.15951991081237793
3359,0.09110618695410401,0.11427978426218033,0.08428453654050827
3360,0.02199114857512855,0.07808613777160645,0.01619437336921692
3361,-0.025132741228718346,0.054640889167785645,-0.03074871003627777
3362,-0.0439822971502571,0.053184665739536285,-0.046851448714733124
3363,-0.025132741228718346,0.07908540964126587,-0.027954448014497757
3364,0.025132741228718346,0.13277079164981842,0.02474806271493435
3365,0.10367255756846318,0.2092387080192566,0.10524845123291016
3366,0.20106192982974677,0.2982339859008789,0.2028307169675827
3367,0.30159289474462014,0.3854323625564575,0.3024022579193115
3368,0.38641589639154456,0.4547620713710785,0.38632696866989136
3369,0.4366813788489812,0.49124565720558167,0.4377375841140747
3370,0.43982297150257105,0.48326027393341064,0.44373151659965515
3371,0.3895574890451343,0.42368850111961365,0.39626920223236084
3372,0.28588493147667116,0.3104948103427887,0.2934175431728363
3373,0.1350884841043611,0.14766034483909607,0.1409476101398468
3374,-0.05026548245743669,-0.053259752690792084,-0.04844697564840317
3375,-0.257610597594363,-0.27216285467147827,-0.2556166350841522
3376,-0.4586725274241098,-0.48238405585289,-0.4573783576488495
3377,-0.6251769380643689,-0.6565817594528198,-0.6304453611373901
3378,-0.7414158662471911,-0.7733209133148193,-0.752121090888977
3379,-0.7885397560510381,-0.8197916746139526,-0.8048213720321655
3380,-0.7602654221687299,-0.7902896404266357,-0.7800766229629517
3381,-0.6565928646002668,-0.6839635372161865,-0.6749942302703857
3382,-0.47123889803846897,-0.5045937299728394,-0.4929874837398529
3383,-0.23561944901923448,-0.2625857889652252,-0.24868911504745483
3384,0.047123889803846894,0.022159550338983536,0.03501357138156891
3385,0.3518583772020568,0.319482684135437,0.3311152160167694
3386,0.6314601233715484,0.5937752723693848,0.6096705198287964
3387,0.8576547944300136,0.8133571147918701,0.846205472946167
3388,1.0147344271095031,0.9579833745956421,1.0154768228530884
3389,1.0869910581420683,1.0194405317306519,1.1010676622390747
3390,1.0744246875277093,0.9973272085189819,1.0990232229232788
3391,0.9770353152664256,0.8957195281982422,1.0104598999023438
3392,0.7979645340118074,0.7232439517974854,0.8410269021987915
3393,0.5592034923389833,0.494927316904068,0.6048088073730469
3394,0.2827433388230814,0.23306232690811157,0.32516244053840637
3395,-0.012566370614359173,-0.034886159002780914,0.030421508476138115
3396,-0.28588493147667116,-0.2810746729373932,-0.24997758865356445
3397,-0.5089380098815465,-0.4822457730770111,-0.4888184368610382
3398,-0.6723008278682158,-0.6227234601974487,-0.6630529165267944
3399,-0.7602654221687299,-0.6948931217193604,-0.7602031230926514
3400,-0.7696902001294993,-0.6979178190231323,-0.7783699035644531
3401,-0.7037167544041136,-0.6362773180007935,-0.7214442491531372
3402,-0.5686282702997526,-0.5192397832870483,-0.5985076427459717
3403,-0.3895574890451343,-0.3607236444950104,-0.4236593246459961
3404,-0.18221237390820802,-0.17812661826610565,-0.21639534831047058
3405,0.031415926535897934,0.010111231356859207,0.0005912594497203827
3406,0.23876104167282428,0.18697337806224823,0.20588922500610352
3407,0.40840704496667307,0.338401734828949,0.3811986446380615
3408,0.5309291584566751,0.4541313648223877,0.5101063251495361
3409,0.5969026041820608,0.5282657146453857,0.5830343961715698
3410,0.6063273821428301,0.5594112873077393,0.5997207164764404
3411,0.5654866776461628,0.5501375198364258,0.5656760931015015
3412,0.48380526865282814,0.505953848361969,0.4902552664279938
3413,0.37070793312359557,0.43411365151405334,0.38411015272140503
3414,0.23876104167282428,0.34241369366645813,0.2582889199256897
3415,0.09738937226128358,0.23818837106227875,0.1243196353316307
3416,-0.03455751918948772,0.1277921497821808,-0.006464533507823944
3417,-0.15079644737231007,0.016584543511271477,-0.12408959865570068
3418,-0.24818581963359368,-0.09097355604171753,-0.2211291491985321
3419,-0.31730085801256913,-0.19137851893901825,-0.2935955822467804
3420,-0.3581415625092364,-0.2820846140384674,-0.3408142328262329
3421,-0.3738495257771854,-0.3612215220928192,-0.36448758840560913
3422,-0.37070793312359557,-0.4271812438964844,-0.36778101325035095
3423,-0.35499996985564664,-0.4783543646335602,-0.354581743478775
3424,-0.3298672286269283,-0.5131065845489502,-0.3289135694503784
3425,-0.2984513020910304,-0.529915452003479,-0.29455235600471497
3426,-0.26389378290154264,-0.5275946855545044,-0.254813551902771
3427,-0.2261946710584651,-0.5055545568466187,-0.21246187388896942
3428,-0.18849555921538758,-0.4640229642391205,-0.16971635818481445
3429,-0.15079644737231007,-0.4041667878627777,-0.12832501530647278
3430,-0.11309733552923255,-0.3281214237213135,-0.08964738994836807
3431,-0.07853981633974483,-0.23895370960235596,-0.054680049419403076
3432,-0.05026548245743669,-0.1405327320098877,-0.02400272712111473
3433,-0.025132741228718346,-0.037250958383083344,0.0023286566138267517
3434,-0.0031415926535897933,0.06640017032623291,0.024896662682294846
3435,0.015707963267948967,0.16630345582962036,0.04499056935310364
3436,0.03455751918948772,0.2591172158718109,0.064568892121315
3437,0.053407075111026485,0.34252551198005676,0.08608309924602509
3438,0.07853981633974483,0.41530168056488037,0.11216277629137039
3439,0.10995574287564276,0.47717952728271484,0.1452116072177887
3440,0.15079644737231007,0.5285587310791016,0.18697436153888702
3441,0.20420352248333654,0.5701001882553101,0.23812562227249146
3442,0.2701769682087222,0.6022820472717285,0.29791364073753357
3443,0.3424335992412874,0.6250008344650269,0.36390137672424316
3444,0.4146902302738527,0.6373144388198853,0.431873619556427
3445,0.48380526865282814,0.6374108791351318,0.4959818422794342
3446,0.5403539364174444,0.6228301525115967,0.5491788387298584
3447,0.5749114556069321,0.5908807516098022,0.5839476585388184
3448,0.5843362335677015,0.5391396284103394,0.5932464599609375
3449,0.5592034923389833,0.46593934297561646,0.5715373754501343
3450,0.5026548245743669,0.3708151578903198,0.5157049298286438
3451,0.41154863762026295,0.2549271583557129,0.42557352781295776
3452,0.29216811678385074,0.12146861851215363,0.30400994420051575
3453,0.14765485471872028,-0.024010688066482544,0.1570480465888977
3454,-0.015707963267948967,-0.1735852211713791,-0.005890760570764542
3455,-0.1790707812546182,-0.31752851605415344,-0.17240461707115173
3456,-0.33300882128051806,-0.44560080766677856,-0.3286709785461426
3457,-0.4649557127312894,-0.5487278699874878,-0.46161940693855286
3458,-0.5654866776461628,-0.6204332113265991,-0.5610969066619873
3459,-0.6251769380643689,-0.6575466394424438,-0.6216138601303101
3460,-0.6440264939859076,-0.660224199295044,-0.6427028179168701
3461,-0.6283185307179586,-0.6316307783126831,-0.6279656887054443
3462,-0.5811946409141117,-0.5775289535522461,-0.5840764045715332
3463,-0.5183627878423158,-0.5057260990142822,-0.5200262069702148
3464,-0.4429645641561608,-0.42518970370292664,-0.44593721628189087
3465,-0.36442474781641604,-0.34476223587989807,-0.37130603194236755
3466,-0.29216811678385074,-0.27169400453567505,-0.3033541440963745
3467,-0.2324778563656447,-0.21043303608894348,-0.24611777067184448
3468,-0.18221237390820802,-0.16203659772872925,-0.20025216042995453
3469,-0.1445132620651305,-0.12425896525382996,-0.16322894394397736
3470,-0.11623892818282235,-0.09212026000022888,-0.12985366582870483
3471,-0.08482300164692441,-0.05876762419939041,-0.09324438869953156
3472,-0.0439822971502571,-0.01657845824956894,-0.04622442275285721
3473,0.00942477796076938,0.041511621326208115,0.01727340929210186
3474,0.08482300164692441,0.12056086957454681,0.1010337546467781
3475,0.18535396656179778,0.22219745814800262,0.20552456378936768
3476,0.30159289474462014,0.34339576959609985,0.3271290957927704
3477,0.4272566008882119,0.47584933042526245,0.4581214189529419
3478,0.5592034923389833,0.6066148281097412,0.5875556468963623
3479,0.669159235214626,0.720413327217102,0.7025237083435059
3480,0.7571238295151402,0.8028676509857178,0.7894901037216187
3481,0.8042477193189871,0.8430835008621216,0.8361204862594604
3482,0.8042477193189871,0.8346092700958252,0.8337750434875488
3483,0.7539822368615503,0.7752516269683838,0.7792026996612549
3484,0.6503096792930871,0.6667791604995728,0.6737436056137085
3485,0.5057964172279567,0.5150209665298462,0.5225510597229004
3486,0.3298672286269283,0.33024582266807556,0.335682213306427
3487,0.1288052987971815,0.12733608484268188,0.12884819507598877
3488,-0.06597344572538566,-0.07519509643316269,-0.07822046428918839
3489,-0.24504422698000386,-0.25806230306625366,-0.2646022140979767
3490,-0.3832743037379548,-0.40500178933143616,-0.4108106195926666
3491,-0.47438049069205873,-0.5053945779800415,-0.5034279823303223
3492,-0.5089380098815465,-0.5547550916671753,-0.5384212732315063
3493,-0.4932300466135975,-0.5539727210998535,-0.5187658071517944
3494,-0.4303981935418017,-0.5085551738739014,-0.4521898627281189
3495,-0.3424335992412874,-0.4281894266605377,-0.3513151705265045
3496,-0.2324778563656447,-0.3260498642921448,-0.2329934537410736
3497,-0.12252211349000193,-0.2172473669052124,-0.11560946702957153
3498,-0.02827433388230814,-0.11648748815059662,-0.01571507751941681
3499,0.03769911184307752,-0.0356941893696785,0.0542699471116066
3500,0.06597344572538566,0.0176028273999691,0.0876951515674591
3501,0.05654866776461628,0.040850892663002014,0.08449921756982803
3502,0.02199114857512855,0.036293111741542816,0.050126004964113235
3503,-0.031415926535897934,0.010391883552074432,-0.005320362746715546
3504,-0.0879645943005142,-0.027126502245664597,-0.06817321479320526
3505,-0.13823007675795088,-0.06480735540390015,-0.1240716427564621
3506,-0.16964600329384882,-0.09145784378051758,-0.16065049171447754
3507,-0.16964600329384882,-0.09802931547164917,-0.1693556010723114
3508,-0.13823007675795088,-0.07888922840356827,-0.1462937295436859
3509,-0.07853981633974483,-0.032432280480861664,-0.09197179973125458
3510,0.006283185307179587,0.03871186822652817,-0.010781712830066681
3511,0.11309733552923255,0.1277633160352707,0.08901369571685791
3512,0.21991148575128552,0.22445157170295715,0.19577355682849884
3513,0.3204424506661589,0.31659603118896484,0.2960279583930969
3514,0.40212385965949354,0.39233869314193726,0.37652525305747986
3515,0.44610615680975063,0.44214388728141785,0.4265903830528259
3516,0.45553093477052,0.45989862084388733,0.4400005340576172
3517,0.42411500823462206,0.44316965341567993,0.41551247239112854
3518,0.36442474781641604,0.39308664202690125,0.35670650005340576
3519,0.273318560862312,0.31417739391326904,0.27113795280456543
3520,0.16336281798666927,0.2140655815601349,0.16875627636909485
3521,0.047123889803846894,0.10268433392047882,0.06076516583561897
3522,-0.05654866776461628,-0.009140104055404663,-0.04115396738052368
3523,-0.14765485471872028,-0.11136411130428314,-0.12629294395446777
3524,-0.21362830044410594,-0.19603413343429565,-0.1869467794895172
3525,-0.24504422698000386,-0.25790369510650635,-0.21977323293685913
3526,-0.24818581963359368,-0.2945079505443573,-0.22556912899017334
3527,-0.2293362637120549,-0.3059822916984558,-0.20805777609348297
3528,-0.1916371518689774,-0.29472535848617554,-0.17280735075473785
3529,-0.1445132620651305,-0.26483017206192017,-0.12639528512954712
3530,-0.0879645943005142,-0.22127488255500793,-0.07550259679555893
3531,-0.03769911184307752,-0.16905280947685242,-0.026042122393846512
3532,0.00942477796076938,-0.11251482367515564,0.01748189888894558
3533,0.047123889803846894,-0.05508989840745926,0.052307263016700745
3534,0.07539822368615504,0.0006460994482040405,0.07738593220710754
3535,0.09424777960769379,0.052711121737957,0.09299932420253754
3536,0.09738937226128358,0.09939829260110855,0.10015154629945755
3537,0.09738937226128358,0.13894397020339966,0.09993001818656921
3538,0.09424777960769379,0.1692371368408203,0.09300220012664795
3539,0.0879645943005142,0.1876818835735321,0.07937226444482803
3540,0.07539822368615504,0.19133248925209045,0.058440543711185455
3541,0.05654866776461628,0.17733891308307648,0.029329877346754074
3542,0.02827433388230814,0.14363083243370056,-0.008593317121267319
3543,-0.012566370614359173,0.08968431502580643,-0.05508089065551758
3544,-0.06283185307179587,0.017210008576512337,-0.10834503173828125
3545,-0.11938052083641214,-0.06936104595661163,-0.16455046832561493
3546,-0.1759291886010284,-0.16272538900375366,-0.2177322506904602
3547,-0.22305307840487532,-0.2530520260334015,-0.2603824734687805
3548,-0.25132741228718347,-0.3289315402507782,-0.28462347388267517
3549,-0.25446900494077324,-0.3788260221481323,-0.2834000885486603
3550,-0.2261946710584651,-0.39266011118888855,-0.25114133954048157
3551,-0.16336281798666927,-0.36313626170158386,-0.184149831533432
3552,-0.06283185307179587,-0.28664857149124146,-0.08145295828580856
3553,0.06283185307179587,-0.1640915423631668,0.053747765719890594
3554,0.21991148575128552,-0.0018846765160560608,0.212779238820076
3555,0.38013271108436497,0.18705953657627106,0.381404846906662
3556,0.5309291584566751,0.3835066258907318,0.5415245294570923
3557,0.6597344572538566,0.5643835067749023,0.6739494800567627
3558,0.7414158662471911,0.7073720693588257,0.7613193988800049
3559,0.7696902001294993,0.7953493595123291,0.7898447513580322
3560,0.7319910882864218,0.8181569576263428,0.7513189315795898
3561,0.6283185307179586,0.7717177867889404,0.6457438468933105
3562,0.4649557127312894,0.6568200588226318,0.47816896438598633
3563,0.24190263432641407,0.47943657636642456,0.2576201558113098
3564,-0.00942477796076938,0.25250422954559326,0.0015282034873962402
3565,-0.26389378290154264,-0.002572733908891678,-0.2631511688232422
3566,-0.5057964172279567,-0.257252037525177,-0.5078039169311523
3567,-0.6974335690969341,-0.4812377393245697,-0.7079527378082275
3568,-0.8262388678941156,-0.6494909524917603,-0.8408583402633667
3569,-0.8639379797371931,-0.7463611364364624,-0.8914293050765991
3570,-0.819955682586936,-0.7650107145309448,-0.8545310497283936
3571,-0.6848671984825748,-0.7046728134155273,-0.7302936315536499
3572,-0.4680973053848792,-0.5693227052688599,-0.5261867046356201
3573,-0.20420352248333654,-0.36891278624534607,-0.2606793940067291
3574,0.10681415022205297,-0.12147350609302521,0.041300833225250244
3575,0.41154863762026295,0.14693909883499146,0.3514719009399414
3576,0.6942919764433443,0.4061177968978882,0.6392349004745483
3577,0.9173450548482196,0.6279119253158569,0.8799666166305542
3578,1.0649999095669398,0.7915349006652832,1.0486092567443848
3579,1.1278317626387357,0.8855276107788086,1.1337586641311646
3580,1.105840614063607,0.9064387083053589,1.1343512535095215
3581,1.002168056495144,0.856452226638794,1.0499407052993774
3582,0.8230972752405259,0.7421603202819824,0.8859424591064453
3583,0.5811946409141117,0.574741005897522,0.6563524007797241
3584,0.28588493147667116,0.3699681758880615,0.3819410800933838
3585,-0.0031415926535897933,0.14664608240127563,0.08693885058164597
3586,-0.28588493147667116,-0.07605734467506409,-0.20236501097679138
3587,-0.5309291584566751,-0.2808046042919159,-0.4608249366283417
3588,-0.7225663103256524,-0.45338010787963867,-0.6691147089004517
3589,-0.8482300164692441,-0.5838017463684082,-0.8156505823135376
3590,-0.9079202768874503,-0.6672383546829224,-0.8955172300338745
3591,-0.9047786842338604,-0.7039204835891724,-0.9102985858917236
3592,-0.8450884238156543,-0.6980623006820679,-0.8671209812164307
3593,-0.7351326809400116,-0.6565413475036621,-0.7750856876373291
3594,-0.5906194188748811,-0.5876635313034058,-0.6443485021591187
3595,-0.42411500823462206,-0.49993738532066345,-0.4874821603298187
3596,-0.24818581963359368,-0.4010225832462311,-0.31887954473495483
3597,-0.07539822368615504,-0.2972133159637451,-0.151710644364357
3598,0.08168140899333463,-0.19342535734176636,0.00387425534427166
3599,0.20734511513692636,-0.09325307607650757,0.13940191268920898
3600,0.30159289474462014,0.0010661333799362183,0.24744904041290283
3601,0.36442474781641604,0.088501937687397,0.3235572874546051
3602,0.3895574890451343,0.16874484717845917,0.36770397424697876
3603,0.3895574890451343,0.24163375794887543,0.3834395706653595
3604,0.3675663404700058,0.3067873418331146,0.37614619731903076
3605,0.3361504139341079,0.36345070600509644,0.35198336839675903
3606,0.29530970943744056,0.41043850779533386,0.3172043561935425
3607,0.25132741228718347,0.4461669921875,0.27754488587379456
3608,0.21048670779051615,0.46880877017974854,0.2376604974269867
3609,0.1759291886010284,0.4765247702598572,0.20073316991329193
3610,0.14765485471872028,0.46769043803215027,0.16840334236621857
3611,0.13194689145077132,0.44109705090522766,0.14094561338424683
3612,0.11938052083641214,0.3961522877216339,0.11752688139677048
3613,0.11309733552923255,0.3330700397491455,0.0965215265750885
3614,0.10681415022205297,0.25301891565322876,0.07590162754058838
3615,0.10053096491487339,0.15823404490947723,0.05365874618291855
3616,0.0879645943005142,0.05212239921092987,0.02820640429854393
3617,0.07225663103256524,-0.06066770851612091,-0.0012774951756000519
3618,0.0439822971502571,-0.17431028187274933,-0.034606680274009705
3619,0.012566370614359173,-0.2820928990840912,-0.07047925144433975
3620,-0.02827433388230814,-0.376941442489624,-0.10653689503669739
3621,-0.06597344572538566,-0.4520890414714813,-0.13960878551006317
3622,-0.10367255756846318,-0.501732349395752,-0.1661229282617569
3623,-0.13194689145077132,-0.5215219259262085,-0.18261636793613434
3624,-0.14765485471872028,-0.5088280439376831,-0.18622900545597076
3625,-0.1445132620651305,-0.4628424644470215,-0.1750773936510086
3626,-0.1288052987971815,-0.384638249874115,-0.14848248660564423
3627,-0.10053096491487339,-0.27727317810058594,-0.10709424316883087
3628,-0.05969026041820607,-0.14592944085597992,-0.052961789071559906
3629,-0.006283185307179587,0.002008911222219467,0.010468605905771255
3630,0.05654866776461628,0.15711486339569092,0.07850657403469086
3631,0.11938052083641214,0.3085132837295532,0.14560675621032715
3632,0.1790707812546182,0.4449975788593292,0.2060115486383438
3633,0.2293362637120549,0.5564734935760498,0.2545478045940399
3634,0.2670353755551324,0.6352629661560059,0.2873755395412445
3635,0.28588493147667116,0.6768265962600708,0.3024829626083374
3636,0.28588493147667116,0.6798275709152222,0.2998601496219635
3637,0.273318560862312,0.6458131074905396,0.2813970744609833
3638,0.24818581963359368,0.5788086652755737,0.2505439519882202
3639,0.21676989309769573,0.4849097728729248,0.21177507936954498
3640,0.18535396656179778,0.37178680300712585,0.16995780169963837
3641,0.15079644737231007,0.24803444743156433,0.12970726191997528
3642,0.12252211349000193,0.12240438163280487,0.09477321803569794
3643,0.10053096491487339,0.003021351993083954,0.0675455629825592
3644,0.0879645943005142,-0.10330046713352203,0.04879847168922424
3645,0.07853981633974483,-0.19154605269432068,0.03773203119635582
3646,0.07853981633974483,-0.2587357759475708,0.03227101266384125
3647,0.07853981633974483,-0.30389997363090515,0.02953934855759144
3648,0.07853981633974483,-0.3278184235095978,0.02643381617963314
3649,0.07539822368615504,-0.332573801279068,0.020221687853336334
3650,0.06597344572538566,-0.3209962248802185,0.009067296981811523
3651,0.05026548245743669,-0.296105295419693,-0.0076033324003219604
3652,0.031415926535897934,-0.2606675624847412,-0.028960011899471283
3653,0.006283185307179587,-0.2169470489025116,-0.05287322402000427
3654,-0.01884955592153876,-0.16665957868099213,-0.07625816762447357
3655,-0.04084070449666732,-0.11108827590942383,-0.09560956060886383
3656,-0.05654866776461628,-0.05130805820226669,-0.10762172937393188
3657,-0.05969026041820607,0.011526472866535187,-0.10975690186023712
3658,-0.05654866776461628,0.07588320970535278,-0.10065165162086487
3659,-0.047123889803846894,0.13961872458457947,-0.0803234651684761
3660,-0.02827433388230814,0.19988377392292023,-0.050198376178741455
3661,-0.006283185307179587,0.25321725010871887,-0.012987680733203888
3662,0.02199114857512855,0.29583239555358887,0.027583083137869835
3663,0.047123889803846894,0.32404467463493347,0.06720173358917236
3664,0.06911503837897544,0.33474576473236084,0.10152903199195862
3665,0.08482300164692441,0.3258207142353058,0.1268019676208496
3666,0.09110618695410401,0.296446830034256,0.14035095274448395
3667,0.0879645943005142,0.24726170301437378,0.14091026782989502
3668,0.08168140899333463,0.18041449785232544,0.12868061661720276
3669,0.07225663103256524,0.09949850291013718,0.10517390072345734
3670,0.05654866776461628,0.009341828525066376,0.07290032505989075
3671,0.03769911184307752,-0.08436848223209381,0.03495841845870018
3672,0.01884955592153876,-0.1756165623664856,-0.0054022036492824554
3673,0.0,-0.258666068315506,-0.04518107324838638
3674,-0.02199114857512855,-0.328627347946167,-0.0819358378648758
3675,-0.04084070449666732,-0.38186612725257874,-0.1139557808637619
3676,-0.05969026041820607,-0.41618967056274414,-0.1402716189622879
3677,-0.07225663103256524,-0.4308110773563385,-0.16051404178142548
3678,-0.0879645943005142,-0.4261380136013031,-0.17466947436332703
3679,-0.09738937226128358,-0.4034494161605835,-0.1828051656484604
3680,-0.10367255756846318,-0.3645321726799011,-0.18483366072177887
3681,-0.10367255756846318,-0.3113560378551483,-0.1803751140832901
3682,-0.10367255756846318,-0.24586015939712524,-0.1687478870153427
3683,-0.10367255756846318,-0.1698964685201645,-0.14909245073795319
3684,-0.09738937226128358,-0.08532608300447464,-0.1206015795469284
3685,-0.08482300164692441,0.0057724956423044205,-0.08282285183668137
3686,-0.05969026041820607,0.10084732621908188,-0.035993292927742004
3687,-0.025132741228718346,0.19663791358470917,0.01864718645811081
3688,0.02199114857512855,0.28904643654823303,0.07863444089889526
3689,0.07225663103256524,0.3732016682624817,0.1402459293603897
3690,0.1288052987971815,0.44376495480537415,0.198734849691391
3691,0.18221237390820802,0.49544697999954224,0.24884913861751556
3692,0.2261946710584651,0.5236207246780396,0.285548597574234
3693,0.257610597594363,0.5248903632164001,0.30474382638931274
3694,0.2670353755551324,0.4975223243236542,0.30388644337654114
3695,0.257610597594363,0.441738098859787,0.28235337138175964
3696,0.23561944901923448,0.3599194288253784,0.24165736138820648
3697,0.19792033717615698,0.2567507028579712,0.18547675013542175
3698,0.14765485471872028,0.13924019038677216,0.1194789856672287
3699,0.09110618695410401,0.01647486723959446,0.050918370485305786
3700,0.03769911184307752,-0.10104236006736755,-0.012090235948562622
3701,-0.006283185307179587,-0.20249319076538086,-0.06170301139354706
3702,-0.03455751918948772,-0.27805450558662415,-0.09164769947528839
3703,-0.0439822971502571,-0.3200281262397766,-0.09810663759708405
3704,-0.031415926535897934,-0.32351231575012207,-0.07984674721956253
3705,0.006283185307179587,-0.2866518199443817,-0.03791755437850952
3706,0.053407075111026485,-0.2107178121805191,0.024610543623566628
3707,0.11623892818282235,-0.10020087659358978,0.10279422253370285
3708,0.1916371518689774,0.0371432788670063,0.190044105052948
3709,0.2670353755551324,0.19054777920246124,0.2785867154598236
3710,0.33929200658769765,0.347049355506897,0.36021503806114197
3711,0.39584067435231396,0.49292632937431335,0.42726582288742065
3712,0.4366813788489812,0.6154909133911133,0.47356146574020386
3713,0.4523893421169302,0.7046653032302856,0.49497509002685547
3714,0.44610615680975063,0.7538028955459595,0.48955556750297546
3715,0.4146902302738527,0.7596434354782104,0.4573866128921509
3716,0.36442474781641604,0.7217719554901123,0.40023115277290344
3717,0.29530970943744056,0.6420466899871826,0.32108381390571594
3718,0.20734511513692636,0.5242220163345337,0.22390665113925934
3719,0.10681415022205297,0.3737856149673462,0.1136007085442543
3720,0.0,0.19797596335411072,-0.004000931978225708
3721,-0.10681415022205297,0.005911614745855331,-0.12233181297779083
3722,-0.21048670779051615,-0.19139915704727173,-0.23458099365234375
3723,-0.3047344873982099,-0.38154685497283936,-0.33439722657203674
3724,-0.3832743037379548,-0.5519407987594604,-0.4165840148925781
3725,-0.44610615680975063,-0.6915336847305298,-0.4775529205799103
3726,-0.48694686130641796,-0.7923511266708374,-0.51544189453125
3727,-0.5026548245743669,-0.8501478433609009,-0.5299912691116333
3728,-0.49637163926718736,-0.8641355037689209,-0.5223435163497925
3729,-0.47752208334564855,-0.8363256454467773,-0.49487271904945374
3730,-0.4429645641561608,-0.7710109949111938,-0.4510253667831421
3731,-0.3989822670059037,-0.6744694709777832,-0.39511531591415405
3732,-0.3455751918948773,-0.5546858310699463,-0.3320505917072296
3733,-0.289026524130261,-0.4209221303462982,-0.26700684428215027
3734,-0.2324778563656447,-0.28306928277015686,-0.20502571761608124
3735,-0.18221237390820802,-0.15078172087669373,-0.1505172848701477
3736,-0.13823007675795088,-0.03251255303621292,-0.10671477019786835
3737,-0.10681415022205297,0.0653369277715683,-0.07518978416919708
3738,-0.0879645943005142,0.1389857530593872,-0.05554743856191635
3739,-0.08168140899333463,0.1875249743461609,-0.04539401829242706
3740,-0.07853981633974483,0.21287615597248077,-0.040630459785461426
3741,-0.07853981633974483,0.21945610642433167,-0.03606598824262619
3742,-0.07225663103256524,0.21354429423809052,-0.02625151351094246
3743,-0.05654866776461628,0.20239844918251038,-0.0063349902629852295
3744,-0.02199114857512855,0.19323354959487915,0.02724607102572918
3745,0.02827433388230814,0.19221453368663788,0.07627895474433899
3746,0.10053096491487339,0.20359602570533752,0.1404258906841278
3747,0.18535396656179778,0.22910892963409424,0.21698243916034698
3748,0.2827433388230814,0.2676635980606079,0.30085745453834534
3749,0.38013271108436497,0.3154447078704834,0.384932279586792
3750,0.4680973053848792,0.3664609491825104,0.4608432352542877
3751,0.5372123437638546,0.41351160407066345,0.520082950592041
3752,0.578053048260522,0.44937485456466675,0.5552035570144653
3753,0.5874778262212914,0.4679255783557892,0.5608843564987183
3754,0.562345084992573,0.46495193243026733,0.5347510576248169
3755,0.5057964172279567,0.4386063516139984,0.4777483344078064
3756,0.4178318229274425,0.3895615339279175,0.39388909935951233
3757,0.31101767270538955,0.32095783948898315,0.2897809147834778
3758,0.18535396656179778,0.23813670873641968,0.17428189516067505
3759,0.05969026041820607,0.1480807662010193,0.05800296366214752
3760,-0.05654866776461628,0.05853034555912018,-0.0477503165602684
3761,-0.15079644737231007,-0.02308477833867073,-0.13277021050453186
3762,-0.21991148575128552,-0.09061209112405777,-0.19005738198757172
3763,-0.25446900494077324,-0.13979995250701904,-0.21697786450386047
3764,-0.25446900494077324,-0.16851936280727386,-0.21481390297412872
3765,-0.2293362637120549,-0.176674947142601,-0.18765047192573547
3766,-0.1790707812546182,-0.1658998280763626,-0.14144429564476013
3767,-0.11623892818282235,-0.13907141983509064,-0.08315380662679672
3768,-0.047123889803846894,-0.09967648983001709,-0.01974477991461754
3769,0.02199114857512855,-0.05112995207309723,0.042753953486680984
3770,0.09110618695410401,0.0037682149559259415,0.0999542698264122
3771,0.15079644737231007,0.06307493895292282,0.14948680996894836
3772,0.20106192982974677,0.1255996972322464,0.1909695416688919
3773,0.24504422698000386,0.19053606688976288,0.22552981972694397
3774,0.2796017461694916,0.25694793462753296,0.2549847364425659
3775,0.3047344873982099,0.3231901228427887,0.28087037801742554
3776,0.32358404331974866,0.38634148240089417,0.3035487234592438
3777,0.3298672286269283,0.44178998470306396,0.3216024339199066
3778,0.3298672286269283,0.48314350843429565,0.33164554834365845
3779,0.31730085801256913,0.5025866627693176,0.32860109210014343
3780,0.29216811678385074,0.49167582392692566,0.30639147758483887
3781,0.23876104167282428,0.44243746995925903,0.25877881050109863
3782,0.15707963267948966,0.34860676527023315,0.18007567524909973
3783,0.03769911184307752,0.20701873302459717,0.06594911217689514
3784,-0.11623892818282235,0.019391464069485664,-0.08492287248373032
3785,-0.29216811678385074,-0.20542070269584656,-0.26800739765167236
3786,-0.4932300466135975,-0.4496302008628845,-0.47071585059165955
3787,-0.6880087911361648,-0.6874797344207764,-0.6747450828552246
3788,-0.8765043503515523,-0.8906865119934082,-0.862155556678772
3789,-1.0273007977238624,-1.0359214544296265,-1.0178228616714478
3790,-1.1309733552923256,-1.1088157892227173,-1.1270750761032104
3791,-1.1780972450961724,-1.1026041507720947,-1.1767534017562866
3792,-1.152964503867454,-1.0152262449264526,-1.1580647230148315
3793,-1.0524335389525807,-0.8484131097793579,-1.0625478029251099
3794,-0.8670795723907829,-0.6078685522079468,-0.8811889886856079
3795,-0.5937610115284709,-0.30408716201782227,-0.6142457723617554
3796,-0.257610597594363,0.04420625418424606,-0.27986207604408264
3797,0.1288052987971815,0.40599149465560913,0.0968710258603096
3798,0.5277875658030853,0.7401453256607056,0.48839059472084045
3799,0.8984954989266809,1.0076289176940918,0.8560872077941895
3800,1.2095131716320704,1.184761643409729,1.1826516389846802
3801,1.4514158059584845,1.2648364305496216,1.4443026781082153
3802,1.6179202165987436,1.2502065896987915,1.625503420829773
3803,1.6933184402848986,1.1467448472976685,1.7143001556396484
3804,1.687035254977719,0.9645735025405884,1.7161190509796143
3805,1.592787475370025,0.7190114259719849,1.6439553499221802
3806,1.4231414720761764,0.43006303906440735,1.4913569688796997
3807,1.1718140597889928,0.12292732298374176,1.2565306425094604
3808,0.8607963870836034,-0.17289966344833374,0.9529134035110474
3809,0.5057964172279567,-0.4285670816898346,0.598686695098877
3810,0.1288052987971815,-0.6225631237030029,0.21724024415016174
3811,-0.2324778563656447,-0.7436884641647339,-0.15874500572681427
3812,-0.546637121724624,-0.7892392873764038,-0.4943517744541168
3813,-0.7853981633974483,-0.7621297836303711,-0.7625259160995483
3814,-0.9550441666912971,-0.669811487197876,-0.9519538879394531
3815,-1.0367255756846316,-0.5246336460113525,-1.0595883131027222
3816,-1.0398671683382215,-0.34346044063568115,-1.0881924629211426
3817,-0.9738937226128359,-0.14582855999469757,-1.0454957485198975
3818,-0.8513716091228339,0.048295147716999054,-0.9404066801071167
3819,-0.6817256058289851,0.22034874558448792,-0.7823829650878906
3820,-0.48066367599923837,0.35489746928215027,-0.5848395824432373
3821,-0.2670353755551324,0.44117361307144165,-0.36760926246643066
3822,-0.06283185307179587,0.4736592173576355,-0.1527690291404724
3823,0.11623892818282235,0.45175787806510925,0.0420740582048893
3824,0.25446900494077324,0.37931981682777405,0.2035464346408844
3825,0.3455751918948773,0.2644159197807312,0.31922009587287903
3826,0.3895574890451343,0.1189122125506401,0.3813798427581787
3827,0.38013271108436497,-0.042513176798820496,0.391151487827301
3828,0.3298672286269283,-0.20372581481933594,0.3562372326850891
3829,0.24818581963359368,-0.3487251400947571,0.28747832775115967
3830,0.15079644737231007,-0.46340012550354004,0.19805625081062317
3831,0.053407075111026485,-0.5370273590087891,0.1025465652346611
3832,-0.03455751918948772,-0.5628945827484131,0.015685196965932846
3833,-0.09738937226128358,-0.5380823612213135,-0.04982133209705353
3834,-0.12566370614359174,-0.46307674050331116,-0.08586990833282471
3835,-0.11938052083641214,-0.34177157282829285,-0.08975852280855179
3836,-0.08168140899333463,-0.1818455159664154,-0.0629817396402359
3837,-0.015707963267948967,0.004939630627632141,-0.010177884250879288
3838,0.06911503837897544,0.20302234590053558,0.06104254722595215
3839,0.16022122533307945,0.3943299651145935,0.14049848914146423
3840,0.24504422698000386,0.5606743097305298,0.2165120244026184
3841,0.31730085801256913,0.6866276264190674,0.2775347828865051
3842,0.3581415625092364,0.7616019248962402,0.3141240179538727
3843,0.3675663404700058,0.7803076505661011,0.3204658627510071
3844,0.33929200658769765,0.7420920133590698,0.2947625517845154
3845,0.2796017461694916,0.6503212451934814,0.239170640707016
3846,0.19477874452256716,0.5124036073684692,0.15982261300086975
3847,0.09110618695410401,0.34008532762527466,0.06637163460254669
3848,-0.01884955592153876,0.14924868941307068,-0.028944335877895355
3849,-0.11623892818282235,-0.04132681339979172,-0.11257757246494293
3850,-0.18849555921538758,-0.21224936842918396,-0.17188207805156708
3851,-0.2261946710584651,-0.3462655544281006,-0.19774989783763885
3852,-0.21991148575128552,-0.4305044412612915,-0.1856335699558258
3853,-0.16964600329384882,-0.4574543535709381,-0.13482214510440826
3854,-0.08168140899333463,-0.42485398054122925,-0.04792629927396774
3855,0.03769911184307752,-0.3354305028915405,0.06871582567691803
3856,0.18221237390820802,-0.1970963180065155,0.2047276645898819
3857,0.3361504139341079,-0.02320389449596405,0.34626829624176025
3858,0.47752208334564855,0.16810624301433563,0.4773910641670227
3859,0.5937610115284709,0.35598626732826233,0.5821155309677124
3860,0.669159235214626,0.5200146436691284,0.6471294164657593
3861,0.6942919764433443,0.6432987451553345,0.663480281829834
3862,0.6628760499074464,0.7143179178237915,0.6271839141845703
3863,0.5811946409141117,0.7270568609237671,0.5396276712417603
3864,0.4429645641561608,0.6801629066467285,0.40579095482826233
3865,0.2701769682087222,0.576292872428894,0.2330373078584671
3866,0.05969026041820607,0.4221755564212799,0.032647449523210526
3867,-0.16022122533307945,0.22898493707180023,-0.17926600575447083
3868,-0.37070793312359557,0.012181703001260757,-0.38404548168182373
3869,-0.5560618996853934,-0.2096738964319229,-0.5642080307006836
3870,-0.7037167544041136,-0.4170500934123993,-0.7051504850387573
3871,-0.7979645340118074,-0.5921459197998047,-0.7960880994796753
3872,-0.8388052385084748,-0.7214877605438232,-0.8317193984985352
3873,-0.8230972752405259,-0.7973593473434448,-0.8114680051803589
3874,-0.7539822368615503,-0.8175358772277832,-0.7377176284790039
3875,-0.6346017160251383,-0.7840875387191772,-0.6156790256500244
3876,-0.47438049069205873,-0.7024035453796387,-0.45431065559387207
3877,-0.29216811678385074,-0.5807545185089111,-0.266616553068161
3878,-0.09424777960769379,-0.42998018860816956,-0.06848953664302826
3879,0.10367255756846318,-0.2629479467868805,0.12277199327945709
3880,0.273318560862312,-0.09374155104160309,0.28949034214019775
3881,0.40212385965949354,0.06342532485723495,0.41460752487182617
3882,0.48066367599923837,0.19559785723686218,0.4853975176811218
3883,0.4995132319207771,0.2925233244895935,0.4969536066055298
3884,0.4586725274241098,0.3476680815219879,0.450251042842865
3885,0.37070793312359557,0.3585907816886902,0.35104385018348694
3886,0.23876104167282428,0.32690322399139404,0.20939581096172333
3887,0.07225663103256524,0.258114755153656,0.038842566311359406
3888,-0.10053096491487339,0.1613505780696869,-0.14289435744285583
3889,-0.26389378290154264,0.04871106147766113,-0.31519874930381775
3890,-0.40840704496667307,-0.06588026881217957,-0.457238107919693
3891,-0.5057964172279567,-0.16825059056282043,-0.5512193441390991
3892,-0.5434955290710342,-0.2456568479537964,-0.5866013765335083
3893,-0.5215043804959058,-0.2881599962711334,-0.559332013130188
3894,-0.43982297150257105,-0.2894534170627594,-0.4687950909137726
3895,-0.2984513020910304,-0.24726596474647522,-0.31918975710868835
3896,-0.11309733552923255,-0.16363473236560822,-0.12175260484218597
3897,0.10681415022205297,-0.04513520747423172,0.1063748374581337
3898,0.3298672286269283,0.0972432941198349,0.34412282705307007
3899,0.5403539364174444,0.2490604966878891,0.5687565803527832
3900,0.7194247176720626,0.39439618587493896,0.7582513093948364
3901,0.8482300164692441,0.5183983445167542,0.8935585021972656
3902,0.9173450548482196,0.6095455884933472,0.9640769958496094
3903,0.9204866475018093,0.6608933210372925,0.9677339792251587
3904,0.8607963870836034,0.6702427864074707,0.9072422981262207
3905,0.7476990515543708,0.6397620439529419,0.7881125211715698
3906,0.5874778262212914,0.5755358934402466,0.6216226816177368
3907,0.40212385965949354,0.4869999587535858,0.42587393522262573
3908,0.21048670779051615,0.3858565092086792,0.22159886360168457
3909,0.031415926535897934,0.28427934646606445,0.029197322204709053
3910,-0.11309733552923255,0.19279465079307556,-0.13129526376724243
3911,-0.21676989309769573,0.11855930089950562,-0.2436215877532959
3912,-0.2701769682087222,0.06452328711748123,-0.301521897315979
3913,-0.2701769682087222,0.029444191604852676,-0.30837583541870117
3914,-0.23561944901923448,0.008408410474658012,-0.27313217520713806
3915,-0.1790707812546182,-0.006352514028549194,-0.2092355340719223
3916,-0.11309733552923255,-0.024246536195278168,-0.1341046690940857
3917,-0.05969026041820607,-0.05462097376585007,-0.06631994247436523
3918,-0.02827433388230814,-0.10482539236545563,-0.021674327552318573
3919,-0.031415926535897934,-0.1784212291240692,-0.010199248790740967
3920,-0.06911503837897544,-0.27379998564720154,-0.035104550421237946
3921,-0.13194689145077132,-0.38348907232284546,-0.09319499135017395
3922,-0.21991148575128552,-0.49466457962989807,-0.17526623606681824
3923,-0.31101767270538955,-0.5912812948226929,-0.26672640442848206
3924,-0.39269908169872414,-0.6573024988174438,-0.350168913602829
3925,-0.44924774946334045,-0.6795016527175903,-0.40901461243629456
3926,-0.4586725274241098,-0.6487164497375488,-0.42989382147789
3927,-0.4178318229274425,-0.5599524974822998,-0.4035826325416565
3928,-0.32672563597333854,-0.4125095307826996,-0.32538771629333496
3929,-0.18221237390820802,-0.21093320846557617,-0.19581438601016998
3930,0.0031415926535897933,0.033034130930900574,-0.022809293121099472
3931,0.21362830044410594,0.29846638441085815,0.1776932179927826
3932,0.4272566008882119,0.5561925172805786,0.384973406791687
3933,0.6220353454107791,0.7751984596252441,0.576846718788147
3934,0.7728317927830891,0.9313606023788452,0.7312039136886597
3935,0.8639379797371931,1.0115467309951782,0.8282809257507324
3936,0.8859291283123216,1.011311411857605,0.8551219701766968
3937,0.835663645854885,0.9310190677642822,0.8084121942520142
3938,0.7099999397112933,0.7746589183807373,0.6930967569351196
3939,0.5183627878423158,0.551167368888855,0.516633152961731
3940,0.28588493147667116,0.27640199661254883,0.29060399532318115
3941,0.02199114857512855,-0.025676820427179337,0.034041628241539
3942,-0.25132741228718347,-0.32479408383369446,-0.2281438112258911
3943,-0.49637163926718736,-0.5900983810424805,-0.47076037526130676
3944,-0.7037167544041136,-0.7971738576889038,-0.673662543296814
3945,-0.8513716091228339,-0.9320617914199829,-0.821857213973999
3946,-0.9330530181161686,-0.9904619455337524,-0.9058188199996948
3947,-0.9456193887305278,-0.9743458032608032,-0.9227745532989502
3948,-0.8922123136195013,-0.8895360231399536,-0.8751983642578125
3949,-0.7822565707438585,-0.7453451156616211,-0.7688380479812622
3950,-0.6188937527571892,-0.554572343826294,-0.6119352579116821
3951,-0.4146902302738527,-0.3325035870075226,-0.4162285327911377
3952,-0.18849555921538758,-0.09547482430934906,-0.19661933183670044
3953,0.0439822971502571,0.1400878131389618,0.03137443959712982
3954,0.273318560862312,0.35841816663742065,0.2530268132686615
3955,0.47752208334564855,0.5457820892333984,0.4536196291446686
3956,0.637743308678728,0.6921221017837524,0.6183981895446777
3957,0.7571238295151402,0.7918508052825928,0.736696720123291
3958,0.8262388678941156,0.8435342311859131,0.805469274520874
3959,0.8482300164692441,0.8489664793014526,0.8264198303222656
3960,0.8230972752405259,0.8121249675750732,0.8021292686462402
3961,0.7539822368615503,0.7382470369338989,0.7359333038330078
3962,0.6471680866394973,0.6332393884658813,0.6328303813934326
3963,0.5089380098815465,0.5035669207572937,0.49994274973869324
3964,0.34871678454846705,0.35645726323127747,0.3460937440395355
3965,0.1790707812546182,0.20001868903636932,0.18136514723300934
3966,0.015707963267948967,0.04308929294347763,0.017440441995859146
3967,-0.1413716694115407,-0.10508257150650024,-0.13250328600406647
3968,-0.2670353755551324,-0.23532754182815552,-0.2554711401462555
3969,-0.3581415625092364,-0.33931928873062134,-0.3414786756038666
3970,-0.4052654523130833,-0.41051748394966125,-0.3854863941669464
3971,-0.40840704496667307,-0.44493111968040466,-0.3868309259414673
3972,-0.37070793312359557,-0.4414423108100891,-0.3480309844017029
3973,-0.2984513020910304,-0.401781290769577,-0.27470120787620544
3974,-0.20106192982974677,-0.3303687274456024,-0.17567244172096252
3975,-0.08482300164692441,-0.23409545421600342,-0.06237989664077759
3976,0.031415926535897934,-0.12194277346134186,0.05228503420948982
3977,0.1413716694115407,-0.004342511296272278,0.15519943833351135
3978,0.2293362637120549,0.10774065554141998,0.23458033800125122
3979,0.28588493147667116,0.2039361149072647,0.28206902742385864
3980,0.3047344873982099,0.2756219506263733,0.29385247826576233
3981,0.28588493147667116,0.31682145595550537,0.270036906003952
3982,0.23561944901923448,0.32462871074676514,0.21406300365924835
3983,0.16022122533307945,0.2991999387741089,0.1324659287929535
3984,0.06283185307179587,0.24349457025527954,0.033963754773139954
3985,-0.047123889803846894,0.1628701239824295,-0.07145844399929047
3986,-0.15079644737231007,0.06450706720352173,-0.17325834929943085
3987,-0.24504422698000386,-0.04334695637226105,-0.26152291893959045
3988,-0.32358404331974866,-0.15221114456653595,-0.3285405933856964
3989,-0.37070793312359557,-0.2541444003582001,-0.3699539303779602
3990,-0.38641589639154456,-0.3423721492290497,-0.38483870029449463
3991,-0.38013271108436497,-0.41172680258750916,-0.3749189078807831
3992,-0.35499996985564664,-0.45883673429489136,-0.3436874449253082
3993,-0.31101767270538955,-0.48201361298561096,-0.29569968581199646
3994,-0.257610597594363,-0.48089030385017395,-0.23587927222251892
3995,-0.1916371518689774,-0.4559531807899475,-0.16886353492736816
3996,-0.12252211349000193,-0.4081293046474457,-0.09854987263679504
3997,-0.05026548245743669,-0.3385571539402008,-0.027900390326976776
3998,0.02199114857512855,-0.2486167848110199,0.041037462651729584
3999,0.09424777960769379,-0.1402059942483902,0.1069597378373146
4000,0.16336281798666927,-0.016150306910276413,0.16903220117092133
4001,0.2293362637120549,0.1193832978606224,0.22656506299972534
4002,0.289026524130261,0.2605826258659363,0.2787041664123535
4003,0.33929200658769765,0.39994925260543823,0.32422053813934326
4004,0.37699111843077515,0.5287250280380249,0.3614562749862671
4005,0.40212385965949354,0.6378644704818726,0.38844621181488037
4006,0.41154863762026295,0.7193087339401245,0.4032004177570343
4007,0.4052654523130833,0.7670867443084717,0.40410101413726807
4008,0.3895574890451343,0.777891993522644,0.3903469443321228
4009,0.3581415625092364,0.7511575222015381,0.3623495399951935
4010,0.31730085801256913,0.6888939142227173,0.32197344303131104
4011,0.2701769682087222,0.5954949855804443,0.272538423538208
4012,0.21676989309769573,0.47750526666641235,0.21853061020374298
4013,0.16336281798666927,0.34321829676628113,0.1650148183107376
4014,0.11623892818282235,0.20198282599449158,0.11679854989051819
4015,0.07539822368615504,0.06319262087345123,0.07750841230154037
4016,0.05026548245743669,-0.06486822664737701,0.04882967099547386
4017,0.03455751918948772,-0.17600436508655548,0.03012934885919094
4018,0.02827433388230814,-0.26665326952934265,0.01853630691766739
4019,0.025132741228718346,-0.3359556496143341,0.009434303268790245
4020,0.02199114857512855,-0.3854561746120453,-0.002718348056077957
4021,0.00942477796076938,-0.41850849986076355,-0.02336789295077324
4022,-0.015707963267948967,-0.43940916657447815,-0.056831203401088715
4023,-0.05654866776461628,-0.4523266553878784,-0.105384960770607
4024,-0.11623892818282235,-0.4602012038230896,-0.1684587150812149
4025,-0.1916371518689774,-0.4638810455799103,-0.24197790026664734
4026,-0.273318560862312,-0.4617518186569214,-0.3182792067527771
4027,-0.3455751918948773,-0.4499918222427368,-0.3870637118816376
4028,-0.40212385965949354,-0.42336350679397583,-0.43723899126052856
4029,-0.4303981935418017,-0.3762594163417816,-0.4588184952735901
4030,-0.4209734155810323,-0.30375176668167114,-0.4439696669578552
4031,-0.37070793312359557,-0.20260749757289886,-0.3872559666633606
4032,-0.27646015351590175,-0.0723530575633049,-0.28617772459983826
4033,-0.1413716694115407,0.08358129113912582,-0.14279323816299438
4034,0.02827433388230814,0.2568110525608063,0.03445001691579819
4035,0.21991148575128552,0.4336652457714081,0.23061446845531464
4036,0.40840704496667307,0.5965464115142822,0.42621660232543945
4037,0.578053048260522,0.7272841930389404,0.6002986431121826
4038,0.7099999397112933,0.8110028505325317,0.7329734563827515
4039,0.7822565707438585,0.8382340669631958,0.8084594011306763
4040,0.7916813487046279,0.8047457933425903,0.8170642852783203
4041,0.7351326809400116,0.7106422185897827,0.7570887804031372
4042,0.6157521601035995,0.5602400302886963,0.6339439153671265
4043,0.4366813788489812,0.3629011809825897,0.4566095769405365
4044,0.2261946710584651,0.1340942084789276,0.23961141705513
4045,-0.00942477796076938,-0.10455508530139923,0.004580764099955559
4046,-0.2324778563656447,-0.32774999737739563,-0.22334805130958557
4047,-0.4209734155810323,-0.51161789894104,-0.4192521870136261
4048,-0.5529203070318035,-0.6386604309082031,-0.5604902505874634
4049,-0.6157521601035995,-0.6994962692260742,-0.6333091259002686
4050,-0.6094689747964198,-0.6915509700775146,-0.6346771717071533
4051,-0.5372123437638546,-0.6173449754714966,-0.5670789480209351
4052,-0.40840704496667307,-0.4842217266559601,-0.4382934868335724
4053,-0.23876104167282428,-0.3050875961780548,-0.2630624771118164
4054,-0.03769911184307752,-0.09845401346683502,-0.06184937059879303
4055,0.16022122533307945,0.11341743171215057,0.14214755594730377
4056,0.3361504139341079,0.30793488025665283,0.3260936141014099
4057,0.4680973053848792,0.46572431921958923,0.4687850773334503
4058,0.5434955290710342,0.5729361772537231,0.5537815093994141
4059,0.5592034923389833,0.6218304634094238,0.5744771957397461
4060,0.5120796025351363,0.6101773977279663,0.5312272310256958
4061,0.41154863762026295,0.540502667427063,0.43118637800216675
4062,0.2607521902479529,0.4198053777217865,0.28602826595306396
4063,0.0879645943005142,0.25937986373901367,0.10878238826990128
4064,-0.10053096491487339,0.07395118474960327,-0.08435608446598053
4065,-0.2796017461694916,-0.1199590265750885,-0.2747362554073334
4066,-0.4429645641561608,-0.30577582120895386,-0.4444800615310669
4067,-0.5686282702997526,-0.46838268637657166,-0.578666090965271
4068,-0.6503096792930871,-0.5955995321273804,-0.6671830415725708
4069,-0.6848671984825748,-0.6793633699417114,-0.7059006690979004
4070,-0.669159235214626,-0.7158796787261963,-0.6948868036270142
4071,-0.6063273821428301,-0.7047374248504639,-0.6364836692810059
4072,-0.5057964172279567,-0.6477584838867188,-0.5346887111663818
4073,-0.37070793312359557,-0.54816734790802,-0.395111083984375
4074,-0.20106192982974677,-0.41022351384162903,-0.22502684593200684
4075,-0.012566370614359173,-0.23937466740608215,-0.032949239015579224
4076,0.18221237390820802,-0.04294080287218094,0.17139050364494324
4077,0.3738495257771854,0.16905216872692108,0.3760215938091278
4078,0.5497787143782138,0.383592426776886,0.5669199228286743
4079,0.7068583470577035,0.5854463577270508,0.7306792736053467
4080,0.8262388678941156,0.7590142488479614,0.8571922779083252
4081,0.9016370915802706,0.8907525539398193,0.940106987953186
4082,0.9299114254625788,0.970991849899292,0.9751006364822388
4083,0.91106186954104,0.9942362308502197,0.9583836793899536
4084,0.835663645854885,0.9583215713500977,0.8869518041610718
4085,0.713141532364883,0.8636277914047241,0.7602379322052002
4086,0.5372123437638546,0.7130402326583862,0.5816779136657715
4087,0.31730085801256913,0.5125598311424255,0.3588341176509857
4088,0.07853981633974483,0.27229467034339905,0.10411479324102402
4089,-0.17278759594743864,0.007582183927297592,-0.16320738196372986
4090,-0.4178318229274425,-0.2606043815612793,-0.4192449748516083
4091,-0.6251769380643689,-0.5074644088745117,-0.6431127786636353
4092,-0.7853981633974483,-0.7090198993682861,-0.8187844753265381
4093,-0.8859291283123216,-0.8473774194717407,-0.9317911863327026
4094,-0.9204866475018093,-0.9128856658935547,-0.97232985496521
4095,-0.8765043503515523,-0.9024181365966797,-0.9369003772735596
4096,-0.7571238295151402,-0.8167684078216553,-0.824951171875
4097,-0.5717698629533423,-0.6599067449569702,-0.6390432119369507
4098,-0.33300882128051806,-0.4401157796382904,-0.3901776671409607
4099,-0.047123889803846894,-0.17166770994663239,-0.09826947748661041
4100,0.257610597594363,0.12408052384853363,0.21431997418403625
4101,0.5497787143782138,0.4194301962852478,0.521390438079834
4102,0.8011061266653973,0.684249758720398,0.7973419427871704
4103,1.0084512418023235,0.8925555944442749,1.0196964740753174
4104,1.1435397259066846,1.027942180633545,1.170792818069458
4105,1.200088393671301,1.0839241743087769,1.2470381259918213
4106,1.1780972450961724,1.060268759727478,1.2422890663146973
4107,1.0744246875277093,0.9598835706710815,1.1521170139312744
4108,0.8953539062730911,0.7884911298751831,0.9792062044143677
4109,0.6471680866394973,0.5557384490966797,0.730988621711731
4110,0.3455751918948773,0.2762167751789093,0.42192342877388
4111,0.0031415926535897933,-0.02986658364534378,0.07364147901535034
4112,-0.3361504139341079,-0.3369849622249603,-0.2869066298007965
4113,-0.6534512719466771,-0.6170892715454102,-0.6279758214950562
4114,-0.9299114254625788,-0.8453353643417358,-0.9254672527313232
4115,-1.1592476891746337,-1.0056753158569336,-1.1695868968963623
4116,-1.3226105071613028,-1.0921244621276855,-1.3533960580825806
4117,-1.4199998794225865,-1.1057729721069336,-1.4721876382827759
4118,-1.4514158059584845,-1.0515456199645996,-1.5258700847625732
4119,-1.4168582867689967,-0.9371672868728638,-1.5138225555419922
4120,-1.3194689145077132,-0.7730120420455933,-1.4341130256652832
4121,-1.156106096521044,-0.5713320970535278,-1.287371277809143
4122,-0.9361946107697584,-0.34552136063575745,-1.0796672105789185
4123,-0.6597344572538566,-0.1099233627319336,-0.8173102140426636
4124,-0.3518583772020568,0.120600126683712,-0.5073018074035645
4125,-0.015707963267948967,0.33193808794021606,-0.1663675606250763
4126,0.3078760800517997,0.5122471451759338,0.18282528221607208
4127,0.6000441968356505,0.65297532081604,0.5119301080703735
4128,0.8482300164692441,0.7493565082550049,0.7977505922317505
4129,1.0367255756846316,0.8004637956619263,1.0279783010482788
4130,1.1623892818282233,0.8087239265441895,1.1933742761611938
4131,1.2252211349000193,0.7789793014526367,1.2976313829421997
4132,1.228362727553609,0.7174805402755737,1.3412468433380127
4133,1.1718140597889928,0.6311278343200684,1.3207075595855713
4134,1.0618583169133502,0.5270044207572937,1.2384780645370483
4135,0.9016370915802706,0.4120624363422394,1.0997775793075562
4136,0.7037167544041136,0.29286864399909973,0.911335825920105
4137,0.48066367599923837,0.17541974782943726,0.6831053495407104
4138,0.23561944901923448,0.06501399725675583,0.42769530415534973
4139,0.0,-0.03384050726890564,0.16058804094791412
4140,-0.21362830044410594,-0.11745762825012207,-0.09910173714160919
4141,-0.39269908169872414,-0.18293535709381104,-0.3314582407474518
4142,-0.5277875658030853,-0.22810184955596924,-0.5201801061630249
4143,-0.6031857894892403,-0.25151216983795166,-0.6546900272369385
4144,-0.6283185307179586,-0.2525092363357544,-0.7294063568115234
4145,-0.5969026041820608,-0.23131665587425232,-0.7417136430740356
4146,-0.5183627878423158,-0.18915680050849915,-0.6916429996490479
4147,-0.3895574890451343,-0.12840035557746887,-0.5829428434371948
4148,-0.2293362637120549,-0.052728213369846344,-0.42434394359588623
4149,-0.05026548245743669,0.032756876200437546,-0.23026683926582336
4150,0.13823007675795088,0.12155790627002716,-0.018922343850135803
4151,0.3047344873982099,0.20604059100151062,0.19033411145210266
4152,0.44610615680975063,0.2779785394668579,0.3773227632045746
4153,0.5403539364174444,0.32935935258865356,0.5218331813812256
4154,0.5811946409141117,0.3533092439174652,0.6093721389770508
4155,0.5654866776461628,0.34493303298950195,0.6340011358261108
4156,0.4932300466135975,0.30195319652557373,0.5943551063537598
4157,0.3675663404700058,0.22517822682857513,0.49437373876571655
4158,0.20734511513692636,0.11886593699455261,0.34298422932624817
4159,0.012566370614359173,-0.00908777117729187,0.15275925397872925
4160,-0.18221237390820802,-0.14739775657653809,-0.05818164348602295
4161,-0.3675663404700058,-0.2823730707168579,-0.26751425862312317
4162,-0.5183627878423158,-0.39967048168182373,-0.4527888000011444
4163,-0.6251769380643689,-0.4863794147968292,-0.5933434963226318
4164,-0.6660176425610361,-0.5326908826828003,-0.6739358901977539
4165,-0.6471680866394973,-0.5326676368713379,-0.6881197690963745
4166,-0.5654866776461628,-0.48430004715919495,-0.6350630521774292
4167,-0.4272566008882119,-0.38944950699806213,-0.5180367231369019
4168,-0.23876104167282428,-0.25405433773994446,-0.3464619815349579
4169,-0.025132741228718346,-0.08841764181852341,-0.1362726241350174
4170,0.20106192982974677,0.0930350199341774,0.09228692203760147
4171,0.40840704496667307,0.2730857729911804,0.3168405592441559
4172,0.5906194188748811,0.43413832783699036,0.5150896906852722
4173,0.713141532364883,0.5609633922576904,0.6659283638000488
4174,0.7728317927830891,0.6426749229431152,0.7544510364532471
4175,0.7665486074759096,0.6733267307281494,0.7752664089202881
4176,0.6974335690969341,0.6514725685119629,0.7294994592666626
4177,0.5717698629533423,0.5795323848724365,0.6236923933029175
4178,0.39584067435231396,0.4634517431259155,0.46734556555747986
4179,0.19477874452256716,0.3124680519104004,0.27329617738723755
4180,-0.02827433388230814,0.1385229527950287,0.05843512341380119
4181,-0.23876104167282428,-0.04483073204755783,-0.15818290412425995
4182,-0.42411500823462206,-0.2237667441368103,-0.3578479588031769
4183,-0.5749114556069321,-0.38549813628196716,-0.5245378017425537
4184,-0.6817256058289851,-0.5194997787475586,-0.647007942199707
4185,-0.7319910882864218,-0.6184945106506348,-0.7201160192489624
4186,-0.7351326809400116,-0.6788381338119507,-0.7439178228378296
4187,-0.6942919764433443,-0.7001241445541382,-0.7218936681747437
4188,-0.6157521601035995,-0.6842831373214722,-0.6595257520675659
4189,-0.5089380098815465,-0.6345802545547485,-0.5632966756820679
4190,-0.3738495257771854,-0.5547431707382202,-0.4403333067893982
4191,-0.2293362637120549,-0.44838204979896545,-0.2978973686695099
4192,-0.07539822368615504,-0.31887876987457275,-0.14256086945533752
4193,0.08482300164692441,-0.16976553201675415,0.019854962825775146
4194,0.2324778563656447,-0.005323786288499832,0.18312649428844452
4195,0.3738495257771854,0.16886943578720093,0.33972978591918945
4196,0.49637163926718736,0.3455035388469696,0.4815956950187683
4197,0.5969026041820608,0.5153533220291138,0.6017485857009888
4198,0.6723008278682158,0.6677490472793579,0.6951209306716919
4199,0.7225663103256524,0.7918648719787598,0.7580622434616089
4200,0.7414158662471911,0.8783196210861206,0.7875092029571533
4201,0.7257079029792423,0.9202717542648315,0.7808043956756592
4202,0.6785840131753953,0.913673996925354,0.736121416091919
4203,0.5937610115284709,0.8570507764816284,0.6530506610870361
4204,0.47752208334564855,0.7513331174850464,0.5331201553344727
4205,0.33300882128051806,0.599984884262085,0.38021641969680786
4206,0.16964600329384882,0.4094221591949463,0.20126837491989136
4207,-0.00942477796076938,0.18967722356319427,0.007123962044715881
4208,-0.18535396656179778,-0.04499416798353195,-0.1877085119485855
4209,-0.3424335992412874,-0.27640214562416077,-0.36717459559440613
4210,-0.47438049069205873,-0.4845230281352997,-0.5160276889801025
4211,-0.5686282702997526,-0.6511467695236206,-0.6216080188751221
4212,-0.6126105674500096,-0.7631545066833496,-0.675794243812561
4213,-0.6063273821428301,-0.8135249614715576,-0.6752719879150391
4214,-0.5497787143782138,-0.8002206087112427,-0.6200895309448242
4215,-0.4523893421169302,-0.7247203588485718,-0.513208270072937
4216,-0.3078760800517997,-0.5914852619171143,-0.36139923334121704
4217,-0.09424777960769379,-0.40827080607414246,-0.17545413970947266
4218,0.09424777960769379,-0.1866312325000763,0.03126193583011627
4219,0.28588493147667116,0.05783839151263237,0.24379368126392365
4220,0.4618141200776996,0.3059714734554291,0.4455997943878174
4221,0.6094689747964198,0.536799430847168,0.6197688579559326
4222,0.7162831250184728,0.730703592300415,0.7521100044250488
4223,0.7822565707438585,0.8727196455001831,0.8342607021331787
4224,0.7948229413582177,0.9540698528289795,0.8628352880477905
4225,0.7571238295151402,0.9712910652160645,0.8369244337081909
4226,0.669159235214626,0.9243183135986328,0.7572430372238159
4227,0.5403539364174444,0.8152211904525757,0.6262438297271729
4228,0.37070793312359557,0.6480563879013062,0.4487648904323578
4229,0.16650441064025903,0.4295029640197754,0.23221659660339355
4230,-0.05969026041820607,0.17011874914169312,-0.012682601809501648
4231,-0.2984513020910304,-0.11413294076919556,-0.27009689807891846
4232,-0.5215043804959058,-0.4013819098472595,-0.5206561088562012
4233,-0.7288494956328321,-0.6660525798797607,-0.7477924823760986
4234,-0.9016370915802706,-0.884009838104248,-0.9407711029052734
4235,-1.030442390377452,-1.0379834175109863,-1.090844988822937
4236,-1.108982206717197,-1.119400978088379,-1.188773512840271
4237,-1.1341149479459152,-1.1260534524917603,-1.227167010307312
4238,-1.093274243449248,-1.0590447187423706,-1.2013081312179565
4239,-0.9896016858807849,-0.9217817783355713,-1.1072388887405396
4240,-0.819955682586936,-0.7202826738357544,-0.9418190717697144
4241,-0.578053048260522,-0.4637247622013092,-0.7057783603668213
4242,-0.29216811678385074,-0.1657973825931549,-0.4090985655784607
4243,0.03769911184307752,0.1534201055765152,-0.07119368761777878
4244,0.36442474781641604,0.4670388698577881,0.2850954532623291
4245,0.6754424205218055,0.7447985410690308,0.6272376775741577
4246,0.9550441666912971,0.9603655338287354,0.9289858341217041
4247,1.1623892818282233,1.0977144241333008,1.172788381576538
4248,1.3006193585861743,1.1514862775802612,1.3431905508041382
4249,1.354026433697201,1.1228139400482178,1.435987949371338
4250,1.3288936924684824,1.0162265300750732,1.439481258392334
4251,1.21579635693925,0.8396843671798706,1.355332851409912
4252,1.0273007977238624,0.6054902076721191,1.1900053024291992
4253,0.7728317927830891,0.3307149410247803,0.9470685720443726
4254,0.45553093477052,0.03743671625852585,0.6382814645767212
4255,0.11938052083641214,-0.24807214736938477,0.28818780183792114
4256,-0.21676989309769573,-0.4987834393978119,-0.07212503254413605
4257,-0.5183627878423158,-0.6924686431884766,-0.4091680347919464
4258,-0.7571238295151402,-0.8156906366348267,-0.6932785511016846
4259,-0.9267698328089891,-0.8635185956954956,-0.9050840139389038
4260,-1.0084512418023235,-0.8367151021957397,-1.0320895910263062
4261,-1.0084512418023235,-0.7397857904434204,-1.069830298423767
4262,-0.9236282401553992,-0.5809352397918701,-1.0226479768753052
4263,-0.7665486074759096,-0.3725532293319702,-0.8966796398162842
4264,-0.5434955290710342,-0.13101264834403992,-0.6982091665267944
4265,-0.27646015351590175,0.12417293339967728,-0.4403630793094635
4266,0.02199114857512855,0.3717311918735504,-0.14573870599269867
4267,0.3078760800517997,0.5910357236862183,0.16079913079738617
4268,0.5749114556069321,0.7653309106826782,0.45516282320022583
4269,0.7948229413582177,0.8841245174407959,0.7153905630111694
4270,0.9613273519984767,0.9433448314666748,0.9203798770904541
4271,1.0618583169133502,0.9438053369522095,1.0570648908615112
4272,1.093274243449248,0.8895845413208008,1.1267716884613037
4273,1.0618583169133502,0.7870712280273438,1.1300946474075317
4274,0.9676105373056563,0.6443049907684326,1.0648356676101685
4275,0.8105309046261666,0.4703493118286133,0.9337316751480103
4276,0.6063273821428301,0.27499014139175415,0.7446756362915039
4277,0.3675663404700058,0.06883867084980011,0.5094172954559326
4278,0.10681415022205297,-0.1366966813802719,0.24231784045696259
4279,-0.16336281798666927,-0.33001580834388733,-0.03908151388168335
4280,-0.41154863762026295,-0.5003495216369629,-0.3134783208370209
4281,-0.6251769380643689,-0.6388431787490845,-0.5605089664459229
4282,-0.8011061266653973,-0.7394446134567261,-0.7667433023452759
4283,-0.9267698328089891,-0.7992976903915405,-0.9244844913482666
4284,-0.9958848711879644,-0.8184727430343628,-1.0289422273635864
4285,-1.017876019763093,-0.7993025779724121,-1.0791958570480347
4286,-0.986460093227195,-0.7457706928253174,-1.0774199962615967
4287,-0.91106186954104,-0.6631221771240234,-1.026444435119629
4288,-0.7948229413582177,-0.5575737953186035,-0.9293203353881836
4289,-0.6408849013323178,-0.43597108125686646,-0.7906631231307983
4290,-0.4680973053848792,-0.30538883805274963,-0.6180053949356079
4291,-0.27646015351590175,-0.17271964251995087,-0.42166849970817566
4292,-0.08482300164692441,-0.04428762197494507,-0.213191419839859
4293,0.09424777960769379,0.07447915524244308,-0.004385482519865036
4294,0.257610597594363,0.17927995324134827,0.19258356094360352
4295,0.3895574890451343,0.2670561969280243,0.36561569571495056
4296,0.4900884539600077,0.3359870910644531,0.5039708614349365
4297,0.5497787143782138,0.38535502552986145,0.6003234386444092
4298,0.5717698629533423,0.41528424620628357,0.652341365814209
4299,0.5592034923389833,0.4264037013053894,0.661537766456604
4300,0.5183627878423158,0.419544517993927,0.6312400102615356
4301,0.4523893421169302,0.39557722210884094,0.5659829378128052
4302,0.36442474781641604,0.35542869567871094,0.47142115235328674
4303,0.2607521902479529,0.3002574145793915,0.3541295826435089
4304,0.15079644737231007,0.2317342758178711,0.22138401865959167
4305,0.03769911184307752,0.15237656235694885,0.08134142309427261
4306,-0.07225663103256524,0.06587858498096466,-0.05645491182804108
4307,-0.16650441064025903,-0.02264360710978508,-0.18113382160663605
4308,-0.23561944901923448,-0.10660412907600403,-0.28166136145591736
4309,-0.2796017461694916,-0.17821276187896729,-0.3487931191921234
4310,-0.289026524130261,-0.22910422086715698,-0.3764202296733856
4311,-0.26389378290154264,-0.25124698877334595,-0.36109933257102966
4312,-0.20734511513692636,-0.23793208599090576,-0.3011054992675781
4313,-0.10995574287564276,-0.1846771091222763,-0.1967012584209442
4314,0.015707963267948967,-0.09006144106388092,-0.05129147320985794
4315,0.1790707812546182,0.0433688722550869,0.12765875458717346
4316,0.3518583772020568,0.2081410139799118,0.3283558785915375
4317,0.5340707511102648,0.39131566882133484,0.5352437496185303
4318,0.7005751617505239,0.5752519369125366,0.7309786081314087
4319,0.8450884238156543,0.7402588129043579,0.8985681533813477
4320,0.9487609813841175,0.8683984279632568,1.0232605934143066
4321,1.0084512418023235,0.9464950561523438,1.0944808721542358
4322,1.0115928344559133,0.9669322967529297,1.105972170829773
4323,0.9519025740377073,0.9267522096633911,1.0534157752990723
4324,0.8325220532012952,0.8266216516494751,0.9340684413909912
4325,0.6565928646002668,0.6705182790756226,0.7497360706329346
4326,0.42411500823462206,0.4660586714744568,0.509062647819519
4327,0.16336281798666927,0.22522616386413574,0.22722163796424866
4328,-0.11623892818282235,-0.0350491926074028,-0.07432031631469727
4329,-0.37699111843077515,-0.29366299510002136,-0.3686148524284363
4330,-0.6220353454107791,-0.5283122062683105,-0.6309704780578613
4331,-0.8136724972797564,-0.7198405265808105,-0.8464090824127197
4332,-0.9550441666912971,-0.8556787967681885,-1.006199598312378
4333,-1.033583983031042,-0.9306468963623047,-1.104291558265686
4334,-1.0524335389525807,-0.9455403089523315,-1.1400765180587769
4335,-1.017876019763093,-0.9053514003753662,-1.1177948713302612
4336,-0.9330530181161686,-0.8182600736618042,-1.0430653095245361
4337,-0.8073893119725768,-0.6949746608734131,-0.9220283031463623
4338,-0.6471680866394973,-0.5476528406143188,-0.7625516653060913
4339,-0.4649557127312894,-0.3884599208831787,-0.5751789808273315
4340,-0.27646015351590175,-0.2283114790916443,-0.37242209911346436
4341,-0.0879645943005142,-0.07606838643550873,-0.1664133071899414
4342,0.08482300164692441,0.0618458166718483,0.032571472227573395
4343,0.2324778563656447,0.18147772550582886,0.2151566743850708
4344,0.3581415625092364,0.28104954957962036,0.371965616941452
4345,0.4523893421169302,0.3604247570037842,0.49526506662368774
4346,0.515221195188726,0.4204579293727875,0.581231951713562
4347,0.5497787143782138,0.4622708857059479,0.6299141645431519
4348,0.5529203070318035,0.4865151047706604,0.6431372165679932
4349,0.5309291584566751,0.4928428828716278,0.6229058504104614
4350,0.48694686130641796,0.47984668612480164,0.571282148361206
4351,0.4209734155810323,0.4454876482486725,0.49068865180015564
4352,0.33300882128051806,0.38776230812072754,0.38395020365715027
4353,0.22305307840487532,0.3053692877292633,0.25430941581726074
4354,0.09738937226128358,0.1983662247657776,0.10605203360319138
4355,-0.04084070449666732,0.06890778988599777,-0.054356254637241364
4356,-0.18221237390820802,-0.07799994945526123,-0.21772199869155884
4357,-0.31730085801256913,-0.23399952054023743,-0.3728841245174408
4358,-0.4366813788489812,-0.3875724971294403,-0.508190393447876
4359,-0.5340707511102648,-0.5253024101257324,-0.6128559112548828
4360,-0.5937610115284709,-0.6340668201446533,-0.6782485246658325
4361,-0.6126105674500096,-0.7032424211502075,-0.6987723112106323
4362,-0.5906194188748811,-0.725883960723877,-0.6717091798782349
4363,-0.5277875658030853,-0.698717474937439,-0.5968061685562134
4364,-0.42411500823462206,-0.6216970682144165,-0.4767473042011261
4365,-0.2796017461694916,-0.49785372614860535,-0.31810519099235535
4366,-0.11938052083641214,-0.3335748314857483,-0.13137127459049225
4367,0.05969026041820607,-0.13900573551654816,0.0698685422539711
4368,0.23876104167282428,0.07190027832984924,0.2696288824081421
4369,0.3989822670059037,0.2822456657886505,0.4507816433906555
4370,0.5309291584566751,0.4742925763130188,0.5971118211746216
4371,0.6220353454107791,0.6323448419570923,0.6963579654693604
4372,0.6660176425610361,0.7451744079589844,0.7426588535308838
4373,0.6597344572538566,0.8069523572921753,0.7357083559036255
4374,0.6094689747964198,0.8167691230773926,0.6796399354934692
4375,0.5215043804959058,0.7776839733123779,0.5819747447967529
4376,0.40840704496667307,0.6960326433181763,0.452842652797699
4377,0.2827433388230814,0.5809463262557983,0.30488383769989014
4378,0.14765485471872028,0.4436764717102051,0.1524498462677002
4379,0.025132741228718346,0.2965846657752991,0.010662080720067024
4380,-0.07539822368615504,0.1519978940486908,-0.10575556755065918
4381,-0.1413716694115407,0.021124228835105896,-0.18545077741146088
4382,-0.16964600329384882,-0.08689340949058533,-0.2233121395111084
4383,-0.16022122533307945,-0.16569340229034424,-0.21984732151031494
4384,-0.11938052083641214,-0.212045356631279,-0.17907974123954773
4385,-0.05654866776461628,-0.225814551115036,-0.10788366198539734
4386,0.02199114857512855,-0.20965361595153809,-0.015890128910541534
4387,0.10995574287564276,-0.16851511597633362,0.08524137735366821
4388,0.18849555921538758,-0.10901111364364624,0.18305499851703644
4389,0.257610597594363,-0.03865637630224228,0.2657559812068939
4390,0.30159289474462014,0.03491475433111191,0.32395097613334656
4391,0.3204424506661589,0.10467296838760376,0.3521000146865845
4392,0.31101767270538955,0.16480381786823273,0.3486737310886383
4393,0.27646015351590175,0.21116091310977936,0.315537691116333
4394,0.22305307840487532,0.24151669442653656,0.25755947828292847
4395,0.15393804002589986,0.25558924674987793,0.18202006816864014
4396,0.07853981633974483,0.25486162304878235,0.09779012948274612
4397,0.0031415926535897933,0.242221862077713,0.014684787020087242
4398,-0.05969026041820607,0.22146213054656982,-0.05746513605117798
4399,-0.10367255756846318,0.19668066501617432,-0.11035263538360596
4400,-0.12566370614359174,0.1716558337211609,-0.13868631422519684
4401,-0.11938052083641214,0.14927440881729126,-0.14073365926742554
4402,-0.09424777960769379,0.13108401000499725,-0.11796662211418152
4403,-0.053407075111026485,0.11702895164489746,-0.07461569458246231
4404,0.0,0.10541050136089325,-0.01743163913488388
4405,0.05654866776461628,0.09309927374124527,0.044715240597724915
4406,0.10681415022205297,0.07599003612995148,0.10172089189291
4407,0.1413716694115407,0.04965456575155258,0.14366668462753296
4408,0.15079644737231007,0.010117866098880768,0.16249655187129974
4409,0.13194689145077132,-0.04532570391893387,0.1531752049922943
4410,0.0879645943005142,-0.11733944714069366,0.11379043757915497
4411,0.015707963267948967,-0.20391535758972168,0.04538549855351448
4412,-0.07853981633974483,-0.300039678812027,-0.047610342502593994
4413,-0.18221237390820802,-0.3978666663169861,-0.15699265897274017
4414,-0.29216811678385074,-0.4875573217868805,-0.2712709307670593
4415,-0.39269908169872414,-0.5586785078048706,-0.376981645822525
4416,-0.4680973053848792,-0.6017311811447144,-0.4606061279773712
4417,-0.5120796025351363,-0.6093035936355591,-0.5108804702758789
4418,-0.5120796025351363,-0.5766521692276001,-0.520452618598938
4419,-0.47123889803846897,-0.5019114017486572,-0.48586878180503845
4420,-0.38641589639154456,-0.38628312945365906,-0.40686050057411194
4421,-0.26389378290154264,-0.2344231903553009,-0.28669440746307373
4422,-0.10995574287564276,-0.054974183440208435,-0.13328441977500916
4423,0.06597344572538566,0.1391744613647461,0.04090775176882744
4424,0.24190263432641407,0.3316183388233185,0.22012238204479218
4425,0.40212385965949354,0.5046374797821045,0.3868245780467987
4426,0.5372123437638546,0.6423177719116211,0.5235919952392578
4427,0.6220353454107791,0.7331141233444214,0.6161352396011353
4428,0.6503096792930871,0.7707328796386719,0.6562892198562622
4429,0.6251769380643689,0.7535945177078247,0.6419118642807007
4430,0.5560618996853934,0.6840137243270874,0.5766143798828125
4431,0.4429645641561608,0.5678316354751587,0.46838536858558655
4432,0.29530970943744056,0.414365291595459,0.3275192379951477
4433,0.13823007675795088,0.23611117899417877,0.16672907769680023
4434,-0.02827433388230814,0.04780985414981842,0.001048170030117035
4435,-0.1759291886010284,-0.1351226270198822,-0.15352538228034973
4436,-0.2984513020910304,-0.2984544336795807,-0.28193795680999756
4437,-0.38013271108436497,-0.4308103621006012,-0.3730946183204651
4438,-0.42411500823462206,-0.5247498750686646,-0.42238932847976685
4439,-0.42411500823462206,-0.5770728588104248,-0.43094387650489807
4440,-0.39269908169872414,-0.5884846448898315,-0.4034499228000641
4441,-0.33300882128051806,-0.5629143714904785,-0.3472413718700409
4442,-0.257610597594363,-0.5066885948181152,-0.2716722786426544
4443,-0.1759291886010284,-0.427585631608963,-0.1869567632675171
4444,-0.09424777960769379,-0.33381617069244385,-0.10284510254859924
4445,-0.025132741228718346,-0.23312389850616455,-0.02758699655532837
4446,0.031415926535897934,-0.1322001963853836,0.03281424939632416
4447,0.06911503837897544,-0.0364055410027504,0.07516679167747498
4448,0.0879645943005142,0.050342857837677,0.0991901233792305
4449,0.09110618695410401,0.12556982040405273,0.10702662914991379
4450,0.08482300164692441,0.1880696713924408,0.10246791690587997
4451,0.07539822368615504,0.2375698834657669,0.09008923172950745
4452,0.06911503837897544,0.27434873580932617,0.07442905008792877
4453,0.06597344572538566,0.2989276051521301,0.05938217043876648
4454,0.06597344572538566,0.31189554929733276,0.04784068465232849
4455,0.06597344572538566,0.3138830065727234,0.04157138615846634
4456,0.06597344572538566,0.3056642413139343,0.0413152277469635
4457,0.06597344572538566,0.28832659125328064,0.0470467209815979
4458,0.06911503837897544,0.2634320557117462,0.05828801542520523
4459,0.06911503837897544,0.23312705755233765,0.07439465820789337
4460,0.07225663103256524,0.20017679035663605,0.09475909173488617
4461,0.08168140899333463,0.1678907871246338,0.11890192329883575
4462,0.09424777960769379,0.13989663124084473,0.14643937349319458
4463,0.11309733552923255,0.11975157260894775,0.1769452691078186
4464,0.1413716694115407,0.11044962704181671,0.20975252985954285
4465,0.17278759594743864,0.11392740905284882,0.24375110864639282
4466,0.21048670779051615,0.1306716650724411,0.2772451937198639
4467,0.24504422698000386,0.15950095653533936,0.30792251229286194
4468,0.2796017461694916,0.19756671786308289,0.33296892046928406
4469,0.30159289474462014,0.24059590697288513,0.3493344485759735
4470,0.3141592653589793,0.28336578607559204,0.3541191816329956
4471,0.31101767270538955,0.3203558027744293,0.3450234532356262
4472,0.2984513020910304,0.3464708924293518,0.3207903504371643
4473,0.273318560862312,0.35770517587661743,0.28157204389572144
4474,0.23561944901923448,0.35163354873657227,0.22915706038475037
4475,0.18535396656179778,0.3276787996292114,0.16700829565525055
4476,0.1288052987971815,0.28715479373931885,0.1000719889998436
4477,0.06911503837897544,0.2331007719039917,0.03430386260151863
4478,0.015707963267948967,0.16990725696086884,-0.02411925420165062
4479,-0.031415926535897934,0.10274156928062439,-0.06981205940246582
4480,-0.06283185307179587,0.03683466091752052,-0.09912867844104767
4481,-0.07853981633974483,-0.023243363946676254,-0.11071403324604034
4482,-0.07853981633974483,-0.07417066395282745,-0.1055731326341629
4483,-0.06911503837897544,-0.1142258495092392,-0.08682763576507568
4484,-0.05654866776461628,-0.14338117837905884,-0.05930742621421814
4485,-0.04084070449666732,-0.16315904259681702,-0.028979815542697906
4486,-0.02827433388230814,-0.17628198862075806,-0.0021820664405822754
4487,-0.02827433388230814,-0.18614768981933594,0.015285100787878036
4488,-0.031415926535897934,-0.19618703424930573,0.019020739942789078
4489,-0.0439822971502571,-0.20920489728450775,0.0066130757331848145
4490,-0.06597344572538566,-0.22682252526283264,-0.02213273197412491
4491,-0.10053096491487339,-0.24912363290786743,-0.06520553678274155
4492,-0.13823007675795088,-0.27457013726234436,-0.11853349208831787
4493,-0.18221237390820802,-0.30020377039909363,-0.17635253071784973
4494,-0.21991148575128552,-0.3221013844013214,-0.23189932107925415
4495,-0.25132741228718347,-0.33599430322647095,-0.2783558666706085
4496,-0.2670353755551324,-0.3379238247871399,-0.3098359704017639
4497,-0.2670353755551324,-0.3248123228549957,-0.3221450448036194
4498,-0.25446900494077324,-0.2948736548423767,-0.31312263011932373
4499,-0.2261946710584651,-0.24785175919532776,-0.28260526061058044
4500,-0.18221237390820802,-0.18510332703590393,-0.2322477102279663
4501,-0.12566370614359174,-0.10953851044178009,-0.1653698831796646
4502,-0.05969026041820607,-0.02541164681315422,-0.0867675244808197
4503,0.00942477796076938,0.0620499886572361,-0.002375934273004532
4504,0.07853981633974483,0.14715681970119476,0.08121852576732635
4505,0.1413716694115407,0.22432993352413177,0.15741224586963654
4506,0.19477874452256716,0.2886282801628113,0.22035948932170868
4507,0.2293362637120549,0.3361397087574005,0.2657288908958435
4508,0.24818581963359368,0.36419737339019775,0.29114192724227905
4509,0.25132741228718347,0.37142759561538696,0.29614484310150146
4510,0.23876104167282428,0.357666015625,0.28185784816741943
4511,0.21362830044410594,0.3237888216972351,0.2505130171775818
4512,0.18221237390820802,0.2715177536010742,0.20500940084457397
4513,0.13823007675795088,0.20325510203838348,0.1485869139432907
4514,0.0879645943005142,0.12198887765407562,0.084659643471241
4515,0.03455751918948772,0.031273260712623596,0.016763299703598022
4516,-0.02199114857512855,-0.064751535654068,-0.05146890878677368
4517,-0.07853981633974483,-0.16136334836483002,-0.11635570228099823
4518,-0.1288052987971815,-0.2533471882343292,-0.17427052557468414
4519,-0.17278759594743864,-0.3352036476135254,-0.22179555892944336
4520,-0.20734511513692636,-0.40146660804748535,-0.25590428709983826
4521,-0.2261946710584651,-0.44707557559013367,-0.27413418889045715
4522,-0.2261946710584651,-0.46772900223731995,-0.2747138440608978
4523,-0.21676989309769573,-0.46016567945480347,-0.2566308081150055
4524,-0.18849555921538758,-0.42237570881843567,-0.2196674942970276
4525,-0.14765485471872028,-0.35378605127334595,-0.16445723176002502
4526,-0.0879645943005142,-0.25548288226127625,-0.0926087349653244
4527,-0.00942477796076938,-0.13049936294555664,-0.006901845335960388
4528,0.07539822368615504,0.01586204580962658,0.08852849155664444
4529,0.17278759594743864,0.1758134961128235,0.18818286061286926
4530,0.2670353755551324,0.3392324447631836,0.2855340838432312
4531,0.3518583772020568,0.49445289373397827,0.37373873591423035
4532,0.42411500823462206,0.6297409534454346,0.4465281367301941
4533,0.47752208334564855,0.735041618347168,0.49896445870399475
4534,0.5057964172279567,0.8032927513122559,0.5278815031051636
4535,0.5089380098815465,0.8308596611022949,0.532066822052002
4536,0.4900884539600077,0.8172545433044434,0.5122564435005188
4537,0.45553093477052,0.7646355628967285,0.47089123725891113
4538,0.40212385965949354,0.6773935556411743,0.4117291271686554
4539,0.3361504139341079,0.5618017911911011,0.3395175039768219
4540,0.2607521902479529,0.4255945682525635,0.2597217559814453
4541,0.18535396656179778,0.27743011713027954,0.17816263437271118
4542,0.10995574287564276,0.1262630969285965,0.10047723352909088
4543,0.0439822971502571,-0.01932923123240471,0.03143946826457977
4544,-0.015707963267948967,-0.1518034040927887,-0.025686636567115784
4545,-0.05969026041820607,-0.26520389318466187,-0.06951957941055298
4546,-0.09424777960769379,-0.35553568601608276,-0.10053661465644836
4547,-0.11623892818282235,-0.4209052622318268,-0.1207275241613388
4548,-0.12566370614359174,-0.461402952671051,-0.13307172060012817
4549,-0.13194689145077132,-0.4787459075450897,-0.1409398466348648
4550,-0.13194689145077132,-0.4757615029811859,-0.14748503267765045
4551,-0.13194689145077132,-0.45582419633865356,-0.15510305762290955
4552,-0.13194689145077132,-0.42235317826271057,-0.16504137217998505
4553,-0.13194689145077132,-0.37842947244644165,-0.17721553146839142
4554,-0.1350884841043611,-0.32655471563339233,-0.1902497410774231
4555,-0.1350884841043611,-0.26854732632637024,-0.2017207145690918
4556,-0.1350884841043611,-0.20556201040744781,-0.20854905247688293
4557,-0.13194689145077132,-0.13822026550769806,-0.2074679285287857
4558,-0.1288052987971815,-0.06683655828237534,-0.1954847276210785
4559,-0.11938052083641214,0.00828622654080391,-0.17027276754379272
4560,-0.09738937226128358,0.08653721958398819,-0.1304759532213211
4561,-0.05969026041820607,0.16670583188533783,-0.0759660005569458
4562,-0.012566370614359173,0.24676896631717682,-0.008085835725069046
4563,0.05026548245743669,0.3238034248352051,0.07015419006347656
4564,0.11938052083641214,0.39406439661979675,0.15404105186462402
4565,0.1916371518689774,0.45324596762657166,0.23740819096565247
4566,0.26389378290154264,0.49689051508903503,0.3132273852825165
4567,0.32358404331974866,0.5208595991134644,0.3744749128818512
4568,0.3675663404700058,0.5217646956443787,0.4150530695915222
4569,0.38641589639154456,0.4973008334636688,0.43048349022865295
4570,0.38013271108436497,0.4464840590953827,0.41826188564300537
4571,0.34871678454846705,0.3698389530181885,0.3780023157596588
4572,0.29530970943744056,0.2695782780647278,0.3114231526851654
4573,0.22305307840487532,0.14977264404296875,0.2221881002187729
4574,0.12566370614359174,0.01644790731370449,0.11580818146467209
4575,0.01884955592153876,-0.12253133952617645,-0.0003460198640823364
4576,-0.09110618695410401,-0.257948637008667,-0.11725994944572449
4577,-0.1916371518689774,-0.3801511824131012,-0.2250550091266632
4578,-0.2796017461694916,-0.4802331030368805,-0.3143590986728668
4579,-0.3455751918948773,-0.5511289834976196,-0.3779023289680481
4580,-0.3832743037379548,-0.5882892608642578,-0.41156455874443054
4581,-0.3895574890451343,-0.58985435962677,-0.4143886864185333
4582,-0.3675663404700058,-0.5565121173858643,-0.3880385756492615
4583,-0.32672563597333854,-0.4912525713443756,-0.3363470137119293
4584,-0.26389378290154264,-0.39911550283432007,-0.2649684548377991
4585,-0.18849555921538758,-0.28688040375709534,-0.18090806901454926
4586,-0.10995574287564276,-0.16262070834636688,-0.09190437197685242
4587,-0.02827433388230814,-0.035086967051029205,-0.005757216364145279
4588,0.0439822971502571,0.08705704659223557,0.07040529698133469
4589,0.10367255756846318,0.19603949785232544,0.13095960021018982
4590,0.14765485471872028,0.28568336367607117,0.1725381463766098
4591,0.16964600329384882,0.35187435150146484,0.19436487555503845
4592,0.17278759594743864,0.3927343785762787,0.19807350635528564
4593,0.16336281798666927,0.4085145890712738,0.18716485798358917
4594,0.15079644737231007,0.40126195549964905,0.1662597805261612
4595,0.1350884841043611,0.3743340075016022,0.1402854323387146
4596,0.12252211349000193,0.33184003829956055,0.11374259740114212
4597,0.11309733552923255,0.2781012952327728,0.09013878554105759
4598,0.10995574287564276,0.21721650660037994,0.07163333892822266
4599,0.10995574287564276,0.15278558433055878,0.058937571942806244
4600,0.10995574287564276,0.08780207484960556,0.051471006125211716
4601,0.10995574287564276,0.024684034287929535,0.047715652734041214
4602,0.10995574287564276,-0.03458788990974426,0.0456877127289772
4603,0.10995574287564276,-0.08826007694005966,0.04345487803220749
4604,0.10681415022205297,-0.1345701515674591,0.03962425887584686
4605,0.10053096491487339,-0.17155079543590546,0.03371340408921242
4606,0.09110618695410401,-0.1969410628080368,0.026333102956414223
4607,0.08168140899333463,-0.20824843645095825,0.019134368747472763
4608,0.07539822368615504,-0.20297394692897797,0.014521604403853416
4609,0.07539822368615504,-0.17896965146064758,0.0151837058365345
4610,0.07539822368615504,-0.13487298786640167,0.023546423763036728
4611,0.07853981633974483,-0.0705617368221283,0.04125969484448433
4612,0.0879645943005142,0.012415541335940361,0.06879886239767075
4613,0.10681415022205297,0.1104876771569252,0.10520803928375244
4614,0.13194689145077132,0.21789394319057465,0.14800173044204712
4615,0.16022122533307945,0.3268541097640991,0.1932600885629654
4616,0.1916371518689774,0.42820343375205994,0.23596753180027008
4617,0.21676989309769573,0.5124579071998596,0.2706042528152466
4618,0.2324778563656447,0.5710486173629761,0.29191258549690247
4619,0.23561944901923448,0.597338080406189,0.29566532373428345
4620,0.22305307840487532,0.587183952331543,0.27926433086395264
4621,0.19792033717615698,0.5391122102737427,0.24210910499095917
4622,0.15707963267948966,0.45434996485710144,0.18576139211654663
4623,0.10367255756846318,0.3368982672691345,0.1139117106795311
4624,0.04084070449666732,0.19361740350723267,0.03215048462152481
4625,-0.02827433388230814,0.0341162234544754,-0.05246938019990921
4626,-0.09424777960769379,-0.1298186480998993,-0.13216161727905273
4627,-0.15393804002589986,-0.2853977680206299,-0.19947585463523865
4628,-0.19792033717615698,-0.4204554557800293,-0.24849876761436462
4629,-0.21991148575128552,-0.5250601768493652,-0.27571797370910645
4630,-0.22305307840487532,-0.5925718545913696,-0.28021928668022156
4631,-0.21362830044410594,-0.6199188232421875,-0.2633768320083618
4632,-0.18849555921538758,-0.6072933673858643,-0.2283969521522522
4633,-0.15393804002589986,-0.5576446056365967,-0.17985759675502777
4634,-0.11309733552923255,-0.4761793315410614,-0.12320250272750854
4635,-0.07225663103256524,-0.36985450983047485,-0.06417611986398697
4636,-0.031415926535897934,-0.24680161476135254,-0.008240606635808945
4637,0.0031415926535897933,-0.11571024358272552,0.03998131304979324
4638,0.031415926535897934,0.014757359400391579,0.07717069983482361
4639,0.047123889803846894,0.13650056719779968,0.10157229006290436
4640,0.053407075111026485,0.24247373640537262,0.11297757178544998
4641,0.053407075111026485,0.3271005153656006,0.11246834695339203
4642,0.05026548245743669,0.38653329014778137,0.10202806442975998
4643,0.05026548245743669,0.418718546628952,0.08412877470254898
4644,0.05026548245743669,0.4233006238937378,0.06137971580028534
4645,0.05026548245743669,0.4014419913291931,0.03628815710544586
4646,0.05026548245743669,0.35564881563186646,0.01114002987742424
4647,0.05026548245743669,0.2896595001220703,-0.012019399553537369
4648,0.05026548245743669,0.20838285982608795,-0.031341299414634705
4649,0.05026548245743669,0.11781234294176102,-0.045109719038009644
4650,0.05026548245743669,0.024831127375364304,-0.05170796066522598
4651,0.05026548245743669,-0.06313575804233551,-0.04964775592088699
4652,0.05026548245743669,-0.13862575590610504,-0.037677161395549774
4653,0.05026548245743669,-0.19477176666259766,-0.014961890876293182
4654,0.05969026041820607,-0.22599154710769653,0.01867092400789261
4655,0.07225663103256524,-0.2286258339881897,0.06244517117738724
4656,0.09738937226128358,-0.20143423974514008,0.11434571444988251
4657,0.12566370614359174,-0.1459246128797531,0.1709079146385193
4658,0.16022122533307945,-0.06651423871517181,0.22720809280872345
4659,0.19792033717615698,0.029538242146372795,0.2771719992160797
4660,0.22305307840487532,0.13256976008415222,0.3142356276512146
4661,0.23876104167282428,0.23143276572227478,0.33223187923431396
4662,0.2324778563656447,0.3148435652256012,0.3262290358543396
4663,0.21048670779051615,0.37287992238998413,0.29314205050468445
4664,0.16964600329384882,0.39825305342674255,0.23223653435707092
4665,0.10367255756846318,0.38712552189826965,0.1456630378961563
4666,0.02199114857512855,0.3395278751850128,0.038938432931900024
4667,-0.07225663103256524,0.2595527768135071,-0.07879027724266052
4668,-0.16650441064025903,0.15534640848636627,-0.19504126906394958
4669,-0.24504422698000386,0.03864790126681328,-0.2953124940395355
4670,-0.2984513020910304,-0.07642578333616257,-0.3657119870185852
4671,-0.31730085801256913,-0.1753261238336563,-0.3959428369998932
4672,-0.29530970943744056,-0.24524816870689392,-0.38018736243247986
4673,-0.23561944901923448,-0.27684828639030457,-0.3162773549556732
4674,-0.13194689145077132,-0.2651787996292114,-0.20590613782405853
4675,0.0031415926535897933,-0.21008725464344025,-0.055968962609767914
4676,0.16022122533307945,-0.11650213599205017,0.12080036103725433
4677,0.3204424506661589,0.005392557010054588,0.30646467208862305
4678,0.47438049069205873,0.14066141843795776,0.4796904921531677
4679,0.5874778262212914,0.27137699723243713,0.6185600757598877
4680,0.6565928646002668,0.37945857644081116,0.7047082185745239
4681,0.6597344572538566,0.4495498836040497,0.7256351709365845
4682,0.6031857894892403,0.47082218527793884,0.6747351884841919
4683,0.48380526865282814,0.4375046491622925,0.5543626546859741
4684,0.30159289474462014,0.3489589989185333,0.37165337800979614
4685,0.07225663103256524,0.21020713448524475,0.13694217801094055
4686,-0.1759291886010284,0.032872527837753296,-0.13026858866214752
4687,-0.43353978619539146,-0.16473154723644257,-0.40114283561706543
4688,-0.6628760499074464,-0.3598152697086334,-0.6479600667953491
4689,-0.8450884238156543,-0.5294690132141113,-0.850581169128418
4690,-0.9676105373056563,-0.6550809144973755,-0.9910452365875244
4691,-1.0115928344559133,-0.7246342897415161,-1.0554264783859253
4692,-0.9770353152664256,-0.7325206995010376,-1.0385196208953857
4693,-0.8639379797371931,-0.6783096790313721,-0.9405514001846313
4694,-0.6817256058289851,-0.5660374164581299,-0.766160249710083
4695,-0.4366813788489812,-0.4044661521911621,-0.5274151563644409
4696,-0.15393804002589986,-0.20760543644428253,-0.24479150772094727
4697,0.1413716694115407,0.005792789161205292,0.05714856833219528
4698,0.42411500823462206,0.214563250541687,0.3494502902030945
4699,0.6565928646002668,0.3986343741416931,0.6048859357833862
4700,0.8262388678941156,0.5421500205993652,0.8015226125717163
4701,0.9204866475018093,0.6350966691970825,0.9210406541824341
4702,0.9361946107697584,0.6734181642532349,0.9609048366546631
4703,0.8796459430051421,0.6583831310272217,0.9243183135986328
4704,0.7539822368615503,0.5959548950195312,0.8167018890380859
4705,0.578053048260522,0.4962995946407318,0.6504185199737549
4706,0.3675663404700058,0.3729342222213745,0.4452296197414398
4707,0.1445132620651305,0.2410862296819687,0.22474616765975952
4708,-0.05969026041820607,0.11553094536066055,0.011981615796685219
4709,-0.2324778563656447,0.008658403530716896,-0.1709420382976532
4710,-0.3455751918948773,-0.07073372602462769,-0.3040913939476013
4711,-0.3989822670059037,-0.11798548698425293,-0.3772183656692505
4712,-0.39269908169872414,-0.13274282217025757,-0.3911621868610382
4713,-0.3361504139341079,-0.11884085834026337,-0.3521116077899933
4714,-0.23876104167282428,-0.08375032991170883,-0.27030816674232483
4715,-0.11623892818282235,-0.037464238703250885,-0.16062544286251068
4716,0.006283185307179587,0.009059140458703041,-0.04130401462316513
4717,0.11623892818282235,0.04558487981557846,0.0689501166343689
4718,0.20106192982974677,0.06407203525304794,0.15400350093841553
4719,0.24504422698000386,0.05970747768878937,0.20289623737335205
4720,0.24190263432641407,0.031493160873651505,0.211673304438591
4721,0.20420352248333654,-0.017510782927274704,0.1826259195804596
4722,0.13194689145077132,-0.0803239643573761,0.12293487787246704
4723,0.0439822971502571,-0.14680197834968567,0.044574037194252014
4724,-0.05026548245743669,-0.20512540638446808,-0.03742033988237381
4725,-0.13194689145077132,-0.24369263648986816,-0.10776053369045258
4726,-0.18849555921538758,-0.25282320380210876,-0.1532798409461975
4727,-0.20420352248333654,-0.22591924667358398,-0.16515086591243744
4728,-0.18221237390820802,-0.16018374264240265,-0.1397119164466858
4729,-0.11938052083641214,-0.05722834914922714,-0.07782970368862152
4730,-0.02199114857512855,0.07627357542514801,0.015577029436826706
4731,0.10367255756846318,0.228262796998024,0.1310833841562271
4732,0.23561944901923448,0.38213229179382324,0.254879891872406
4733,0.3612831551628262,0.5192245244979858,0.37027987837791443
4734,0.4649557127312894,0.6222459077835083,0.46012526750564575
4735,0.5215043804959058,0.6779553890228271,0.5100332498550415
4736,0.5309291584566751,0.6781008243560791,0.5105829238891602
4737,0.48380526865282814,0.6190954446792603,0.45761847496032715
4738,0.38641589639154456,0.5017186999320984,0.35327836871147156
4739,0.2324778563656447,0.3316749930381775,0.20524463057518005
4740,0.05026548245743669,0.12081530690193176,0.025184929370880127
4741,-0.1445132620651305,-0.11219614744186401,-0.17048275470733643
4742,-0.3424335992412874,-0.3434349596500397,-0.3616015315055847
4743,-0.5089380098815465,-0.5480062961578369,-0.5276539325714111
4744,-0.6408849013323178,-0.7052439451217651,-0.6500504016876221
4745,-0.7099999397112933,-0.8018898963928223,-0.7156314849853516
4746,-0.7194247176720626,-0.8320250511169434,-0.7190916538238525
4747,-0.6660176425610361,-0.7952336072921753,-0.660431981086731
4748,-0.5560618996853934,-0.6952574253082275,-0.5436129570007324
4749,-0.3989822670059037,-0.5399578809738159,-0.3781149387359619
4750,-0.19792033717615698,-0.34181705117225647,-0.17902840673923492
4751,0.00942477796076938,-0.11777627468109131,0.03515823185443878
4752,0.21991148575128552,0.11226554960012436,0.24481597542762756
4753,0.40212385965949354,0.3280557692050934,0.43094730377197266
4754,0.5497787143782138,0.5118441581726074,0.5758923292160034
4755,0.6471680866394973,0.6506174802780151,0.6669104099273682
4756,0.6848671984825748,0.737127423286438,0.7000477313995361
4757,0.669159235214626,0.7696456909179688,0.6782137155532837
4758,0.6063273821428301,0.7509938478469849,0.6089884042739868
4759,0.5057964172279567,0.687522292137146,0.502532958984375
4760,0.38013271108436497,0.5881668329238892,0.3705238997936249
4761,0.24190263432641407,0.4633074104785919,0.22588619589805603
4762,0.10367255756846318,0.32345807552337646,0.08180351555347443
4763,-0.02827433388230814,0.17827774584293365,-0.04931577295064926
4764,-0.1350884841043611,0.03618821129202843,-0.15713022649288177
4765,-0.21676989309769573,-0.09572160243988037,-0.23529711365699768
4766,-0.2670353755551324,-0.21189960837364197,-0.28228959441185
4767,-0.289026524130261,-0.30852246284484863,-0.300207257270813
4768,-0.2827433388230814,-0.38336917757987976,-0.2932688295841217
4769,-0.26389378290154264,-0.4354099631309509,-0.2668548822402954
4770,-0.2324778563656447,-0.46435412764549255,-0.22671934962272644
4771,-0.19477874452256716,-0.4703039824962616,-0.17828203737735748
4772,-0.15079644737231007,-0.45357686281204224,-0.12613999843597412
4773,-0.10367255756846318,-0.4147566258907318,-0.07386031001806259
4774,-0.05654866776461628,-0.3549579679965973,-0.024022825062274933
4775,-0.012566370614359173,-0.2761542499065399,0.02155863121151924
4776,0.02827433388230814,-0.18144343793392181,0.061522290110588074
4777,0.06597344572538566,-0.07524080574512482,0.0946638286113739
4778,0.09424777960769379,0.03660912066698074,0.11975599080324173
4779,0.11623892818282235,0.14693373441696167,0.13553059101104736
4780,0.12252211349000193,0.24773012101650238,0.14082393050193787
4781,0.12252211349000193,0.3310813009738922,0.13484904170036316
4782,0.11309733552923255,0.39025959372520447,0.11753246933221817
4783,0.09424777960769379,0.42066603899002075,0.08984801918268204
4784,0.06911503837897544,0.42038580775260925,0.05407354235649109
4785,0.03769911184307752,0.39036238193511963,0.013876548036932945
4786,0.006283185307179587,0.3343154788017273,-0.025880280882120132
4787,-0.02199114857512855,0.25847533345222473,-0.059682540595531464
4788,-0.04084070449666732,0.171089306473732,-0.08218502998352051
4789,-0.0439822971502571,0.08161819726228714,-0.08906719088554382
4790,-0.03455751918948772,-0.00036903098225593567,-0.07765040546655655
4791,-0.012566370614359173,-0.06641581654548645,-0.04721132665872574
4792,0.02827433388230814,-0.1102219820022583,0.0008770376443862915
4793,0.07853981633974483,-0.12829484045505524,0.0630796030163765
4794,0.13823007675795088,-0.12017859518527985,0.13378427922725677
4795,0.20106192982974677,-0.08835341781377792,0.2057037204504013
4796,0.257610597594363,-0.037858374416828156,0.27070027589797974
4797,0.2984513020910304,0.024375077337026596,0.3209569454193115
4798,0.3204424506661589,0.09046351909637451,0.3501894474029541
4799,0.3204424506661589,0.15263807773590088,0.3545016050338745
4800,0.2984513020910304,0.2042011320590973,0.33276692032814026
4801,0.257610597594363,0.24018293619155884,0.28668996691703796
4802,0.19792033717615698,0.2576484978199005,0.22052393853664398
4803,0.12566370614359174,0.2557114362716675,0.1404399275779724
4804,0.0439822971502571,0.2353142946958542,0.0538017675280571
4805,-0.03455751918948772,0.19880414009094238,-0.03159055858850479
4806,-0.10367255756846318,0.14935657382011414,-0.10846851766109467
4807,-0.16336281798666927,0.09037427604198456,-0.17121469974517822
4808,-0.20420352248333654,0.02502831071615219,-0.21671241521835327
4809,-0.2261946710584651,-0.043943628668785095,-0.2445266842842102
4810,-0.23561944901923448,-0.11418643593788147,-0.2564414143562317
4811,-0.2293362637120549,-0.18352670967578888,-0.25567880272865295
4812,-0.2261946710584651,-0.24972781538963318,-0.24603819847106934
4813,-0.21676989309769573,-0.3102470338344574,-0.23104378581047058
4814,-0.21362830044410594,-0.3620275557041168,-0.21321655809879303
4815,-0.20734511513692636,-0.4013962745666504,-0.1936231255531311
4816,-0.20106192982974677,-0.42416033148765564,-0.17178413271903992
4817,-0.18849555921538758,-0.4259372651576996,-0.14593684673309326
4818,-0.16650441064025903,-0.40268674492836,-0.11357593536376953
4819,-0.13194689145077132,-0.35135236382484436,-0.07216983288526535
4820,-0.08168140899333463,-0.27053043246269226,-0.019946929067373276
4821,-0.015707963267948967,-0.1611364483833313,0.043345123529434204
4822,0.06283185307179587,-0.027071133255958557,0.11582205444574356
4823,0.15393804002589986,0.12421832978725433,0.19314749538898468
4824,0.24190263432641407,0.2816193699836731,0.26870429515838623
4825,0.3204424506661589,0.4311602711677551,0.3343498706817627
4826,0.3832743037379548,0.5579465627670288,0.38164636492729187
4827,0.4146902302738527,0.6486901044845581,0.4032151401042938
4828,0.40840704496667307,0.6937055587768555,0.3937920033931732
4829,0.37070793312359557,0.6876436471939087,0.35095304250717163
4830,0.29530970943744056,0.6293065547943115,0.2757134437561035
4831,0.1916371518689774,0.5214544534683228,0.17278532683849335
4832,0.06911503837897544,0.3710770010948181,0.05050226300954819
4833,-0.06283185307179587,0.18983763456344604,-0.07937689125537872
4834,-0.1916371518689774,-0.006080154329538345,-0.20242944359779358
4835,-0.30159289474462014,-0.19745557010173798,-0.3034687042236328
4836,-0.3738495257771854,-0.36490097641944885,-0.36970528960227966
4837,-0.4052654523130833,-0.4921080768108368,-0.3934556543827057
4838,-0.38641589639154456,-0.5679680109024048,-0.37208446860313416
4839,-0.32672563597333854,-0.5869143009185791,-0.30671226978302
4840,-0.22305307840487532,-0.548215389251709,-0.20205457508563995
4841,-0.08482300164692441,-0.45540064573287964,-0.0667809545993805
4842,0.07225663103256524,-0.3162612318992615,0.08690106123685837
4843,0.23561944901923448,-0.14288796484470367,0.24430325627326965
4844,0.3832743037379548,0.0490347221493721,0.38957729935646057
4845,0.5057964172279567,0.24190585315227509,0.5076153874397278
4846,0.5906194188748811,0.41843634843826294,0.5868614912033081
4847,0.6283185307179586,0.5638189315795898,0.6211333274841309
4848,0.6188937527571892,0.6673163175582886,0.6092089414596558
4849,0.5686282702997526,0.7228845357894897,0.5543004274368286
4850,0.47752208334564855,0.7288204431533813,0.4626835882663727
4851,0.35499996985564664,0.6869096755981445,0.34200334548950195
4852,0.21362830044410594,0.6016120910644531,0.2011268585920334
4853,0.06283185307179587,0.4794366955757141,0.050342410802841187
4854,-0.09110618695410401,0.3284199833869934,-0.09911219775676727
4855,-0.2293362637120549,0.1577724814414978,-0.23601537942886353
4856,-0.3455751918948773,-0.02222934365272522,-0.35057535767555237
4857,-0.4366813788489812,-0.20036889612674713,-0.4358787536621094
4858,-0.4932300466135975,-0.36509114503860474,-0.4884617030620575
4859,-0.5120796025351363,-0.505608320236206,-0.5076862573623657
4860,-0.4995132319207771,-0.6130279302597046,-0.49475064873695374
4861,-0.4586725274241098,-0.681031346321106,-0.45203256607055664
4862,-0.3895574890451343,-0.7059776782989502,-0.38279885053634644
4863,-0.2984513020910304,-0.6866347789764404,-0.2911263108253479
4864,-0.18849555921538758,-0.6238908767700195,-0.18192261457443237
4865,-0.06597344572538566,-0.520707368850708,-0.061102189123630524
4866,0.06283185307179587,-0.38234302401542664,0.06404261291027069
4867,0.18221237390820802,-0.21667605638504028,0.18466103076934814
4868,0.29216811678385074,-0.03437798470258713,0.29096901416778564
4869,0.37699111843077515,0.15133976936340332,0.3737153112888336
4870,0.43353978619539146,0.3256876468658447,0.42572715878486633
4871,0.4523893421169302,0.47406768798828125,0.44263750314712524
4872,0.43353978619539146,0.5842282772064209,0.42287975549697876
4873,0.3832743037379548,0.6479183435440063,0.367839515209198
4874,0.29530970943744056,0.6614274978637695,0.2819735109806061
4875,0.18535396656179778,0.6252557039260864,0.17247582972049713
4876,0.05969026041820607,0.543632984161377,0.0490955114364624
4877,-0.06283185307179587,0.42424026131629944,-0.07601368427276611
4878,-0.1790707812546182,0.27788764238357544,-0.1892533004283905
4879,-0.2701769682087222,0.11773321777582169,-0.2777470648288727
4880,-0.3298672286269283,-0.042101092636585236,-0.3322073519229889
4881,-0.3518583772020568,-0.1882771998643875,-0.34852707386016846
4882,-0.33300882128051806,-0.30989786982536316,-0.32721206545829773
4883,-0.2827433388230814,-0.3996456563472748,-0.2724754214286804
4884,-0.20734511513692636,-0.45421960949897766,-0.19202207028865814
4885,-0.11309733552923255,-0.47416266798973083,-0.09666471183300018
4886,-0.015707963267948967,-0.4632894992828369,0.0008331313729286194
4887,0.07225663103256524,-0.4278284013271332,0.0874733030796051
4888,0.13823007675795088,-0.3752842843532562,0.15205809473991394
4889,0.1759291886010284,-0.31309083104133606,0.1872497797012329
4890,0.18221237390820802,-0.2473258376121521,0.1906580775976181
4891,0.16022122533307945,-0.181863471865654,0.16459554433822632
4892,0.11623892818282235,-0.11815933883190155,0.11570964753627777
4893,0.06283185307179587,-0.05554529279470444,0.054396532475948334
4894,0.006283185307179587,0.00821167603135109,-0.006907187402248383
4895,-0.04084070449666732,0.0761602520942688,-0.05597569793462753
4896,-0.06283185307179587,0.15117350220680237,-0.08292429894208908
4897,-0.05969026041820607,0.23482760787010193,-0.08168509602546692
4898,-0.02827433388230814,0.3264157474040985,-0.050319671630859375
4899,0.02827433388230814,0.42233654856681824,0.009382706135511398
4900,0.10681415022205297,0.5160670280456543,0.0921756848692894
4901,0.20106192982974677,0.5989087820053101,0.18943336606025696
4902,0.30159289474462014,0.661461353302002,0.28976744413375854
4903,0.38641589639154456,0.6953344345092773,0.380460649728775
4904,0.44924774946334045,0.6944307088851929,0.44944217801094055
4905,0.48380526865282814,0.6555265188217163,0.4873824715614319
4906,0.48066367599923837,0.5784225463867188,0.48907554149627686
4907,0.4429645641561608,0.46605435013771057,0.4539634883403778
4908,0.37699111843077515,0.32467490434646606,0.3860442042350769
4909,0.28588493147667116,0.1639118790626526,0.29278746247291565
4910,0.17278759594743864,-0.00369890034198761,0.18378672003746033
4911,0.05969026041820607,-0.16407649219036102,0.07002109289169312
4912,-0.05026548245743669,-0.3037428557872772,-0.03691687434911728
4913,-0.13823007675795088,-0.4119507372379303,-0.1264002025127411
4914,-0.20420352248333654,-0.48191937804222107,-0.1908564418554306
4915,-0.24190263432641407,-0.5110119581222534,-0.22715115547180176
4916,-0.25132741228718347,-0.5003342628479004,-0.2363586723804474
4917,-0.23561944901923448,-0.45422491431236267,-0.22256067395210266
4918,-0.20734511513692636,-0.37970227003097534,-0.19175469875335693
4919,-0.16964600329384882,-0.28567686676979065,-0.15094365179538727
4920,-0.12566370614359174,-0.18185506761074066,-0.10712593793869019
4921,-0.0879645943005142,-0.07755157351493835,-0.0663175880908966
4922,-0.05654866776461628,0.019254276528954506,-0.032830044627189636
4923,-0.03455751918948772,0.10244403034448624,-0.008913155645132065
4924,-0.02199114857512855,0.16792675852775574,0.005177367478609085
4925,-0.01884955592153876,0.2135678231716156,0.010725121945142746
4926,-0.01884955592153876,0.2389184832572937,0.009876079857349396
4927,-0.01884955592153876,0.24476101994514465,0.004919959232211113
4928,-0.01884955592153876,0.23255540430545807,-0.002319794148206711
4929,-0.01884955592153876,0.20394791662693024,-0.010859649628400803
4930,-0.01884955592153876,0.16051021218299866,-0.020632769912481308
4931,-0.02199114857512855,0.10379361361265182,-0.03228900581598282
4932,-0.02199114857512855,0.03563203290104866,-0.0467805489897728
4933,-0.02199114857512855,-0.04148056358098984,-0.06482838839292526
4934,-0.031415926535897934,-0.12407584488391876,-0.08638269454240799
4935,-0.04084070449666732,-0.2075103521347046,-0.1102011501789093
4936,-0.05654866776461628,-0.28593364357948303,-0.1336703896522522
4937,-0.06911503837897544,-0.35252055525779724,-0.15297190845012665
4938,-0.07853981633974483,-0.4000164866447449,-0.16360023617744446
4939,-0.08168140899333463,-0.4215243458747864,-0.161093071103096
4940,-0.07225663103256524,-0.411357581615448,-0.14175035059452057
4941,-0.05026548245743669,-0.365788072347641,-0.10321472585201263
4942,-0.00942477796076938,-0.2836396098136902,-0.04495713859796524
4943,0.0439822971502571,-0.1668163239955902,0.03125632181763649
4944,0.11623892818282235,-0.020837735384702682,0.12100280076265335
4945,0.19477874452256716,0.14478105306625366,0.21720333397388458
4946,0.27646015351590175,0.3167624771595001,0.3107413351535797
4947,0.34871678454846705,0.4794253706932068,0.39170601963996887
4948,0.40212385965949354,0.6171817779541016,0.45096680521965027
4949,0.4303981935418017,0.7172819375991821,0.48157447576522827
4950,0.4303981935418017,0.7715239524841309,0.47964245080947876
4951,0.40212385965949354,0.776435375213623,0.4448833167552948
4952,0.34871678454846705,0.732602596282959,0.3806977868080139
4953,0.273318560862312,0.644071102142334,0.29348891973495483
4954,0.18221237390820802,0.5180703401565552,0.19177450239658356
4955,0.0879645943005142,0.36468198895454407,0.08552499115467072
4956,-0.0031415926535897933,0.19601865112781525,-0.014735903590917587
4957,-0.08168140899333463,0.024856451898813248,-0.09947258234024048
4958,-0.13823007675795088,-0.13691146671772003,-0.16201893985271454
4959,-0.1759291886010284,-0.27952858805656433,-0.19982637465000153
4960,-0.18849555921538758,-0.3961236774921417,-0.21438786387443542
4961,-0.18535396656179778,-0.4830176532268524,-0.21029023826122284
4962,-0.1759291886010284,-0.5396573543548584,-0.1941334754228592
4963,-0.16964600329384882,-0.5681496858596802,-0.17338739335536957
4964,-0.16650441064025903,-0.572419285774231,-0.15506897866725922
4965,-0.16650441064025903,-0.5571187734603882,-0.14445610344409943
4966,-0.17278759594743864,-0.5265191793441772,-0.1441670060157776
4967,-0.1790707812546182,-0.48365679383277893,-0.1537913829088211
4968,-0.18849555921538758,-0.42998597025871277,-0.17009292542934418
4969,-0.19477874452256716,-0.3655741512775421,-0.18769791722297668
4970,-0.1916371518689774,-0.28961804509162903,-0.20013678073883057
4971,-0.18221237390820802,-0.2010287344455719,-0.2010270655155182
4972,-0.16022122533307945,-0.09904469549655914,-0.1851024329662323
4973,-0.11623892818282235,0.01606219820678234,-0.14888836443424225
4974,-0.05654866776461628,0.1422603726387024,-0.09108445048332214
4975,0.025132741228718346,0.2752276659011841,-0.012834958732128143
4976,0.11938052083641214,0.4082625210285187,0.08208602666854858
4977,0.22305307840487532,0.5328525304794312,0.18741872906684875
4978,0.32672563597333854,0.6399364471435547,0.29510027170181274
4979,0.42411500823462206,0.7215040922164917,0.3963797688484192
4980,0.4995132319207771,0.7718873023986816,0.4831191599369049
4981,0.5560618996853934,0.788304328918457,0.5490065813064575
4982,0.5843362335677015,0.770768404006958,0.5903540849685669
4983,0.5874778262212914,0.7217404842376709,0.606265664100647
4984,0.5717698629533423,0.6457376480102539,0.5981621742248535
4985,0.5372123437638546,0.5488104820251465,0.5688080787658691
4986,0.48694686130641796,0.4377598166465759,0.5213156938552856
4987,0.42411500823462206,0.3191508948802948,0.4585353434085846
4988,0.3518583772020568,0.19839154183864594,0.38275039196014404
4989,0.2701769682087222,0.07918016612529755,0.295492947101593
4990,0.1759291886010284,-0.036550335586071014,0.19751575589179993
4991,0.07225663103256524,-0.1482810527086258,0.08901414275169373
4992,-0.03769911184307752,-0.25631412863731384,-0.029908977448940277
4993,-0.15707963267948966,-0.36103805899620056,-0.15862542390823364
4994,-0.289026524130261,-0.4621126353740692,-0.2952718436717987
4995,-0.4178318229274425,-0.557707667350769,-0.436009019613266
4996,-0.546637121724624,-0.6440459489822388,-0.5745558738708496
4997,-0.6660176425610361,-0.7155102491378784,-0.7024087905883789
4998,-0.7665486074759096,-0.7653841972351074,-0.809695839881897
4999,-0.8388052385084748,-0.7869859933853149,-0.8863755464553833
5000,-0.8796459430051421,-0.7747668027877808,-0.9237830638885498
5001,-0.8733627576979625,-0.7250524759292603,-0.9158991575241089
5002,-0.819955682586936,-0.6364185810089111,-0.8590272665023804
5003,-0.7162831250184728,-0.5099084377288818,-0.750646710395813
5004,-0.562345084992573,-0.3492913842201233,-0.5902880430221558
5005,-0.3675663404700058,-0.16145282983779907,-0.38330700993537903
5006,-0.1413716694115407,0.04317079856991768,-0.1428203135728836
5007,0.10053096491487339,0.2506006956100464,0.11289627104997635
5008,0.3424335992412874,0.44459858536720276,0.3630959689617157
5009,0.562345084992573,0.6094506978988647,0.5891530513763428
5010,0.7382742735936014,0.7330465316772461,0.7754770517349243
5011,0.8670795723907829,0.8085595369338989,0.9079904556274414
5012,0.9361946107697584,0.8343045711517334,0.9808508157730103
5013,0.9519025740377073,0.8127497434616089,0.9953618049621582
5014,0.9142034621946298,0.7496703863143921,0.9546912908554077
5015,0.8293804605477054,0.6535754203796387,0.8646740913391113
5016,0.7068583470577035,0.5349966287612915,0.7354029417037964
5017,0.562345084992573,0.4053488075733185,0.5799161195755005
5018,0.40212385965949354,0.27545100450515747,0.41116341948509216
5019,0.23876104167282428,0.15410006046295166,0.2409035712480545
5020,0.0879645943005142,0.0471765398979187,0.08026134967803955
5021,-0.0439822971502571,-0.042512036859989166,-0.060914769768714905
5022,-0.15393804002589986,-0.11486375331878662,-0.1760586053133011
5023,-0.23876104167282428,-0.17189177870750427,-0.2629626393318176
5024,-0.30159289474462014,-0.21698549389839172,-0.3230171501636505
5025,-0.3424335992412874,-0.2539606988430023,-0.35971856117248535
5026,-0.36442474781641604,-0.28595998883247375,-0.3772872984409332
5027,-0.37070793312359557,-0.3144679367542267,-0.379505455493927
5028,-0.3675663404700058,-0.3387661874294281,-0.36892592906951904
5029,-0.3518583772020568,-0.356008917093277,-0.34666159749031067
5030,-0.32672563597333854,-0.3618643879890442,-0.31268587708473206
5031,-0.289026524130261,-0.3514848053455353,-0.26635974645614624
5032,-0.23561944901923448,-0.3205282688140869,-0.20698808133602142
5033,-0.16336281798666927,-0.26605355739593506,-0.13445761799812317
5034,-0.07853981633974483,-0.187241330742836,-0.05000891536474228
5035,0.01884955592153876,-0.08595322072505951,0.043082159012556076
5036,0.12252211349000193,0.03288879990577698,0.1392585039138794
5037,0.22305307840487532,0.16126342117786407,0.23108847439289093
5038,0.3141592653589793,0.28865373134613037,0.31032198667526245
5039,0.38013271108436497,0.40348899364471436,0.36929190158843994
5040,0.4178318229274425,0.49512553215026855,0.40222498774528503
5041,0.42411500823462206,0.5555875301361084,0.40615546703338623
5042,0.3989822670059037,0.5804377794265747,0.3814387917518616
5043,0.3518583772020568,0.5688133239746094,0.3318236768245697
5044,0.2827433388230814,0.5230904817581177,0.2638784348964691
5045,0.20420352248333654,0.44849270582199097,0.18603603541851044
5046,0.11938052083641214,0.3525736331939697,0.10759610682725906
5047,0.0439822971502571,0.24433638155460358,0.03751333802938461
5048,-0.01884955592153876,0.13294717669487,-0.01713426038622856
5049,-0.06283185307179587,0.026354193687438965,-0.05252211540937424
5050,-0.08482300164692441,-0.06970896571874619,-0.06864171475172043
5051,-0.0879645943005142,-0.1520814299583435,-0.06893890351057053
5052,-0.08168140899333463,-0.22001391649246216,-0.059440553188323975
5053,-0.07853981633974483,-0.27473363280296326,-0.04764442890882492
5054,-0.07853981633974483,-0.3188040554523468,-0.04115455597639084
5055,-0.08168140899333463,-0.35522565245628357,-0.04618603736162186
5056,-0.09738937226128358,-0.38633617758750916,-0.06629841774702072
5057,-0.12566370614359174,-0.41275089979171753,-0.1015816479921341
5058,-0.16022122533307945,-0.4326709508895874,-0.14828258752822876
5059,-0.19792033717615698,-0.44182324409484863,-0.1990039050579071
5060,-0.2293362637120549,-0.4341014325618744,-0.2438029944896698
5061,-0.24504422698000386,-0.402691513299942,-0.2720833122730255
5062,-0.23561944901923448,-0.3412933945655823,-0.27441951632499695
5063,-0.19477874452256716,-0.245231032371521,-0.24352207779884338
5064,-0.12252211349000193,-0.11259230971336365,-0.1746877133846283
5065,-0.012566370614359173,0.05437767505645752,-0.06672916561365128
5066,0.13194689145077132,0.2476910948753357,0.07637842744588852
5067,0.289026524130261,0.452536016702652,0.2442004531621933
5068,0.45553093477052,0.6481318473815918,0.42041242122650146
5069,0.6063273821428301,0.8115496635437012,0.5852413177490234
5070,0.7257079029792423,0.923042893409729,0.7181433439254761
5071,0.7916813487046279,0.9693292379379272,0.800492525100708
5072,0.7979645340118074,0.9431596994400024,0.8176295757293701
5073,0.7351326809400116,0.8413515090942383,0.7620970010757446
5074,0.5937610115284709,0.6641777753829956,0.6349812746047974
5075,0.38641589639154456,0.41690680384635925,0.44070878624916077
5076,0.13194689145077132,0.1130082905292511,0.18733879923820496
5077,-0.16022122533307945,-0.22229599952697754,-0.10795648396015167
5078,-0.4618141200776996,-0.5522693395614624,-0.416393518447876
5079,-0.744557458900781,-0.8370312452316284,-0.7057889699935913
5080,-0.9896016858807849,-1.046423316001892,-0.9547395706176758
5081,-1.1718140597889928,-1.1664323806762695,-1.1509501934051514
5082,-1.2849113953182254,-1.1949697732925415,-1.2817953824996948
5083,-1.3257520998148928,-1.134870171546936,-1.3376132249832153
5084,-1.2849113953182254,-0.9919171333312988,-1.3136701583862305
5085,-1.1655308744818134,-0.7760947942733765,-1.2072176933288574
5086,-0.9738937226128359,-0.5017801523208618,-1.0204075574874878
5087,-0.7005751617505239,-0.18835672736167908,-0.7620165348052979
5088,-0.3738495257771854,0.13883420825004578,-0.4471794664859772
5089,-0.01884955592153876,0.4502980411052704,-0.0970582515001297
5090,0.3455751918948773,0.7177727222442627,0.26503366231918335
5091,0.6754424205218055,0.9204956293106079,0.6072636842727661
5092,0.9581857593448869,1.0480871200561523,0.9054516553878784
5093,1.1780972450961724,1.0989161729812622,1.1422947645187378
5094,1.3257520998148928,1.076788067817688,1.3063215017318726
5095,1.3980087308474578,0.9891287088394165,1.401780366897583
5096,1.3948671381938682,0.8466325998306274,1.4221391677856445
5097,1.3257520998148928,0.6624999046325684,1.366058349609375
5098,1.184380430403352,0.45119354128837585,1.2404651641845703
5099,0.9801769079200154,0.22782592475414276,1.0511282682418823
5100,0.7225663103256524,0.007976746186614037,0.8058730363845825
5101,0.43353978619539146,-0.19320577383041382,0.5185732245445251
5102,0.13194689145077132,-0.36261865496635437,0.20843452215194702
5103,-0.16964600329384882,-0.4905034601688385,-0.10048888623714447
5104,-0.4366813788489812,-0.5708956718444824,-0.38190439343452454
5105,-0.6503096792930871,-0.6014690399169922,-0.6139030456542969
5106,-0.8011061266653973,-0.5831063985824585,-0.7825162410736084
5107,-0.8765043503515523,-0.519322395324707,-0.8802139759063721
5108,-0.8827875356587318,-0.4157479405403137,-0.9044424295425415
5109,-0.8136724972797564,-0.27988457679748535,-0.856269359588623
5110,-0.6817256058289851,-0.1210881918668747,-0.7394181489944458
5111,-0.4932300466135975,0.049533575773239136,-0.5616029500961304
5112,-0.2701769682087222,0.21961095929145813,-0.33774077892303467
5113,-0.01884955592153876,0.3763997554779053,-0.08904439955949783
5114,0.22305307840487532,0.5079400539398193,0.16212989389896393
5115,0.44924774946334045,0.6043014526367188,0.39453256130218506
5116,0.6220353454107791,0.6585466861724854,0.5868825912475586
5117,0.744557458900781,0.667049765586853,0.7204499244689941
5118,0.7979645340118074,0.6292444467544556,0.786851167678833
5119,0.7822565707438585,0.5472825765609741,0.78563392162323
5120,0.7037167544041136,0.42593997716903687,0.7195250988006592
5121,0.5654866776461628,0.27272188663482666,0.5946946144104004
5122,0.38013271108436497,0.09789567440748215,0.42109060287475586
5123,0.16650441064025903,-0.08581150323152542,0.21332716941833496
5124,-0.05969026041820607,-0.26405587792396545,-0.00976492092013359
5125,-0.2701769682087222,-0.4223536550998688,-0.2275407612323761
5126,-0.45553093477052,-0.5479254722595215,-0.4198737144470215
5127,-0.5937610115284709,-0.6312402486801147,-0.5688540935516357
5128,-0.6723008278682158,-0.6666309833526611,-0.661858081817627
5129,-0.6911503837897546,-0.6520133018493652,-0.6936278343200684
5130,-0.6503096792930871,-0.5883181095123291,-0.6638250350952148
5131,-0.5497787143782138,-0.47919556498527527,-0.5752605199813843
5132,-0.39584067435231396,-0.3310794234275818,-0.43441930413246155
5133,-0.20734511513692636,-0.15337827801704407,-0.25250640511512756
5134,0.006283185307179587,0.04149460420012474,-0.04486578702926636
5135,0.22305307840487532,0.23856250941753387,0.17074638605117798
5136,0.4209734155810323,0.4214971959590912,0.3749958276748657
5137,0.5811946409141117,0.5746058225631714,0.5475959777832031
5138,0.6974335690969341,0.6849745512008667,0.6706094741821289
5139,0.7508406442079605,0.7438037395477295,0.7338912487030029
5140,0.7382742735936014,0.7464984655380249,0.7335909605026245
5141,0.6628760499074464,0.6920549869537354,0.6699798107147217
5142,0.5309291584566751,0.5826656818389893,0.5476720333099365
5143,0.34871678454846705,0.42396828532218933,0.3741089999675751
5144,0.1288052987971815,0.22570227086544037,0.16083261370658875
5145,-0.10681415022205297,0.0022005178034305573,-0.07454142719507217
5146,-0.3424335992412874,-0.22795063257217407,-0.3099018931388855
5147,-0.5497787143782138,-0.44370031356811523,-0.5235364437103271
5148,-0.713141532364883,-0.6247923374176025,-0.6968733072280884
5149,-0.819955682586936,-0.755286693572998,-0.8141505718231201
5150,-0.8639379797371931,-0.8254594802856445,-0.8653144836425781
5151,-0.835663645854885,-0.8313847780227661,-0.8469544649124146
5152,-0.7414158662471911,-0.7734706401824951,-0.7596628665924072
5153,-0.5843362335677015,-0.6556380987167358,-0.6076723337173462
5154,-0.37070793312359557,-0.4855906665325165,-0.40133970975875854
5155,-0.13194689145077132,-0.2754895091056824,-0.15788570046424866
5156,0.12566370614359174,-0.04216839373111725,0.10130897909402847
5157,0.3738495257771854,0.19373197853565216,0.35223254561424255
5158,0.5874778262212914,0.4100651144981384,0.5711106061935425
5159,0.7414158662471911,0.5866531133651733,0.7355594635009766
5160,0.8293804605477054,0.7085641622543335,0.8299261331558228
5161,0.8419468311620646,0.7675042152404785,0.8494610786437988
5162,0.7791149780902686,0.7611325979232788,0.7944614887237549
5163,0.6503096792930871,0.6918081045150757,0.6700025796890259
5164,0.4649557127312894,0.5661444664001465,0.4859321415424347
5165,0.2293362637120549,0.3952786326408386,0.25817468762397766
5166,-0.015707963267948967,0.19480766355991364,0.009118037298321724
5167,-0.2607521902479529,-0.016323048621416092,-0.23586329817771912
5168,-0.4680973053848792,-0.2179076373577118,-0.45261991024017334
5169,-0.6283185307179586,-0.3910678029060364,-0.619636058807373
5170,-0.7194247176720626,-0.5206942558288574,-0.7212234735488892
5171,-0.7414158662471911,-0.5969423055648804,-0.7510421276092529
5172,-0.6911503837897546,-0.6153508424758911,-0.708625078201294
5173,-0.5749114556069321,-0.5760791301727295,-0.5976909399032593
5174,-0.39584067435231396,-0.4832201898097992,-0.4271949827671051
5175,-0.1790707812546182,-0.344584584236145,-0.21207766234874725
5176,0.06597344572538566,-0.1715414822101593,0.028471866622567177
5177,0.3078760800517997,0.02159237489104271,0.27353447675704956
5178,0.5309291584566751,0.2186889797449112,0.5021049976348877
5179,0.7099999397112933,0.4033501148223877,0.6937087774276733
5180,0.8388052385084748,0.5607815980911255,0.8310837745666504
5181,0.9079202768874503,0.679632306098938,0.906808614730835
5182,0.91106186954104,0.7530674934387207,0.9206894636154175
5183,0.8576547944300136,0.7786973714828491,0.8747848272323608
5184,0.7476990515543708,0.7577706575393677,0.7732763290405273
5185,0.5937610115284709,0.6943080425262451,0.6241282224655151
5186,0.40212385965949354,0.5944578647613525,0.4394613802433014
5187,0.1916371518689774,0.46597328782081604,0.23381704092025757
5188,-0.015707963267948967,0.31773093342781067,0.023026911541819572
5189,-0.20420352248333654,0.1593329757452011,-0.17597094178199768
5190,-0.3675663404700058,0.0007336810231208801,-0.3464524447917938
5191,-0.48694686130641796,-0.14828941226005554,-0.47488823533058167
5192,-0.5560618996853934,-0.2788635194301605,-0.5538783073425293
5193,-0.5717698629533423,-0.38374513387680054,-0.5819631814956665
5194,-0.5403539364174444,-0.45782172679901123,-0.5613013505935669
5195,-0.4680973053848792,-0.49831661581993103,-0.49657920002937317
5196,-0.3612831551628262,-0.5047274827957153,-0.39513400197029114
5197,-0.2324778563656447,-0.4785783588886261,-0.26696109771728516
5198,-0.08482300164692441,-0.423102468252182,-0.12382686138153076
5199,0.05969026041820607,-0.3429567217826843,0.02197272889316082
5200,0.18849555921538758,-0.24397975206375122,0.15813295543193817
5201,0.29530970943744056,-0.1329326629638672,0.27281731367111206
5202,0.3738495257771854,-0.017163772135972977,0.35651612281799316
5203,0.41154863762026295,0.09581690281629562,0.40396857261657715
5204,0.41154863762026295,0.19883570075035095,0.4141310453414917
5205,0.38013271108436497,0.285590797662735,0.38926246762275696
5206,0.32358404331974866,0.3511478900909424,0.33433428406715393
5207,0.24190263432641407,0.39228928089141846,0.256289541721344
5208,0.15079644737231007,0.4076429307460785,0.1632787436246872
5209,0.053407075111026485,0.3976016342639923,0.06428060680627823
5210,-0.04084070449666732,0.3641049563884735,-0.03134988993406296
5211,-0.12566370614359174,0.31034696102142334,-0.11480963230133057
5212,-0.1916371518689774,0.24044744670391083,-0.17910805344581604
5213,-0.2293362637120549,0.1591097116470337,-0.22010821104049683
5214,-0.24190263432641407,0.07128675282001495,-0.23674800992012024
5215,-0.2324778563656447,-0.018125999718904495,-0.2305593192577362
5216,-0.20734511513692636,-0.10456223785877228,-0.20509402453899384
5217,-0.16964600329384882,-0.1840091347694397,-0.16545017063617706
5218,-0.12252211349000193,-0.2531667947769165,-0.11772924661636353
5219,-0.07539822368615504,-0.309524804353714,-0.0683593824505806
5220,-0.031415926535897934,-0.351350337266922,-0.0233389250934124
5221,0.0031415926535897933,-0.37759506702423096,0.012501537799835205
5222,0.025132741228718346,-0.38774755597114563,0.03608482703566551
5223,0.031415926535897934,-0.38166895508766174,0.04637359455227852
5224,0.02827433388230814,-0.35945990681648254,0.04432862997055054
5225,0.02199114857512855,-0.3213951587677002,0.032638996839523315
5226,0.012566370614359173,-0.26794394850730896,0.01528906263411045
5227,0.006283185307179587,-0.19987592101097107,-0.0030302926898002625
5228,0.0031415926535897933,-0.1184389591217041,-0.017611030489206314
5229,0.006283185307179587,-0.02558600902557373,-0.02439950779080391
5230,0.012566370614359173,0.07578925043344498,-0.020528066903352737
5231,0.02827433388230814,0.18167565762996674,-0.004633504897356033
5232,0.047123889803846894,0.28691792488098145,0.02302219718694687
5233,0.07539822368615504,0.38542640209198,0.06056569516658783
5234,0.10995574287564276,0.4706505239009857,0.10463221371173859
5235,0.1445132620651305,0.5362377166748047,0.1506383717060089
5236,0.1759291886010284,0.5767090320587158,0.19326122105121613
5237,0.20106192982974677,0.5879836082458496,0.22711442410945892
5238,0.21362830044410594,0.5676906108856201,0.247507244348526
5239,0.21048670779051615,0.5153278112411499,0.25110360980033875
5240,0.19477874452256716,0.4323742985725403,0.23634159564971924
5241,0.16964600329384882,0.3224184215068817,0.20361769199371338
5242,0.1288052987971815,0.19127383828163147,0.15529897809028625
5243,0.08168140899333463,0.04696604609489441,0.09557464718818665
5244,0.025132741228718346,-0.10059142112731934,0.03012017160654068
5245,-0.025132741228718346,-0.24039307236671448,-0.03445904701948166
5246,-0.07225663103256524,-0.36159223318099976,-0.0914495587348938
5247,-0.10995574287564276,-0.45491066575050354,-0.13504953682422638
5248,-0.1288052987971815,-0.5137498378753662,-0.16129224002361298
5249,-0.1288052987971815,-0.5347148180007935,-0.1685427576303482
