sample,measured_angle,simple_narx_simulation,advanced_lstm_simulation
0,0.3895574890451343,0.3895574890451343,0.3895574890451343
1,0.5277875658030853,0.5277875658030853,0.5277875658030853
2,0.6000441968356505,0.6000441968356505,0.6000441968356505
3,0.6000441968356505,0.6000441968356505,0.6000441968356505
4,0.5372123437638546,0.5372123437638546,0.5372123437638546
5,0.4209734155810323,0.4209734155810323,0.4209734155810323
6,0.2670353755551324,0.2670353755551324,0.2670353755551324
7,0.10681415022205297,0.10681415022205297,0.10681415022205297
8,-0.053407075111026485,-0.053407075111026485,-0.053407075111026485
9,-0.18849555921538758,-0.18849555921538758,-0.18849555921538758
10,-0.2796017461694916,-0.2796017461694916,-0.2796017461694916
11,-0.3204424506661589,-0.3204424506661589,-0.3204424506661589
12,-0.31101767270538955,-0.31101767270538955,-0.31101767270538955
13,-0.257610597594363,-0.257610597594363,-0.257610597594363
14,-0.16964600329384882,-0.16964600329384882,-0.16964600329384882
15,-0.06283185307179587,-0.06283185307179587,-0.06283185307179587
16,0.053407075111026485,0.053407075111026485,0.053407075111026485
17,0.16336281798666927,0.16336281798666927,0.16336281798666927
18,0.25446900494077324,0.25446900494077324,0.25446900494077324
19,0.3204424506661589,0.3204424506661589,0.3204424506661589
20,0.35499996985564664,0.35499996985564664,0.35499996985564664
21,0.3612831551628262,0.3612831551628262,0.3612831551628262
22,0.3424335992412874,0.3424335992412874,0.3424335992412874
23,0.3078760800517997,0.3078760800517997,0.3078760800517997
24,0.26389378290154264,0.26389378290154264,0.26389378290154264
25,0.21362830044410594,0.21362830044410594,0.21362830044410594
26,0.16022122533307945,0.16022122533307945,0.16022122533307945
27,0.10367255756846318,0.10367255756846318,0.10367255756846318
28,0.05026548245743669,0.05026548245743669,0.05026548245743669
29,-0.006283185307179587,-0.006283185307179587,-0.006283185307179587
30,-0.06597344572538566,-0.06597344572538566,-0.06597344572538566
31,-0.1288052987971815,-0.1288052987971815,-0.1288052987971815
32,-0.19792033717615698,-0.19792033717615698,-0.19792033717615698
33,-0.2607521902479529,-0.2607521902479529,-0.2607521902479529
34,-0.31730085801256913,-0.31730085801256913,-0.31730085801256913
35,-0.3612831551628262,-0.3612831551628262,-0.3612831551628262
36,-0.3895574890451343,-0.3895574890451343,-0.3895574890451343
37,-0.39269908169872414,-0.39269908169872414,-0.39269908169872414
38,-0.3675663404700058,-0.3675663404700058,-0.3675663404700058
39,-0.3141592653589793,-0.3141592653589793,-0.3141592653589793
40,-0.2324778563656447,-0.2324778563656447,-0.2324778563656447
41,-0.11938052083641214,-0.11938052083641214,-0.11938052083641214
42,0.01884955592153876,0.01884955592153876,0.01884955592153876
43,0.1759291886010284,0.1759291886010284,0.1759291886010284
44,0.3361504139341079,0.3361504139341079,0.3361504139341079
45,0.48694686130641796,0.48694686130641796,0.48694686130641796
46,0.6220353454107791,0.6220353454107791,0.6220353454107791
47,0.7288494956328321,0.7288494956328321,0.7288494956328321
48,0.8011061266653973,0.8011061266653973,0.8011061266653973
49,0.835663645854885,0.835663645854885,0.835663645854885
50,0.8325220532012952,0.8359276056289673,0.8324466943740845
51,0.7979645340118074,0.7971467971801758,0.7983322143554688
52,0.7319910882864218,0.7287663221359253,0.7355539798736572
53,0.6440264939859076,0.637036919593811,0.6479803323745728
54,0.5309291584566751,0.5280414819717407,0.540184497833252
55,0.41154863762026295,0.40690794587135315,0.41660618782043457
56,0.27646015351590175,0.2758605480194092,0.281288743019104
57,0.1350884841043611,0.1386348009109497,0.13810372352600098
58,-0.012566370614359173,-0.004215475171804428,-0.009755942970514297
59,-0.15707963267948966,-0.1510952264070511,-0.1601756513118744
60,-0.3047344873982099,-0.30039605498313904,-0.31104040145874023
61,-0.44924774946334045,-0.44914522767066956,-0.45930469036102295
62,-0.5874778262212914,-0.591280460357666,-0.6007354259490967
63,-0.7194247176720626,-0.719346284866333,-0.7305202484130859
64,-0.8325220532012952,-0.823644757270813,-0.8443514108657837
65,-0.9236282401553992,-0.8951418399810791,-0.9360685348510742
66,-0.9833185005736053,-0.9251312017440796,-0.9934893846511841
67,-1.002168056495144,-0.9080860614776611,-1.009447455406189
68,-0.9738937226128359,-0.8407300710678101,-0.9778995513916016
69,-0.8922123136195013,-0.7222509384155273,-0.8911185264587402
70,-0.7508406442079605,-0.5547939538955688,-0.7446153163909912
71,-0.546637121724624,-0.343477338552475,-0.5391777753829956
72,-0.29530970943744056,-0.09813104569911957,-0.28250330686569214
73,-0.00942477796076938,0.16608236730098724,0.00966184213757515
74,0.29530970943744056,0.42751947045326233,0.31478002667427063
75,0.5874778262212914,0.6607723236083984,0.6070578098297119
76,0.835663645854885,0.8426392078399658,0.8590309619903564
77,1.0241592050702726,0.9574904441833496,1.0506833791732788
78,1.1435397259066846,0.9985150098800659,1.167947769165039
79,1.1812388377497622,0.9648023843765259,1.2032490968704224
80,1.1341149479459152,0.8593778610229492,1.154651165008545
81,1.0084512418023235,0.6888014078140259,1.023353934288025
82,0.8011061266653973,0.46413713693618774,0.8159270286560059
83,0.5372123437638546,0.2016679048538208,0.5453773736953735
84,0.2293362637120549,-0.0768975168466568,0.23280803859233856
85,-0.08482300164692441,-0.3459542989730835,-0.09421533346176147
86,-0.3895574890451343,-0.5804464817047119,-0.4068424105644226
87,-0.6597344572538566,-0.7609961032867432,-0.6779028177261353
88,-0.8702211650443727,-0.8768520355224609,-0.8911048173904419
89,-1.0147344271095031,-0.9250079393386841,-1.0359350442886353
90,-1.0838494654884787,-0.9077115058898926,-1.1078382730484009
91,-1.0869910581420683,-0.8307496309280396,-1.1093096733093262
92,-1.0210176124166828,-0.7028719186782837,-1.0429335832595825
93,-0.8953539062730911,-0.535285234451294,-0.914177417755127
94,-0.7162831250184728,-0.3404519557952881,-0.7309399843215942
95,-0.4900884539600077,-0.13106516003608704,-0.5034050941467285
96,-0.23561944901923448,0.08043421059846878,-0.24419432878494263
97,0.02827433388230814,0.28215542435646057,0.03035760298371315
98,0.289026524130261,0.46349820494651794,0.3010879158973694
99,0.5340707511102648,0.6160684823989868,0.5502580404281616
100,0.7414158662471911,0.7341828346252441,0.7633930444717407
101,0.91106186954104,0.8149510622024536,0.9323160648345947
102,1.0273007977238624,0.8579174280166626,1.0528067350387573
103,1.093274243449248,0.8643767833709717,1.1185373067855835
104,1.105840614063607,0.8365869522094727,1.1311171054840088
105,1.0681415022205296,0.7773033380508423,1.0922706127166748
106,0.9801769079200154,0.6897978782653809,1.0024306774139404
107,0.8419468311620646,0.5781193971633911,0.8647022247314453
108,0.669159235214626,0.4473092555999756,0.6851975917816162
109,0.4586725274241098,0.30347537994384766,0.47344306111335754
110,0.23876104167282428,0.153845876455307,0.2430775910615921
111,0.012566370614359173,0.006709428504109383,0.011748917400836945
112,-0.19792033717615698,-0.12899693846702576,-0.2015877068042755
113,-0.37070793312359557,-0.24457290768623352,-0.3817363381385803
114,-0.5026548245743669,-0.3327065110206604,-0.5168584585189819
115,-0.578053048260522,-0.38846275210380554,-0.5944761037826538
116,-0.6000441968356505,-0.40982115268707275,-0.6147242784500122
117,-0.5654866776461628,-0.3977300226688385,-0.5824136734008789
118,-0.48694686130641796,-0.3558576703071594,-0.5036609172821045
119,-0.37070793312359557,-0.2901861369609833,-0.3885609209537506
120,-0.23561944901923448,-0.20847415924072266,-0.25020334124565125
121,-0.09110618695410401,-0.11954151093959808,-0.10356704890727997
122,0.047123889803846894,-0.03234952688217163,0.035980433225631714
123,0.16336281798666927,0.04502556473016739,0.15429258346557617
124,0.24504422698000386,0.10632409155368805,0.23987385630607605
125,0.289026524130261,0.14770516753196716,0.28653690218925476
126,0.29530970943744056,0.16791664063930511,0.29544705152511597
127,0.2701769682087222,0.1680852323770523,0.2724344730377197
128,0.21991148575128552,0.15123167634010315,0.22431819140911102
129,0.15393804002589986,0.12158132344484329,0.15887871384620667
130,0.07853981633974483,0.0837426632642746,0.08504603803157806
131,0.006283185307179587,0.04190116003155708,0.011434512212872505
132,-0.05969026041820607,-0.000779028981924057,-0.05506512522697449
133,-0.11309733552923255,-0.042412251234054565,-0.10943658649921417
134,-0.15393804002589986,-0.08230523020029068,-0.14881987869739532
135,-0.1759291886010284,-0.12061843276023865,-0.17385363578796387
136,-0.1916371518689774,-0.15785111486911774,-0.18737702071666718
137,-0.19477874452256716,-0.19420497119426727,-0.19281895458698273
138,-0.1916371518689774,-0.2289251983165741,-0.19300729036331177
139,-0.1916371518689774,-0.2597920000553131,-0.18928442895412445
140,-0.1916371518689774,-0.2829385995864868,-0.18143817782402039
141,-0.18221237390820802,-0.2931036055088043,-0.16778287291526794
142,-0.16336281798666927,-0.28431811928749084,-0.14468137919902802
143,-0.12252211349000193,-0.2508948743343353,-0.10640545189380646
144,-0.06597344572538566,-0.18851768970489502,-0.047770723700523376
145,0.015707963267948967,-0.0953051745891571,0.03276241198182106
146,0.11623892818282235,0.027140401303768158,0.1328398883342743
147,0.2324778563656447,0.17273564636707306,0.2463449388742447
148,0.34871678454846705,0.3303300142288208,0.3633243441581726
149,0.4586725274241098,0.484231561422348,0.4712909460067749
150,0.5434955290710342,0.616356611251831,0.5564918518066406
151,0.5937610115284709,0.7095154523849487,0.6023101806640625
152,0.5937610115284709,0.7502560615539551,0.5984592437744141
153,0.5434955290710342,0.7299591302871704,0.541663408279419
154,0.43353978619539146,0.6445584297180176,0.4291743040084839
155,0.273318560862312,0.49445512890815735,0.263394296169281
156,0.06283185307179587,0.28573712706565857,0.05441732704639435
157,-0.17278759594743864,0.03247065097093582,-0.18085886538028717
158,-0.40840704496667307,-0.24173498153686523,-0.42025163769721985
159,-0.6251769380643689,-0.5057847499847412,-0.6385209560394287
160,-0.8042477193189871,-0.7280652523040771,-0.8156882524490356
161,-0.9236282401553992,-0.8847379684448242,-0.9332282543182373
162,-0.9738937226128359,-0.9632532596588135,-0.9786940813064575
163,-0.9424777960769379,-0.9598063230514526,-0.9474337100982666
164,-0.835663645854885,-0.8754388093948364,-0.8359463214874268
165,-0.6503096792930871,-0.7148885726928711,-0.6486269235610962
166,-0.3989822670059037,-0.4880753457546234,-0.3974536061286926
167,-0.11309733552923255,-0.21226650476455688,-0.1023416668176651
168,0.19477874452256716,0.08709382265806198,0.20924067497253418
169,0.48066367599923837,0.37900376319885254,0.5068032145500183
170,0.7382742735936014,0.6330834627151489,0.7616606950759888
171,0.9267698328089891,0.8262784481048584,0.9532203674316406
172,1.0430087609918115,0.9461528062820435,1.068524718284607
173,1.080707872834889,0.9896073341369629,1.103151798248291
174,1.0398671683382215,0.9596973657608032,1.059815764427185
175,0.9267698328089891,0.8638232946395874,0.9444704055786133
176,0.7539822368615503,0.7138321399688721,0.7680070400238037
177,0.5372123437638546,0.5260481834411621,0.5465364456176758
178,0.29530970943744056,0.31962651014328003,0.3009938597679138
179,0.053407075111026485,0.11384813487529755,0.05504035949707031
180,-0.16650441064025903,-0.07404153048992157,-0.16862736642360687
181,-0.3424335992412874,-0.23000776767730713,-0.3514476716518402
182,-0.4618141200776996,-0.34407517313957214,-0.4778730571269989
183,-0.5215043804959058,-0.4109383225440979,-0.5395747423171997
184,-0.5215043804959058,-0.42986860871315,-0.5396815538406372
185,-0.4649557127312894,-0.4039968252182007,-0.4828536808490753
186,-0.3581415625092364,-0.33945488929748535,-0.3775796592235565
187,-0.21991148575128552,-0.24452698230743408,-0.2357916235923767
188,-0.05969026041820607,-0.128752201795578,-0.07162144035100937
189,0.10995574287564276,-0.002167295664548874,0.09937840700149536
190,0.26389378290154264,0.12513691186904907,0.2611544132232666
191,0.39584067435231396,0.24337172508239746,0.398763507604599
192,0.4932300466135975,0.34358301758766174,0.5004380941390991
193,0.5434955290710342,0.4182113707065582,0.556367039680481
194,0.546637121724624,0.46138209104537964,0.5625861883163452
195,0.5057964172279567,0.46890702843666077,0.5206671953201294
196,0.4178318229274425,0.43823710083961487,0.43231895565986633
197,0.289026524130261,0.368610143661499,0.3012538254261017
198,0.1288052987971815,0.261468768119812,0.13509923219680786
199,-0.05969026041820607,0.12108371406793594,-0.055003173649311066
200,-0.25446900494077324,-0.044814497232437134,-0.25522589683532715
201,-0.4429645641561608,-0.22476476430892944,-0.44941574335098267
202,-0.6126105674500096,-0.40414097905158997,-0.6218173503875732
203,-0.7476990515543708,-0.5668373107910156,-0.762373685836792
204,-0.8419468311620646,-0.6977511644363403,-0.8598871231079102
205,-0.8827875356587318,-0.7850519418716431,-0.9030547142028809
206,-0.8670795723907829,-0.8212412595748901,-0.8904564380645752
207,-0.7948229413582177,-0.8029299974441528,-0.8196605443954468
208,-0.669159235214626,-0.7301536798477173,-0.6912128925323486
209,-0.4932300466135975,-0.6060329675674438,-0.5101327896118164
210,-0.273318560862312,-0.43697085976600647,-0.28652143478393555
211,-0.031415926535897934,-0.23312729597091675,-0.03622741997241974
212,0.21676989309769573,-0.008708346635103226,0.21991683542728424
213,0.4429645641561608,0.21857605874538422,0.45903635025024414
214,0.6408849013323178,0.4294399321079254,0.6606220006942749
215,0.7853981633974483,0.6061193943023682,0.8103625774383545
216,0.8639379797371931,0.7353616952896118,0.8959699869155884
217,0.8796459430051421,0.809851884841919,0.9140198230743408
218,0.8325220532012952,0.8278261423110962,0.8685098886489868
219,0.7257079029792423,0.7919057607650757,0.7645978927612305
220,0.578053048260522,0.7082209587097168,0.6115542650222778
221,0.39584067435231396,0.5859357118606567,0.4233959913253784
222,0.19792033717615698,0.43664446473121643,0.21780267357826233
223,0.0031415926535897933,0.27333176136016846,0.01412888988852501
224,-0.16964600329384882,0.10910771042108536,-0.1690344661474228
225,-0.3047344873982099,-0.04394928365945816,-0.31665486097335815
226,-0.39584067435231396,-0.17572784423828125,-0.417024701833725
227,-0.4366813788489812,-0.27878710627555847,-0.46372121572494507
228,-0.4272566008882119,-0.34871572256088257,-0.46052494645118713
229,-0.37699111843077515,-0.3840464651584625,-0.4127954840660095
230,-0.29216811678385074,-0.38580405712127686,-0.3278900682926178
231,-0.18535396656179778,-0.35685601830482483,-0.21547816693782806
232,-0.06597344572538566,-0.30120426416397095,-0.08631233125925064
233,0.06283185307179587,-0.22335964441299438,0.04863714426755905
234,0.1790707812546182,-0.12796349823474884,0.17874719202518463
235,0.28588493147667116,-0.019714374095201492,0.2944415211677551
236,0.37070793312359557,0.0965321883559227,0.38912105560302734
237,0.43353978619539146,0.21566717326641083,0.4588342308998108
238,0.47123889803846897,0.3322863280773163,0.501304030418396
239,0.48066367599923837,0.4406925439834595,0.517733633518219
240,0.47438049069205873,0.5349966287612915,0.512218713760376
241,0.4523893421169302,0.6093746423721313,0.48852914571762085
242,0.4178318229274425,0.6584320068359375,0.448694109916687
243,0.3675663404700058,0.677548885345459,0.3937889337539673
244,0.3078760800517997,0.6631327867507935,0.32458338141441345
245,0.2324778563656447,0.6127980947494507,0.24187125265598297
246,0.14765485471872028,0.5255413055419922,0.14723961055278778
247,0.053407075111026485,0.4020092189311981,0.04340316355228424
248,-0.047123889803846894,0.24496182799339294,-0.06630877405405045
249,-0.14765485471872028,0.05998055636882782,-0.17793385684490204
250,-0.25132741228718347,-0.1437610238790512,-0.2868567109107971
251,-0.34871678454846705,-0.3532155156135559,-0.3882446587085724
252,-0.43982297150257105,-0.5524355173110962,-0.4775153696537018
253,-0.515221195188726,-0.7250980138778687,-0.5502243041992188
254,-0.5717698629533423,-0.8576450347900391,-0.6015200614929199
255,-0.6063273821428301,-0.9412906169891357,-0.6281862258911133
256,-0.6157521601035995,-0.9720096588134766,-0.6306858062744141
257,-0.6000441968356505,-0.9493422508239746,-0.6091103553771973
258,-0.5592034923389833,-0.8753587007522583,-0.5620042085647583
259,-0.4932300466135975,-0.7542130947113037,-0.4888218343257904
260,-0.40212385965949354,-0.5918943881988525,-0.3905423879623413
261,-0.28588493147667116,-0.39602574706077576,-0.26956647634506226
262,-0.14765485471872028,-0.17594312131404877,-0.12988778948783875
263,0.0,0.05700768530368805,0.022783823311328888
264,0.15707963267948966,0.28940972685813904,0.1809806525707245
265,0.31101767270538955,0.5064427256584167,0.33566465973854065
266,0.4523893421169302,0.6935137510299683,0.4771818220615387
267,0.578053048260522,0.8384644985198975,0.5969551801681519
268,0.6723008278682158,0.9332786798477173,0.6875355243682861
269,0.7351326809400116,0.9743790626525879,0.7409300804138184
270,0.7571238295151402,0.9617682695388794,0.753912091255188
271,0.7382742735936014,0.8980468511581421,0.7283774614334106
272,0.6785840131753953,0.7879407405853271,0.6651244163513184
273,0.5843362335677015,0.6382124423980713,0.5659940242767334
274,0.4618141200776996,0.457687109708786,0.4362279176712036
275,0.3047344873982099,0.257296621799469,0.284351646900177
276,0.13823007675795088,0.04997237026691437,0.12164260447025299
277,-0.02199114857512855,-0.15000443160533905,-0.03852822631597519
278,-0.17278759594743864,-0.32846057415008545,-0.1828182488679886
279,-0.29216811678385074,-0.4732826054096222,-0.3010508120059967
280,-0.37699111843077515,-0.5760700702667236,-0.3848494291305542
281,-0.42411500823462206,-0.6328599452972412,-0.4280250668525696
282,-0.43353978619539146,-0.6439265012741089,-0.4335039556026459
283,-0.41154863762026295,-0.613135576248169,-0.4076215922832489
284,-0.36442474781641604,-0.547248363494873,-0.3571452796459198
285,-0.30159289474462014,-0.45519742369651794,-0.2907809317111969
286,-0.2324778563656447,-0.3471674919128418,-0.21826642751693726
287,-0.16650441064025903,-0.23344403505325317,-0.14896705746650696
288,-0.10681415022205297,-0.12317755818367004,-0.0907910019159317
289,-0.05969026041820607,-0.023296888917684555,-0.04888056963682175
290,-0.031415926535897934,0.06219734996557236,-0.023801758885383606
291,-0.015707963267948967,0.13240960240364075,-0.011411800980567932
292,-0.006283185307179587,0.18922337889671326,-0.004974063485860825
293,0.0031415926535897933,0.2366112619638443,0.0030563026666641235
294,0.01884955592153876,0.27967125177383423,0.019988536834716797
295,0.05026548245743669,0.32343488931655884,0.05247384309768677
296,0.10053096491487339,0.3715556561946869,0.10511614382266998
297,0.16964600329384882,0.42509952187538147,0.17850880324840546
298,0.25446900494077324,0.48174384236335754,0.2685060501098633
299,0.34871678454846705,0.5357060432434082,0.36598122119903564
300,0.43353978619539146,0.5785744190216064,0.45867207646369934
301,0.5057964172279567,0.6008652448654175,0.5331047773361206
302,0.5434955290710342,0.5937458276748657,0.573776125907898
303,0.5403539364174444,0.5503963232040405,0.5710227489471436
304,0.4932300466135975,0.46691277623176575,0.5221012830734253
305,0.3989822670059037,0.343037873506546,0.4254488945007324
306,0.26389378290154264,0.1830364465713501,0.2843630313873291
307,0.09424777960769379,-0.003268446773290634,0.10926942527294159
308,-0.09110618695410401,-0.1999487727880478,-0.08288348466157913
309,-0.2670353755551324,-0.386258065700531,-0.270597904920578
310,-0.4272566008882119,-0.5405312776565552,-0.4323809742927551
311,-0.5403539364174444,-0.6450909376144409,-0.5489914417266846
312,-0.5906194188748811,-0.6890641450881958,-0.6029973030090332
313,-0.5811946409141117,-0.6681761741638184,-0.593095064163208
314,-0.5057964172279567,-0.5835460424423218,-0.5184582471847534
315,-0.3738495257771854,-0.44154441356658936,-0.3845004141330719
316,-0.19477874452256716,-0.2548408508300781,-0.20573337376117706
317,-0.0031415926535897933,-0.043247662484645844,-0.0042617060244083405
318,0.1916371518689774,0.16745790839195251,0.19268886744976044
319,0.35499996985564664,0.3497782051563263,0.3587915599346161
320,0.4618141200776996,0.48036620020866394,0.4690368175506592
321,0.4995132319207771,0.543991208076477,0.5039724111557007
322,0.4586725274241098,0.5338383913040161,0.4614713788032532
323,0.34871678454846705,0.45014655590057373,0.3473489582538605
324,0.1790707812546182,0.30016133189201355,0.173564612865448
325,-0.031415926535897934,0.09978905320167542,-0.04058246314525604
326,-0.26389378290154264,-0.12581798434257507,-0.2696029245853424
327,-0.47438049069205873,-0.3457449674606323,-0.4840677082538605
328,-0.6471680866394973,-0.5302692651748657,-0.6571197509765625
329,-0.7571238295151402,-0.6571176052093506,-0.7641304731369019
330,-0.7853981633974483,-0.7134182453155518,-0.7942655086517334
331,-0.7351326809400116,-0.6939541101455688,-0.7419346570968628
332,-0.6000441968356505,-0.5990668535232544,-0.6054552793502808
333,-0.39269908169872414,-0.4345192313194275,-0.39430466294288635
334,-0.1350884841043611,-0.21341541409492493,-0.12763194739818573
335,0.15707963267948966,0.042051710188388824,0.16773615777492523
336,0.4429645641561608,0.3026321828365326,0.46121659874916077
337,0.6942919764433443,0.5383481979370117,0.7218687534332275
338,0.8953539062730911,0.7251670360565186,0.9250229597091675
339,1.0273007977238624,0.848212718963623,1.0546756982803345
340,1.0712830948741194,0.9011764526367188,1.1027264595031738
341,1.0430087609918115,0.8842225074768066,1.0702673196792603
342,0.9361946107697584,0.8025063276290894,0.9614832401275635
343,0.7665486074759096,0.665886640548706,0.785664439201355
344,0.5403539364174444,0.48895055055618286,0.5579198598861694
345,0.29216811678385074,0.28986185789108276,0.2991396486759186
346,0.031415926535897934,0.08770687878131866,0.0340038426220417
347,-0.21048670779051615,-0.10021042823791504,-0.21278759837150574
348,-0.41154863762026295,-0.2597780227661133,-0.4203951060771942
349,-0.5529203070318035,-0.3805200755596161,-0.5731110572814941
350,-0.6346017160251383,-0.4559604525566101,-0.6588062047958374
351,-0.6471680866394973,-0.483840674161911,-0.6782433986663818
352,-0.6000441968356505,-0.46570104360580444,-0.634451150894165
353,-0.5026548245743669,-0.4059484004974365,-0.5332034826278687
354,-0.3581415625092364,-0.31087833642959595,-0.38381513953208923
355,-0.18221237390820802,-0.18793880939483643,-0.19815461337566376
356,0.01884955592153876,-0.045399658381938934,0.009526442736387253
357,0.21991148575128552,0.10758090019226074,0.22282953560352325
358,0.40840704496667307,0.26086628437042236,0.4238947927951813
359,0.578053048260522,0.4036806523799896,0.5964914560317993
360,0.7037167544041136,0.5253481864929199,0.7297180891036987
361,0.7822565707438585,0.6160564422607422,0.8111928701400757
362,0.8042477193189871,0.6673356294631958,0.832317590713501
363,0.7665486074759096,0.6721991300582886,0.7926381826400757
364,0.6660176425610361,0.6251909732818604,0.6897504329681396
365,0.5026548245743669,0.5227508544921875,0.5227212905883789
366,0.28588493147667116,0.364233136177063,0.2963845729827881
367,0.015707963267948967,0.15368695557117462,0.02313445881009102
368,-0.2796017461694916,-0.09788098931312561,-0.279536634683609
369,-0.5811946409141117,-0.3708112835884094,-0.5918769836425781
370,-0.8670795723907829,-0.6377882957458496,-0.8901156187057495
371,-1.140398133253095,-0.8692607879638672,-1.1526023149490356
372,-1.3603096190043804,-1.0412284135818481,-1.3727673292160034
373,-1.5299556222982291,-1.1397416591644287,-1.5441508293151855
374,-1.6367697725202823,-1.1594727039337158,-1.6545971632003784
375,-1.6776104770169495,-1.1001231670379639,-1.6989798545837402
376,-1.6461945504810518,-0.964982271194458,-1.668687105178833
377,-1.5362388076054088,-0.7608445882797241,-1.5563514232635498
378,-1.3320352851220723,-0.49765583872795105,-1.3571449518203735
379,-1.0430087609918115,-0.18964050710201263,-1.0707056522369385
380,-0.6660176425610361,0.14214888215065002,-0.7029626369476318
381,-0.2324778563656447,0.4691886007785797,-0.2688418924808502
382,0.2324778563656447,0.7598129510879517,0.20080392062664032
383,0.7005751617505239,0.9875484704971313,0.661497950553894
384,1.1152653920243765,1.1374436616897583,1.0865601301193237
385,1.4702653618800232,1.2058039903640747,1.4464606046676636
386,1.746725515395925,1.1957663297653198,1.7261693477630615
387,1.9572122231864413,1.1143029928207397,1.933333396911621
388,2.092300707290802,0.9719510078430176,2.0640079975128174
389,2.1645573383233674,0.7823656797409058,2.120619773864746
390,2.1802653015913167,0.5610495805740356,2.114943027496338
391,2.1362830044410592,0.32477110624313354,2.0559332370758057
392,2.035752039526186,0.09116460382938385,1.946182131767273
393,1.8661060362323372,-0.12282979488372803,1.7817034721374512
394,1.6273449945595129,-0.30313345789909363,1.5539650917053223
395,1.3226105071613028,-0.43968436121940613,1.255802869796753
396,0.9581857593448869,-0.5263612270355225,0.8917337656021118
397,0.5403539364174444,-0.5605630874633789,0.4817900061607361
398,0.10053096491487339,-0.5428551435470581,0.05300229415297508
399,-0.3141592653589793,-0.4765046536922455,-0.36001715064048767
400,-0.6785840131753953,-0.36691054701805115,-0.7154374122619629
401,-0.9613273519984767,-0.22133073210716248,-0.9879199266433716
402,-1.152964503867454,-0.04910840839147568,-1.166229248046875
403,-1.2409290981679684,0.13800911605358124,-1.2471821308135986
404,-1.228362727553609,0.326081782579422,-1.2294929027557373
405,-1.121548577331556,0.4998685121536255,-1.1161179542541504
406,-0.9361946107697584,0.6441949605941772,-0.916797399520874
407,-0.6817256058289851,0.7455593347549438,-0.6484379768371582
408,-0.3738495257771854,0.7934515476226807,-0.3350656032562256
409,-0.05654866776461628,0.7807842493057251,-0.008402187377214432
410,0.24190263432641407,0.7036104202270508,0.2929193079471588
411,0.48694686130641796,0.5611298084259033,0.5363249778747559
412,0.6534512719466771,0.3568166196346283,0.6963218450546265
413,0.7257079029792423,0.10066144913434982,0.7576507329940796
414,0.7037167544041136,-0.1884722262620926,0.7215985059738159
415,0.5874778262212914,-0.4825538098812103,0.5959608554840088
416,0.39584067435231396,-0.7486832141876221,0.39476075768470764
417,0.15393804002589986,-0.957584023475647,0.1404189169406891
418,-0.11938052083641214,-1.0907984972000122,-0.13812905550003052
419,-0.38641589639154456,-1.1411716938018799,-0.4093039929866791
420,-0.6157521601035995,-1.1084424257278442,-0.6425302028656006
421,-0.7853981633974483,-0.9960651397705078,-0.8164567947387695
422,-0.8859291283123216,-0.8112125396728516,-0.9147034883499146
423,-0.9016370915802706,-0.5656238794326782,-0.9351967573165894
424,-0.8450884238156543,-0.2766118049621582,-0.87721848487854
425,-0.7162831250184728,0.03186604753136635,-0.7470235824584961
426,-0.5309291584566751,0.3304023742675781,-0.5575929880142212
427,-0.3078760800517997,0.5893410444259644,-0.3266265094280243
428,-0.06911503837897544,0.7857987880706787,-0.07609843462705612
429,0.16650441064025903,0.9074811935424805,0.16948096454143524
430,0.37699111843077515,0.9514403343200684,0.38751453161239624
431,0.5403539364174444,0.9208786487579346,0.5615246295928955
432,0.6503096792930871,0.8234884738922119,0.6809900999069214
433,0.7068583470577035,0.6716415882110596,0.7406458854675293
434,0.7099999397112933,0.48236989974975586,0.7448850870132446
435,0.6660176425610361,0.2758105397224426,0.7027279138565063
436,0.5906194188748811,0.07265268266201019,0.6238820552825928
437,0.4932300466135975,-0.10829348862171173,0.5197130441665649
438,0.3832743037379548,-0.25198256969451904,0.4026169180870056
439,0.273318560862312,-0.34840768575668335,0.2841859757900238
440,0.1759291886010284,-0.3929715156555176,0.17411358654499054
441,0.09110618695410401,-0.38600197434425354,0.08050011098384857
442,0.031415926535897934,-0.33199259638786316,0.00966017134487629
443,-0.00942477796076938,-0.23891031742095947,-0.035675808787345886
444,-0.025132741228718346,-0.11728411912918091,-0.05598549544811249
445,-0.02199114857512855,0.021091990172863007,-0.055669061839580536
446,-0.00942477796076938,0.16440625488758087,-0.03982524573802948
447,0.015707963267948967,0.3016357421875,-0.0121542289853096
448,0.0439822971502571,0.42312589287757874,0.024181615561246872
449,0.07853981633974483,0.5212335586547852,0.0660417228937149
450,0.11623892818282235,0.5907622575759888,0.11020165681838989
451,0.15079644737231007,0.6288130283355713,0.152548685669899
452,0.1790707812546182,0.6341522932052612,0.18792057037353516
453,0.19792033717615698,0.6064993143081665,0.21144641935825348
454,0.20420352248333654,0.5460319519042969,0.21944192051887512
455,0.1916371518689774,0.4532644748687744,0.20998229086399078
456,0.16336281798666927,0.32940196990966797,0.18150439858436584
457,0.11309733552923255,0.17712225019931793,0.13137950003147125
458,0.0439822971502571,0.0014980360865592957,0.05785956233739853
459,-0.047123889803846894,-0.18928362429141998,-0.03761278837919235
460,-0.15707963267948966,-0.3836870789527893,-0.14983494579792023
461,-0.2701769682087222,-0.5674878358840942,-0.27037113904953003
462,-0.3832743037379548,-0.7256714105606079,-0.38881510496139526
463,-0.48694686130641796,-0.8451080322265625,-0.4949159324169159
464,-0.5654866776461628,-0.9166302680969238,-0.5794153213500977
465,-0.6157521601035995,-0.9355103969573975,-0.6314669847488403
466,-0.6283185307179586,-0.900776743888855,-0.6450260877609253
467,-0.6031857894892403,-0.8145122528076172,-0.6203333139419556
468,-0.5434955290710342,-0.6816470623016357,-0.5574455261230469
469,-0.44610615680975063,-0.5099887847900391,-0.45905566215515137
470,-0.32358404331974866,-0.31020066142082214,-0.3313586413860321
471,-0.18221237390820802,-0.09558600187301636,-0.1834857016801834
472,-0.02827433388230814,0.11864180862903595,-0.026847079396247864
473,0.11623892818282235,0.31695112586021423,0.12612073123455048
474,0.25132741228718347,0.4856815040111542,0.2637670636177063
475,0.3612831551628262,0.6149418354034424,0.3767267167568207
476,0.4429645641561608,0.6994802951812744,0.45819756388664246
477,0.48694686130641796,0.7385022640228271,0.5048279762268066
478,0.4995132319207771,0.734912633895874,0.519180953502655
479,0.48694686130641796,0.6944074630737305,0.5078176856040955
480,0.45553093477052,0.6245118379592896,0.47712230682373047
481,0.4146902302738527,0.5335167646408081,0.43260517716407776
482,0.36442474781641604,0.42942193150520325,0.37926235795021057
483,0.3078760800517997,0.31916090846061707,0.3210446536540985
484,0.25446900494077324,0.20826932787895203,0.260440468788147
485,0.20106192982974677,0.1009121835231781,0.19904299080371857
486,0.1445132620651305,0.00010230764746665955,0.1379667967557907
487,0.0879645943005142,-0.09193937480449677,0.07758712768554688
488,0.031415926535897934,-0.17327553033828735,0.018587669357657433
489,-0.02199114857512855,-0.24169346690177917,-0.03715769201517105
490,-0.06911503837897544,-0.2942635416984558,-0.08636540919542313
491,-0.10681415022205297,-0.32716622948646545,-0.12427832186222076
492,-0.1288052987971815,-0.3358936309814453,-0.14543823897838593
493,-0.13194689145077132,-0.31584107875823975,-0.14637911319732666
494,-0.11309733552923255,-0.2631596326828003,-0.12551990151405334
495,-0.06911503837897544,-0.17567060887813568,-0.07931387424468994
496,0.0031415926535897933,-0.05378614366054535,-0.004714038223028183
497,0.10053096491487339,0.09848625957965851,0.09687040001153946
498,0.21676989309769573,0.2725628614425659,0.21927689015865326
499,0.34871678454846705,0.45489048957824707,0.3520548343658447
500,0.47438049069205873,0.6279726028442383,0.48170024156570435
501,0.5811946409141117,0.7731528282165527,0.5944769382476807
502,0.6628760499074464,0.8741750717163086,0.6762868165969849
503,0.7005751617505239,0.9195988178253174,0.7116514444351196
504,0.6848671984825748,0.9030371904373169,0.6950358152389526
505,0.6157521601035995,0.8221487998962402,0.6247545480728149
506,0.4932300466135975,0.6780335903167725,0.5000432729721069
507,0.32358404331974866,0.47578519582748413,0.32567524909973145
508,0.11309733552923255,0.22600354254245758,0.11328790336847305
509,-0.11309733552923255,-0.05352015048265457,-0.11995396018028259
510,-0.3455751918948773,-0.3377378582954407,-0.35339245200157166
511,-0.5529203070318035,-0.5979838371276855,-0.5651537179946899
512,-0.7225663103256524,-0.8088409900665283,-0.7392749786376953
513,-0.8513716091228339,-0.9540086984634399,-0.8656052350997925
514,-0.9173450548482196,-1.0272667407989502,-0.9335731267929077
515,-0.9267698328089891,-1.0295158624649048,-0.9438509941101074
516,-0.8827875356587318,-0.9659467935562134,-0.8986430168151855
517,-0.7885397560510381,-0.8453578948974609,-0.8030695915222168
518,-0.6565928646002668,-0.6802763938903809,-0.6656419038772583
519,-0.48694686130641796,-0.4861433207988739,-0.4974060356616974
520,-0.31101767270538955,-0.27957451343536377,-0.31154340505599976
521,-0.12566370614359174,-0.0764610692858696,-0.12251484394073486
522,0.047123889803846894,0.10962492972612381,0.05563736706972122
523,0.19792033717615698,0.26850080490112305,0.21141815185546875
524,0.3204424506661589,0.39381539821624756,0.336969792842865
525,0.40840704496667307,0.48292455077171326,0.42732706665992737
526,0.4618141200776996,0.5364001989364624,0.48101726174354553
527,0.48380526865282814,0.5573235750198364,0.5016475319862366
528,0.47752208334564855,0.5503150224685669,0.4955623745918274
529,0.44924774946334045,0.5203030109405518,0.46811506152153015
530,0.4052654523130833,0.47140732407569885,0.42319273948669434
531,0.34871678454846705,0.4064667224884033,0.3637811839580536
532,0.27646015351590175,0.32731449604034424,0.29191091656684875
533,0.20106192982974677,0.23537282645702362,0.2089339643716812
534,0.10995574287564276,0.13217149674892426,0.11698462069034576
535,0.01884955592153876,0.01985464245080948,0.019544215872883797
536,-0.07853981633974483,-0.09819541871547699,-0.07920334488153458
537,-0.16650441064025903,-0.2168107032775879,-0.17389950156211853
538,-0.24504422698000386,-0.3289078176021576,-0.2581709325313568
539,-0.3078760800517997,-0.4259806275367737,-0.3248113691806793
540,-0.3455751918948773,-0.4991867244243622,-0.3656386435031891
541,-0.3581415625092364,-0.5407133102416992,-0.37607353925704956
542,-0.3361504139341079,-0.5449210405349731,-0.35653918981552124
543,-0.29216811678385074,-0.5089403390884399,-0.30681416392326355
544,-0.21676989309769573,-0.43284550309181213,-0.2277953326702118
545,-0.11623892818282235,-0.3197822868824005,-0.12402041256427765
546,0.0,-0.1762225180864334,-0.0035474374890327454
547,0.11938052083641214,-0.012144260108470917,0.12262364476919174
548,0.2324778563656447,0.1593322604894638,0.24195970594882965
549,0.32672563597333854,0.323288232088089,0.34244194626808167
550,0.39584067435231396,0.46527785062789917,0.41328880190849304
551,0.4272566008882119,0.5737444162368774,0.44703397154808044
552,0.42411500823462206,0.6415513753890991,0.44403401017189026
553,0.3895574890451343,0.6662657260894775,0.4090120792388916
554,0.33300882128051806,0.6496881246566772,0.34796586632728577
555,0.257610597594363,0.5972721576690674,0.2695298194885254
556,0.17278759594743864,0.5175735950469971,0.18502409756183624
557,0.10053096491487339,0.42142096161842346,0.10658334195613861
558,0.0439822971502571,0.3205806612968445,0.045836690813302994
559,0.015707963267948967,0.22611244022846222,0.012692125514149666
560,0.01884955592153876,0.14690694212913513,0.010107522830367088
561,0.047123889803846894,0.08877438306808472,0.03450806066393852
562,0.09424777960769379,0.05412376672029495,0.0815720409154892
563,0.15393804002589986,0.04207225143909454,0.14497077465057373
564,0.22305307840487532,0.04887435585260391,0.2151261419057846
565,0.28588493147667116,0.06867265701293945,0.28103119134902954
566,0.33300882128051806,0.0945395976305008,0.33175593614578247
567,0.35499996985564664,0.11964117735624313,0.3583587110042572
568,0.3518583772020568,0.13826346397399902,0.35765838623046875
569,0.32358404331974866,0.1464971899986267,0.33093100786209106
570,0.2701769682087222,0.14252328872680664,0.2804476320743561
571,0.20106192982974677,0.12656961381435394,0.21006329357624054
572,0.11623892818282235,0.1006118655204773,0.12612155079841614
573,0.02827433388230814,0.06783483922481537,0.03688662871718407
574,-0.05654866776461628,0.03188895806670189,-0.04890080541372299
575,-0.1288052987971815,-0.003913357853889465,-0.12337595224380493
576,-0.18535396656179778,-0.03724554181098938,-0.1803077757358551
577,-0.21676989309769573,-0.06711092591285706,-0.21622726321220398
578,-0.2324778563656447,-0.09385941922664642,-0.2321414053440094
579,-0.2293362637120549,-0.11894457042217255,-0.23301962018013
580,-0.22305307840487532,-0.1445016860961914,-0.22507917881011963
581,-0.21362830044410594,-0.17280267179012299,-0.2139430046081543
582,-0.20734511513692636,-0.2056434154510498,-0.20401306450366974
583,-0.20734511513692636,-0.24376270174980164,-0.19804491102695465
584,-0.20734511513692636,-0.28642651438713074,-0.1969853639602661
585,-0.20734511513692636,-0.3312909007072449,-0.2003815621137619
586,-0.20734511513692636,-0.37459737062454224,-0.20679329335689545
587,-0.20734511513692636,-0.4116775095462799,-0.21394124627113342
588,-0.20734511513692636,-0.4376501441001892,-0.21917158365249634
589,-0.20734511513692636,-0.4481417238712311,-0.22018691897392273
590,-0.20734511513692636,-0.43986842036247253,-0.21550484001636505
591,-0.20106192982974677,-0.4110090434551239,-0.2043900340795517
592,-0.18849555921538758,-0.3613791763782501,-0.18637466430664062
593,-0.16964600329384882,-0.29245275259017944,-0.1609552949666977
594,-0.13823007675795088,-0.2072603851556778,-0.12797492742538452
595,-0.10053096491487339,-0.1101592481136322,-0.08825951814651489
596,-0.053407075111026485,-0.006468676030635834,-0.043610312044620514
597,-0.00942477796076938,0.0980084016919136,0.0036677196621894836
598,0.04084070449666732,0.19751441478729248,0.051081400364637375
599,0.08482300164692441,0.28682902455329895,0.09614023566246033
600,0.12566370614359174,0.3616546392440796,0.1365767866373062
601,0.16336281798666927,0.41885906457901,0.17055606842041016
602,0.18849555921538758,0.4565679430961609,0.1968260258436203
603,0.20734511513692636,0.4741204082965851,0.21481630206108093
604,0.21676989309769573,0.4719228446483612,0.22467830777168274
605,0.21676989309769573,0.4512573480606079,0.22721272706985474
606,0.21362830044410594,0.41411063075065613,0.22364583611488342
607,0.21048670779051615,0.36306771636009216,0.21532662212848663
608,0.20420352248333654,0.30127671360969543,0.20351339876651764
609,0.19477874452256716,0.23245254158973694,0.18937340378761292
610,0.18221237390820802,0.1608636975288391,0.17416641116142273
611,0.17278759594743864,0.09124460816383362,0.15943995118141174
612,0.16022122533307945,0.028587084263563156,0.1470358669757843
613,0.15079644737231007,-0.02220902219414711,0.13881823420524597
614,0.15079644737231007,-0.056805290281772614,0.13618604838848114
615,0.15079644737231007,-0.07195234298706055,0.13961255550384521
616,0.15393804002589986,-0.06598956882953644,0.14853200316429138
617,0.16022122533307945,-0.03924199193716049,0.1615736335515976
618,0.16650441064025903,0.005745742470026016,0.17673395574092865
619,0.17278759594743864,0.06419218331575394,0.19131647050380707
620,0.1759291886010284,0.12934598326683044,0.20203165709972382
621,0.17278759594743864,0.19308394193649292,0.2055744230747223
622,0.16650441064025903,0.2468174546957016,0.19914695620536804
623,0.14765485471872028,0.2825743556022644,0.1801094114780426
624,0.11623892818282235,0.29405444860458374,0.1456999033689499
625,0.06597344572538566,0.2774846851825714,0.09429039061069489
626,0.006283185307179587,0.23220926523208618,0.02715214714407921
627,-0.06597344572538566,0.16102808713912964,-0.0508066788315773
628,-0.13823007675795088,0.07025270164012909,-0.1315578818321228
629,-0.20420352248333654,-0.03067438304424286,-0.20526906847953796
630,-0.25132741228718347,-0.13017567992210388,-0.2608751356601715
631,-0.2701769682087222,-0.21612566709518433,-0.28742900490760803
632,-0.2607521902479529,-0.27766478061676025,-0.2809458076953888
633,-0.21991148575128552,-0.3067103922367096,-0.24147725105285645
634,-0.14765485471872028,-0.29885298013687134,-0.1688164323568344
635,-0.047123889803846894,-0.2537424564361572,-0.06670263409614563
636,0.06911503837897544,-0.1752597689628601,0.05588529258966446
637,0.19477874452256716,-0.0715397372841835,0.18577733635902405
638,0.3078760800517997,0.04546665772795677,0.3075824975967407
639,0.3989822670059037,0.16128650307655334,0.4058693051338196
640,0.4523893421169302,0.26104119420051575,0.46467098593711853
641,0.45553093477052,0.3317396342754364,0.4739465117454529
642,0.4146902302738527,0.36394497752189636,0.43259409070014954
643,0.32358404331974866,0.35252052545547485,0.3420392572879791
644,0.1916371518689774,0.2968157231807709,0.20783911645412445
645,0.031415926535897934,0.20080327987670898,0.04127112403512001
646,-0.14765485471872028,0.0732024535536766,-0.1415143609046936
647,-0.32358404331974866,-0.07296524196863174,-0.32133278250694275
648,-0.47752208334564855,-0.22195479273796082,-0.4796309173107147
649,-0.5937610115284709,-0.35783931612968445,-0.602497935295105
650,-0.6660176425610361,-0.4670620262622833,-0.6756787300109863
651,-0.6785840131753953,-0.5400562286376953,-0.6942933797836304
652,-0.6408849013323178,-0.5717086791992188,-0.6598349809646606
653,-0.5560618996853934,-0.5611103773117065,-0.5748859643936157
654,-0.4272566008882119,-0.5111206769943237,-0.44722801446914673
655,-0.2701769682087222,-0.42790061235427856,-0.2887556850910187
656,-0.09424777960769379,-0.32022565603256226,-0.11442609131336212
657,0.06911503837897544,-0.19836671650409698,0.05912715941667557
658,0.22305307840487532,-0.07265710830688477,0.21603555977344513
659,0.3424335992412874,0.047805964946746826,0.34338122606277466
660,0.4209734155810323,0.1559426188468933,0.43158042430877686
661,0.4586725274241098,0.24696849286556244,0.4760933220386505
662,0.4586725274241098,0.31843119859695435,0.4804677963256836
663,0.4272566008882119,0.3701096475124359,0.4522358179092407
664,0.3738495257771854,0.40365493297576904,0.3993453085422516
665,0.3078760800517997,0.42191722989082336,0.3308010399341583
666,0.23876104167282428,0.42811912298202515,0.2564341425895691
667,0.1759291886010284,0.42511695623397827,0.185271218419075
668,0.12252211349000193,0.4149335026741028,0.12456797063350677
669,0.08482300164692441,0.39863821864128113,0.07996869832277298
670,0.06597344572538566,0.37652990221977234,0.05437193065881729
671,0.06283185307179587,0.3484898507595062,0.04598782956600189
672,0.06911503837897544,0.3143755793571472,0.05044087767601013
673,0.08168140899333463,0.27439215779304504,0.06306537240743637
674,0.09738937226128358,0.22940504550933838,0.08005447685718536
675,0.10995574287564276,0.18112656474113464,0.09857604652643204
676,0.12566370614359174,0.13209348917007446,0.11662989109754562
677,0.1350884841043611,0.0853949636220932,0.13296771049499512
678,0.1445132620651305,0.04419352486729622,0.1467452347278595
679,0.15079644737231007,0.011150689795613289,0.1572265326976776
680,0.15079644737231007,-0.012106720358133316,0.16376467049121857
681,0.15079644737231007,-0.025360435247421265,0.16569320857524872
682,0.15079644737231007,-0.029936358332633972,0.1622263789176941
683,0.1445132620651305,-0.028576456010341644,0.1524294912815094
684,0.1350884841043611,-0.025062061846256256,0.13495686650276184
685,0.10995574287564276,-0.023627065122127533,0.10783809423446655
686,0.07225663103256524,-0.0282222218811512,0.06906381249427795
687,0.025132741228718346,-0.041729576885700226,0.01794678345322609
688,-0.03769911184307752,-0.06526769697666168,-0.04371282458305359
689,-0.10367255756846318,-0.09773366153240204,-0.11132422089576721
690,-0.17278759594743864,-0.13569658994674683,-0.17801900207996368
691,-0.2324778563656447,-0.1737004965543747,-0.23541292548179626
692,-0.273318560862312,-0.20495910942554474,-0.2739879786968231
693,-0.289026524130261,-0.2223319411277771,-0.2862900495529175
694,-0.273318560862312,-0.21939247846603394,-0.27051985263824463
695,-0.2293362637120549,-0.19139528274536133,-0.22542697191238403
696,-0.15393804002589986,-0.13604412972927094,-0.14993682503700256
697,-0.05026548245743669,-0.05407808721065521,-0.046974800527095795
698,0.06911503837897544,0.05030841752886772,0.07609371095895767
699,0.20106192982974677,0.16934601962566376,0.20826224982738495
700,0.32672563597333854,0.29217278957366943,0.3362067937850952
701,0.4366813788489812,0.40614503622055054,0.44654741883277893
702,0.515221195188726,0.4987725019454956,0.526433527469635
703,0.5529203070318035,0.559600830078125,0.564079761505127
704,0.546637121724624,0.5813733339309692,0.5560888051986694
705,0.49637163926718736,0.5603489875793457,0.5036883354187012
706,0.40212385965949354,0.49619266390800476,0.40910768508911133
707,0.273318560862312,0.39189785718917847,0.27831265330314636
708,0.11938052083641214,0.2538514733314514,0.12176766991615295
709,-0.0439822971502571,0.09176532924175262,-0.046758539974689484
710,-0.20734511513692636,-0.08192870020866394,-0.2118893712759018
711,-0.3518583772020568,-0.25340375304222107,-0.3591281771659851
712,-0.4680973053848792,-0.4092482030391693,-0.4781024158000946
713,-0.5497787143782138,-0.5382391214370728,-0.560829758644104
714,-0.5906194188748811,-0.6325836181640625,-0.6018118858337402
715,-0.5937610115284709,-0.6883871555328369,-0.6039615869522095
716,-0.5434955290710342,-0.7054264545440674,-0.5722948312759399
717,-0.47752208334564855,-0.6865146160125732,-0.5125950574874878
718,-0.39584067435231396,-0.6367199420928955,-0.4322446882724762
719,-0.3047344873982099,-0.5625226497650146,-0.33936741948127747
720,-0.21048670779051615,-0.4709271490573883,-0.24208444356918335
721,-0.12566370614359174,-0.3686590790748596,-0.1480131447315216
722,-0.05026548245743669,-0.26163172721862793,-0.06380628049373627
723,0.00942477796076938,-0.1547243744134903,0.00578945130109787
724,0.053407075111026485,-0.05175559222698212,0.05858783423900604
725,0.08168140899333463,0.044456787407398224,0.09474290162324905
726,0.09424777960769379,0.13194990158081055,0.11651391535997391
727,0.09738937226128358,0.20938579738140106,0.12753057479858398
728,0.09738937226128358,0.27582046389579773,0.13174615800380707
729,0.09738937226128358,0.33055832982063293,0.13271233439445496
730,0.09738937226128358,0.37312620878219604,0.13322368264198303
731,0.09738937226128358,0.4033536911010742,0.1351768672466278
732,0.10053096491487339,0.4215245246887207,0.1396530270576477
733,0.10681415022205297,0.42854243516921997,0.14721760153770447
734,0.11938052083641214,0.4260408580303192,0.15827973186969757
735,0.13823007675795088,0.416386216878891,0.17342734336853027
736,0.16650441064025903,0.4025557339191437,0.1936803162097931
737,0.20420352248333654,0.38787633180618286,0.2204417884349823
738,0.24818581963359368,0.37560784816741943,0.25493186712265015
739,0.30159289474462014,0.36838725209236145,0.297228068113327
740,0.35499996985564664,0.36762529611587524,0.34547656774520874
741,0.41154863762026295,0.37300604581832886,0.3957189619541168
742,0.4618141200776996,0.38223031163215637,0.4421718716621399
743,0.49637163926718736,0.3910842537879944,0.47756028175354004
744,0.5120796025351363,0.39383941888809204,0.49420326948165894
745,0.5026548245743669,0.3839206397533417,0.4867495894432068
746,0.4649557127312894,0.3547346293926239,0.4510287642478943
747,0.39269908169872414,0.3005550801753998,0.3818829357624054
748,0.2827433388230814,0.21743105351924896,0.27596190571784973
749,0.13823007675795088,0.1041664183139801,0.1343400925397873
750,-0.04084070449666732,-0.036584772169589996,-0.036655716598033905
751,-0.2324778563656447,-0.19729912281036377,-0.22556635737419128
752,-0.4272566008882119,-0.3652745485305786,-0.4164617955684662
753,-0.6126105674500096,-0.5238584280014038,-0.591483473777771
754,-0.7571238295151402,-0.6553603410720825,-0.7364941835403442
755,-0.8607963870836034,-0.7444360256195068,-0.8358007669448853
756,-0.9016370915802706,-0.7801718711853027,-0.8744586706161499
757,-0.8765043503515523,-0.7562707662582397,-0.8487558364868164
758,-0.7822565707438585,-0.6703566312789917,-0.7531813383102417
759,-0.6157521601035995,-0.5237387418746948,-0.5878006219863892
760,-0.3832743037379548,-0.32220855355262756,-0.3599020540714264
761,-0.10681415022205297,-0.07771315425634384,-0.08470921218395233
762,0.20106192982974677,0.1900683343410492,0.21465185284614563
763,0.49637163926718736,0.4543694853782654,0.5104677081108093
764,0.7634070148223198,0.685999870300293,0.7729936838150024
765,0.9707521299592461,0.8604621887207031,0.9777320623397827
766,1.108982206717197,0.9626833200454712,1.1074938774108887
767,1.1592476891746337,0.9865100383758545,1.152139663696289
768,1.121548577331556,0.9314591884613037,1.108641266822815
769,0.9958848711879644,0.8008519411087036,0.9770931005477905
770,0.7916813487046279,0.6025358438491821,0.7637383937835693
771,0.5120796025351363,0.35071536898612976,0.48290231823921204
772,0.1916371518689774,0.06707721948623657,0.1591421365737915
773,-0.1445132620651305,-0.2203691601753235,-0.17624612152576447
774,-0.4649557127312894,-0.48152294754981995,-0.4907805025577545
775,-0.7319910882864218,-0.6903079748153687,-0.754196286201477
776,-0.9330530181161686,-0.829524040222168,-0.9468593597412109
777,-1.049291946298991,-0.8916091918945312,-1.0549780130386353
778,-1.0744246875277093,-0.8759943246841431,-1.0759457349777222
779,-1.0084512418023235,-0.7865300178527832,-1.0085506439208984
780,-0.8607963870836034,-0.6311711072921753,-0.8580517768859863
781,-0.6440264939859076,-0.4230171740055084,-0.6361019611358643
782,-0.37699111843077515,-0.1806246042251587,-0.36057987809181213
783,-0.07225663103256524,0.07335270941257477,-0.05584125965833664
784,0.22305307840487532,0.31476864218711853,0.24778708815574646
785,0.49637163926718736,0.5212128758430481,0.5195397138595581
786,0.713141532364883,0.6752499341964722,0.7354021072387695
787,0.8607963870836034,0.7663767337799072,0.8781689405441284
788,0.9267698328089891,0.7907696962356567,0.9380666017532349
789,0.91106186954104,0.749746561050415,0.9163974523544312
790,0.819955682586936,0.6486766338348389,0.817814826965332
791,0.6597344572538566,0.49682506918907166,0.6508455276489258
792,0.4429645641561608,0.3072341978549957,0.42966383695602417
793,0.1916371518689774,0.09590989351272583,0.17458577454090118
794,-0.06911503837897544,-0.11949385702610016,-0.09040133655071259
795,-0.32358404331974866,-0.32119297981262207,-0.34088370203971863
796,-0.5403539364174444,-0.4931679666042328,-0.5548257827758789
797,-0.7037167544041136,-0.6232199668884277,-0.7178394794464111
798,-0.8042477193189871,-0.7042020559310913,-0.8182361125946045
799,-0.8419468311620646,-0.7338358163833618,-0.8536796569824219
800,-0.8168140899333461,-0.7136750221252441,-0.826549768447876
801,-0.7351326809400116,-0.6481132507324219,-0.7409061193466187
802,-0.6000441968356505,-0.5437202453613281,-0.6043878793716431
803,-0.4303981935418017,-0.40869468450546265,-0.427462100982666
804,-0.2324778563656447,-0.25234106183052063,-0.22348946332931519
805,-0.025132741228718346,-0.08466773480176926,-0.008595839142799377
806,0.1759291886010284,0.08396882563829422,0.19951081275939941
807,0.3612831551628262,0.24341769516468048,0.38429975509643555
808,0.5089380098815465,0.3845152258872986,0.533751904964447
809,0.6126105674500096,0.4998396635055542,0.6390380859375
810,0.6723008278682158,0.584210991859436,0.6935756206512451
811,0.6817256058289851,0.6348850727081299,0.6991021633148193
812,0.6503096792930871,0.6514567136764526,0.6611932516098022
813,0.5811946409141117,0.6355302333831787,0.5850939750671387
814,0.48066367599923837,0.5903003215789795,0.4781571626663208
815,0.3581415625092364,0.5202028751373291,0.35031089186668396
816,0.2261946710584651,0.43067458271980286,0.21282966434955597
817,0.09424777960769379,0.32794907689094543,0.07744771987199783
818,-0.02827433388230814,0.2188117504119873,-0.04420004040002823
819,-0.12252211349000193,0.11028946936130524,-0.14217139780521393
820,-0.18849555921538758,0.009273124858736992,-0.20839275419712067
821,-0.21991148575128552,-0.07794081419706345,-0.23777490854263306
822,-0.21676989309769573,-0.14615969359874725,-0.23276203870773315
823,-0.18849555921538758,-0.19176022708415985,-0.19767817854881287
824,-0.13194689145077132,-0.213010773062706,-0.13688935339450836
825,-0.05969026041820607,-0.21021509170532227,-0.057064831256866455
826,0.025132741228718346,-0.18570081889629364,0.03306688368320465
827,0.10995574287564276,-0.1436656415462494,0.1235089972615242
828,0.18221237390820802,-0.0898725837469101,0.2034352868795395
829,0.23876104167282428,-0.03118080645799637,0.2619887888431549
830,0.2701769682087222,0.025077659636735916,0.2909780740737915
831,0.2701769682087222,0.0718260109424591,0.2879367768764496
832,0.23876104167282428,0.10300031304359436,0.2534443736076355
833,0.18221237390820802,0.11424361914396286,0.1886739879846573
834,0.09738937226128358,0.10345486551523209,0.09727063030004501
835,-0.006283185307179587,0.07113640010356903,-0.01338111236691475
836,-0.11938052083641214,0.02049725130200386,-0.13275083899497986
837,-0.2324778563656447,-0.04273126274347305,-0.2486647069454193
838,-0.3298672286269283,-0.11081172525882721,-0.3491933345794678
839,-0.3989822670059037,-0.17483951151371002,-0.4222255051136017
840,-0.4366813788489812,-0.22579461336135864,-0.45577889680862427
841,-0.4303981935418017,-0.2556067705154419,-0.44715356826782227
842,-0.38013271108436497,-0.2580375075340271,-0.39618828892707825
843,-0.29216811678385074,-0.22929930686950684,-0.30273064970970154
844,-0.16650441064025903,-0.16847780346870422,-0.1708417385816574
845,-0.012566370614359173,-0.0778602734208107,-0.009100593626499176
846,0.15393804002589986,0.0368465818464756,0.16973504424095154
847,0.3298672286269283,0.1666203737258911,0.34951311349868774
848,0.4900884539600077,0.29983067512512207,0.5130122900009155
849,0.6157521601035995,0.42364394664764404,0.6459896564483643
850,0.7037167544041136,0.5258430242538452,0.7357727289199829
851,0.7414158662471911,0.5964901447296143,0.7715358734130859
852,0.7225663103256524,0.6289279460906982,0.7529706954956055
853,0.6565928646002668,0.6200383901596069,0.6820372343063354
854,0.5434955290710342,0.5700849294662476,0.5621685981750488
855,0.39269908169872414,0.48250675201416016,0.4015430212020874
856,0.21362830044410594,0.363771915435791,0.21337376534938812
857,0.025132741228718346,0.22309578955173492,0.014520324766635895
858,-0.15393804002589986,0.0717749372124672,-0.17639872431755066
859,-0.3141592653589793,-0.07794775813817978,-0.3419169485569
860,-0.4366813788489812,-0.21431034803390503,-0.46919766068458557
861,-0.5120796025351363,-0.32741737365722656,-0.5464591979980469
862,-0.5372123437638546,-0.41027411818504333,-0.570630669593811
863,-0.5120796025351363,-0.4593048691749573,-0.5459444522857666
864,-0.44924774946334045,-0.47438517212867737,-0.4776311218738556
865,-0.3518583772020568,-0.45853370428085327,-0.3748311996459961
866,-0.23876104167282428,-0.4173887073993683,-0.24995359778404236
867,-0.11309733552923255,-0.3584945797920227,-0.11751601099967957
868,0.0031415926535897933,-0.2903955578804016,0.007364535704255104
869,0.09738937226128358,-0.22161301970481873,0.11032663285732269
870,0.15707963267948966,-0.15966275334358215,0.1787262111902237
871,0.1759291886010284,-0.11026209592819214,0.20630285143852234
872,0.16022122533307945,-0.07679704576730728,0.19461993873119354
873,0.11309733552923255,-0.060072124004364014,0.14824911952018738
874,0.04084070449666732,-0.05836029350757599,0.07412267476320267
875,-0.0439822971502571,-0.06775806099176407,-0.017455026507377625
876,-0.1350884841043611,-0.08280258625745773,-0.11367323994636536
877,-0.21048670779051615,-0.09724952280521393,-0.20149244368076324
878,-0.2670353755551324,-0.10488519072532654,-0.2682250738143921
879,-0.29216811678385074,-0.10026215016841888,-0.30178502202033997
880,-0.2827433388230814,-0.07929333299398422,-0.2983471155166626
881,-0.24190263432641407,-0.03968951106071472,-0.2592882513999939
882,-0.16964600329384882,0.01874082162976265,-0.18523097038269043
883,-0.06597344572538566,0.09392768144607544,-0.08013893663883209
884,0.05969026041820607,0.1815679371356964,0.04809776693582535
885,0.19477874452256716,0.27543652057647705,0.18875379860401154
886,0.3298672286269283,0.3680226504802704,0.3292351961135864
887,0.4523893421169302,0.45141226053237915,0.45680558681488037
888,0.5497787143782138,0.5182282328605652,0.5605760812759399
889,0.6157521601035995,0.562420129776001,0.6307228803634644
890,0.6408849013323178,0.5797654390335083,0.6598992347717285
891,0.6283185307179586,0.5680642127990723,0.648323655128479
892,0.578053048260522,0.5271074175834656,0.5982687473297119
893,0.4932300466135975,0.4585355520248413,0.5119313597679138
894,0.3832743037379548,0.365667462348938,0.394043505191803
895,0.24504422698000386,0.2533262073993683,0.25253185629844666
896,0.09110618695410401,0.12764281034469604,0.097734734416008
897,-0.05654866776461628,-0.0042036958038806915,-0.05845467746257782
898,-0.19477874452256716,-0.13436435163021088,-0.20372937619686127
899,-0.31730085801256913,-0.254851371049881,-0.3278856873512268
900,-0.4052654523130833,-0.358190655708313,-0.4235007166862488
901,-0.4618141200776996,-0.438071072101593,-0.48271289467811584
902,-0.48066367599923837,-0.48982420563697815,-0.5027531385421753
903,-0.4618141200776996,-0.5106287002563477,-0.48686686158180237
904,-0.41154863762026295,-0.4994693696498871,-0.437566339969635
905,-0.3361504139341079,-0.456977516412735,-0.3581864833831787
906,-0.23561944901923448,-0.3852858543395996,-0.25392988324165344
907,-0.11938052083641214,-0.28796201944351196,-0.13156725466251373
908,0.0031415926535897933,-0.1700182408094406,0.0005594156682491302
909,0.12566370614359174,-0.03793637454509735,0.1326705813407898
910,0.23561944901923448,0.10039569437503815,0.25473740696907043
911,0.33300882128051806,0.23595739901065826,0.35786905884742737
912,0.40212385965949354,0.35917040705680847,0.4338988661766052
913,0.4366813788489812,0.4607398211956024,0.47574132680892944
914,0.4429645641561608,0.5325672626495361,0.48138731718063354
915,0.41154863762026295,0.5684570074081421,0.4524252414703369
916,0.35499996985564664,0.5644645690917969,0.3897765576839447
917,0.2670353755551324,0.5189803242683411,0.29546546936035156
918,0.16022122533307945,0.43279677629470825,0.17447161674499512
919,0.02827433388230814,0.30933678150177,0.03450387716293335
920,-0.10681415022205297,0.155033141374588,-0.11445055902004242
921,-0.24190263432641407,-0.020354844629764557,-0.26052919030189514
922,-0.3675663404700058,-0.20384913682937622,-0.39199307560920715
923,-0.4649557127312894,-0.3801807463169098,-0.49971678853034973
924,-0.5340707511102648,-0.5336635112762451,-0.5736596584320068
925,-0.562345084992573,-0.6505177021026611,-0.6044443845748901
926,-0.546637121724624,-0.7206333875656128,-0.5915825366973877
927,-0.4932300466135975,-0.7380646467208862,-0.5348105430603027
928,-0.40212385965949354,-0.7005374431610107,-0.4347006380558014
929,-0.2670353755551324,-0.6088688373565674,-0.29519888758659363
930,-0.11309733552923255,-0.466926246881485,-0.1239483654499054
931,0.06597344572538566,-0.2821142375469208,0.06745979189872742
932,0.24818581963359368,-0.06598861515522003,0.26391029357910156
933,0.4178318229274425,0.16556140780448914,0.44843026995658875
934,0.562345084992573,0.3932395279407501,0.6057724952697754
935,0.6754424205218055,0.5968354940414429,0.724539041519165
936,0.7382742735936014,0.7587791681289673,0.7931053638458252
937,0.7508406442079605,0.8670648336410522,0.8067730665206909
938,0.713141532364883,0.9160194396972656,0.7682312726974487
939,0.6314601233715484,0.905197024345398,0.6801050901412964
940,0.5120796025351363,0.838026762008667,0.5480178594589233
941,0.3581415625092364,0.7212625741958618,0.3823707699775696
942,0.18849555921538758,0.5649504661560059,0.1976831555366516
943,0.01884955592153876,0.3821815550327301,0.01114920899271965
944,-0.1350884841043611,0.18832407891750336,-0.1593305468559265
945,-0.2607521902479529,-0.0002068057656288147,-0.29831603169441223
946,-0.3424335992412874,-0.1675570011138916,-0.3915632367134094
947,-0.3738495257771854,-0.30021440982818604,-0.429534375667572
948,-0.3581415625092364,-0.3884371519088745,-0.4141780138015747
949,-0.29216811678385074,-0.4268490672111511,-0.3476093113422394
950,-0.18849555921538758,-0.4143029451370239,-0.23518213629722595
951,-0.05026548245743669,-0.35352596640586853,-0.0868019163608551
952,0.10367255756846318,-0.2508697807788849,0.08404003828763962
953,0.2607521902479529,-0.1160675585269928,0.2610495686531067
954,0.41154863762026295,0.038248248398303986,0.42654794454574585
955,0.5309291584566751,0.19740134477615356,0.5647133588790894
956,0.6126105674500096,0.3459404408931732,0.6624521017074585
957,0.6503096792930871,0.46920502185821533,0.7072619199752808
958,0.6314601233715484,0.5547685623168945,0.6956970691680908
959,0.5592034923389833,0.5932499170303345,0.6278269290924072
960,0.43982297150257105,0.578399658203125,0.5036091804504395
961,0.2701769682087222,0.5069329738616943,0.32655856013298035
962,0.05654866776461628,0.37877804040908813,0.10552000999450684
963,-0.1759291886010284,0.19810977578163147,-0.14621403813362122
964,-0.42411500823462206,-0.025062356144189835,-0.4128016233444214
965,-0.669159235214626,-0.2736685276031494,-0.6757591962814331
966,-0.8890707209659116,-0.5241841077804565,-0.9160619974136353
967,-1.0901326507956584,-0.7503108978271484,-1.1224217414855957
968,-1.2440706908215582,-0.928881049156189,-1.2927916049957275
969,-1.354026433697201,-1.0443538427352905,-1.4154245853424072
970,-1.4105751014618173,-1.0890451669692993,-1.4823615550994873
971,-1.4011503235010478,-1.0605685710906982,-1.4869939088821411
972,-1.3226105071613028,-0.9598517417907715,-1.419290542602539
973,-1.1623892818282233,-0.7904711961746216,-1.2711862325668335
974,-0.9204866475018093,-0.5584484338760376,-1.0385318994522095
975,-0.6031857894892403,-0.2733539938926697,-0.7234197854995728
976,-0.21676989309769573,0.048844851553440094,-0.33644917607307434
977,0.21991148575128552,0.3832409977912903,0.09846622496843338
978,0.6440264939859076,0.6971521377563477,0.542831301689148
979,1.0367255756846316,0.9573251008987427,0.9682800769805908
980,1.3823007675795091,1.1397271156311035,1.3440297842025757
981,1.6524777357882312,1.233695149421692,1.6401035785675049
982,1.8441148876572087,1.2380131483078003,1.85596764087677
983,1.9603538158400309,1.1556909084320068,1.9847381114959717
984,1.9917697423759289,0.9928460121154785,2.021338939666748
985,1.9352210746113125,0.7594504356384277,1.972739815711975
986,1.7844246272390025,0.4697857201099396,1.8422704935073853
987,1.5456635855661782,0.1440916657447815,1.6263651847839355
988,1.2189379495928396,-0.18979467451572418,1.3204445838928223
989,0.8168140899333461,-0.4985986649990082,0.9307874441146851
990,0.34871678454846705,-0.7510833740234375,0.48117879033088684
991,-0.1288052987971815,-0.9262427091598511,0.001458875834941864
992,-0.5843362335677015,-1.0154317617416382,-0.4706226885318756
993,-0.9738937226128359,-1.0183947086334229,-0.8810392618179321
994,-1.2629202467430969,-0.9390475749969482,-1.1963752508163452
995,-1.4639821765728436,-0.7846993207931519,-1.4163613319396973
996,-1.5582299561805373,-0.5671350955963135,-1.5412532091140747
997,-1.5613715488341273,-0.30314281582832336,-1.5716828107833862
998,-1.4671237692264334,-0.014287333935499191,-1.50759756565094
999,-1.2880529879718152,0.2740978002548218,-1.3523764610290527
1000,-1.030442390377452,0.5356782674789429,-1.1140609979629517
1001,-0.7068583470577035,0.7478548288345337,-0.805935263633728
1002,-0.33929200658769765,0.895977258682251,-0.4448719918727875
1003,0.053407075111026485,0.9741106033325195,-0.05233681946992874
1004,0.4303981935418017,0.9827772378921509,0.33837705850601196
1005,0.7634070148223198,0.9265673160552979,0.6922614574432373
1006,1.0273007977238624,0.8132212162017822,0.9844814538955688
1007,1.2220795422464297,0.6532996892929077,1.1996335983276367
1008,1.3320352851220723,0.45933568477630615,1.3326236009597778
1009,1.3571680263507906,0.2448408305644989,1.3806312084197998
1010,1.2974777659325847,0.0238909013569355,1.3436076641082764
1011,1.1592476891746337,-0.18913927674293518,1.2240840196609497
1012,0.9456193887305278,-0.3805829882621765,1.0266555547714233
1013,0.6723008278682158,-0.5390114784240723,0.7599681615829468
1014,0.3455751918948773,-0.6563094854354858,0.43959659337997437
1015,0.006283185307179587,-0.7278637886047363,0.08905674517154694
1016,-0.33300882128051806,-0.7520942687988281,-0.26233401894569397
1017,-0.6440264939859076,-0.7296497821807861,-0.5832442045211792
1018,-0.8890707209659116,-0.6625815629959106,-0.8473418951034546
1019,-1.0587167242597602,-0.5538504123687744,-1.0407626628875732
1020,-1.1435397259066846,-0.40740877389907837,-1.1500941514968872
1021,-1.1435397259066846,-0.22874972224235535,-1.1723860502243042
1022,-1.0524335389525807,-0.02557409182190895,-1.1039811372756958
1023,-0.8796459430051421,0.19168344140052795,-0.9458916187286377
1024,-0.6220353454107791,0.40968286991119385,-0.7052509784698486
1025,-0.3078760800517997,0.612869381904602,-0.3958781361579895
1026,0.053407075111026485,0.7855058908462524,-0.039363592863082886
1027,0.41154863762026295,0.91447913646698,0.3334336578845978
1028,0.7539822368615503,0.9912279844284058,0.6904726028442383
1029,1.046150353645401,1.0117666721343994,1.0009360313415527
1030,1.2629202467430969,0.9755390882492065,1.2417001724243164
1031,1.4042919161546374,0.8844871520996094,1.4049726724624634
1032,1.4639821765728436,0.7428172826766968,1.4840962886810303
1033,1.4357078426905354,0.5571283102035522,1.4747991561889648
1034,1.3194689145077132,0.3366827070713043,1.376940131187439
1035,1.124690169985146,0.09383919835090637,1.1929914951324463
1036,0.8513716091228339,-0.15574075281620026,0.928444504737854
1037,0.5183627878423158,-0.39397475123405457,0.5959180593490601
1038,0.13823007675795088,-0.6028096675872803,0.216471865773201
1039,-0.25132741228718347,-0.7674710750579834,-0.18076641857624054
1040,-0.6157521601035995,-0.8787730932235718,-0.56378173828125
1041,-0.9361946107697584,-0.9333174228668213,-0.9002698659896851
1042,-1.1969468010177111,-0.932133674621582,-1.172499179840088
1043,-1.3854423602330987,-0.8792276382446289,-1.3792338371276855
1044,-1.501681288415921,-0.7807677984237671,-1.5146210193634033
1045,-1.5456635855661782,-0.6445962190628052,-1.5805675983428955
1046,-1.5236724369910497,-0.47972074151039124,-1.5750741958618164
1047,-1.429424657383356,-0.29591280221939087,-1.4961961507797241
1048,-1.2629202467430969,-0.1034836620092392,-1.3440192937850952
1049,-1.033583983031042,0.08699499070644379,-1.1221367120742798
1050,-0.7319910882864218,0.2651750445365906,-0.8368651866912842
1051,-0.3895574890451343,0.42152658104896545,-0.4974236786365509
1052,-0.02199114857512855,0.5479494333267212,-0.12091588973999023
1053,0.3455751918948773,0.6383395195007324,0.2629987895488739
1054,0.6817256058289851,0.6889115571975708,0.6212053298950195
1055,0.9613273519984767,0.6981066465377808,0.9267048835754395
1056,1.1655308744818134,0.6662188768386841,1.159553050994873
1057,1.291194580625405,0.5950826406478882,1.3110826015472412
1058,1.3320352851220723,0.4880242347717285,1.375758409500122
1059,1.2817698026646356,0.3500320613384247,1.3507180213928223
1060,1.1498229112138643,0.18800236284732819,1.237382411956787
1061,0.9361946107697584,0.010946162045001984,1.0407557487487793
1062,0.6628760499074464,-0.1700139194726944,0.7703299522399902
1063,0.32358404331974866,-0.34217405319213867,0.4431332051753998
1064,-0.025132741228718346,-0.49254676699638367,0.084675133228302
1065,-0.36442474781641604,-0.6096608638763428,-0.2737461030483246
1066,-0.6597344572538566,-0.6850777864456177,-0.5997968912124634
1067,-0.9047786842338604,-0.7139678001403809,-0.866642951965332
1068,-1.0744246875277093,-0.6948187351226807,-1.062372088432312
1069,-1.1623892818282233,-0.6288778781890869,-1.176216959953308
1070,-1.168672467135403,-0.5198078155517578,-1.2075976133346558
1071,-1.093274243449248,-0.37361031770706177,-1.1557096242904663
1072,-0.9456193887305278,-0.19864946603775024,-1.0232830047607422
1073,-0.7225663103256524,-0.005598273128271103,-0.8175525665283203
1074,-0.4429645641561608,0.19289852678775787,-0.5505237579345703
1075,-0.1350884841043611,0.38309094309806824,-0.23867812752723694
1076,0.18849555921538758,0.5515965223312378,0.09527702629566193
1077,0.5026548245743669,0.6871334314346313,0.42324861884117126
1078,0.7696902001294993,0.7818228006362915,0.7187790870666504
1079,0.9833185005736053,0.8315185308456421,0.9607048034667969
1080,1.1341149479459152,0.8352397680282593,1.1388180255889893
1081,1.2126547642856602,0.7942631244659424,1.2447620630264282
1082,1.2220795422464297,0.7113760709762573,1.275053858757019
1083,1.152964503867454,0.5904595851898193,1.2290985584259033
1084,1.0147344271095031,0.4364164173603058,1.1069386005401611
1085,0.8105309046261666,0.2554604411125183,0.9115414619445801
1086,0.5434955290710342,0.05565571412444115,0.6500418186187744
1087,0.2324778563656447,-0.15262125432491302,0.33620914816856384
1088,-0.09738937226128358,-0.35670366883277893,-0.007861252874135971
1089,-0.4209734155810323,-0.5424840450286865,-0.3557617962360382
1090,-0.7225663103256524,-0.6961443424224854,-0.6791878938674927
1091,-0.9707521299592461,-0.8061536550521851,-0.9524104595184326
1092,-1.1592476891746337,-0.8644640445709229,-1.164289116859436
1093,-1.2692034320502765,-0.866418719291687,-1.3009861707687378
1094,-1.3006193585861743,-0.8100132942199707,-1.3567904233932495
1095,-1.2503538761287378,-0.6954877376556396,-1.3256365060806274
1096,-1.108982206717197,-0.5256423950195312,-1.2032854557037354
1097,-0.8859291283123216,-0.3067612648010254,-0.9910627603530884
1098,-0.578053048260522,-0.04998224973678589,-0.6969525814056396
1099,-0.21991148575128552,0.2273336499929428,-0.3357851803302765
1100,0.1759291886010284,0.5015772581100464,0.06734809279441833
1101,0.5654866776461628,0.7460412979125977,0.47532472014427185
1102,0.9204866475018093,0.9371672868728638,0.8549705743789673
1103,1.2063715789784806,1.060046911239624,1.1741673946380615
1104,1.4168582867689967,1.1091409921646118,1.4130048751831055
1105,1.5456635855661782,1.0852512121200562,1.5694301128387451
1106,1.5865042900628454,0.9930225610733032,1.6392918825149536
1107,1.5456635855661782,0.840826153755188,1.6228994131088257
1108,1.426283064729766,0.641494631767273,1.5265834331512451
1109,1.2346459128607887,0.41233596205711365,1.3568322658538818
1110,0.9770353152664256,0.17420253157615662,1.1215853691101074
1111,0.6817256058289851,-0.05055630952119827,0.8344411849975586
1112,0.3518583772020568,-0.24142006039619446,0.5160830020904541
1113,0.04084070449666732,-0.3831380009651184,0.19249126315116882
1114,-0.24504422698000386,-0.467352956533432,-0.1091029942035675
1115,-0.4649557127312894,-0.4921257793903351,-0.36606866121292114
1116,-0.6220353454107791,-0.46087881922721863,-0.564589262008667
1117,-0.7037167544041136,-0.38186532258987427,-0.6912169456481934
1118,-0.7162831250184728,-0.2677953541278839,-0.7466638088226318
1119,-0.6723008278682158,-0.13463535904884338,-0.7390831708908081
1120,-0.578053048260522,0.00060272216796875,-0.678438663482666
1121,-0.4523893421169302,0.12226928025484085,-0.5776695013046265
1122,-0.3078760800517997,0.21781271696090698,-0.4508506953716278
1123,-0.16336281798666927,0.27863043546676636,-0.3117002546787262
1124,-0.031415926535897934,0.3003195524215698,-0.17283423244953156
1125,0.07853981633974483,0.28259873390197754,-0.045933112502098083
1126,0.15707963267948966,0.22896447777748108,0.0584057942032814
1127,0.20106192982974677,0.14600087702274323,0.13395488262176514
1128,0.21048670779051615,0.042291104793548584,0.1774531900882721
1129,0.1916371518689774,-0.07291232794523239,0.18968817591667175
1130,0.1445132620651305,-0.19084066152572632,0.1739928275346756
1131,0.07539822368615504,-0.3038240969181061,0.1325758695602417
1132,-0.012566370614359173,-0.40549659729003906,0.06743389368057251
1133,-0.10681415022205297,-0.49100735783576965,-0.017733782529830933
1134,-0.21362830044410594,-0.5572371482849121,-0.11763560771942139
1135,-0.31730085801256913,-0.6026161909103394,-0.22555741667747498
1136,-0.41154863762026295,-0.6264516115188599,-0.3327593505382538
1137,-0.4932300466135975,-0.6280931234359741,-0.429638147354126
1138,-0.5497787143782138,-0.6062957048416138,-0.5066572427749634
1139,-0.5717698629533423,-0.5589926242828369,-0.5512152910232544
1140,-0.5560618996853934,-0.48359426856040955,-0.5550858974456787
1141,-0.49637163926718736,-0.37776291370391846,-0.515648365020752
1142,-0.3895574890451343,-0.24042144417762756,-0.4284856617450714
1143,-0.24190263432641407,-0.07284484803676605,-0.291890025138855
1144,-0.05026548245743669,0.12004967033863068,-0.1097802221775055
1145,0.16650441064025903,0.3282819390296936,0.10730063915252686
1146,0.39269908169872414,0.5361292362213135,0.3423541784286499
1147,0.6188937527571892,0.7235946655273438,0.5728744268417358
1148,0.8105309046261666,0.8703763484954834,0.7745097875595093
1149,0.9519025740377073,0.9602694511413574,0.9288326501846313
1150,1.0273007977238624,0.9830925464630127,1.0160512924194336
1151,1.0273007977238624,0.9337488412857056,1.0257002115249634
1152,0.9456193887305278,0.8107506036758423,0.9530417919158936
1153,0.7791149780902686,0.6162362098693848,0.7953821420669556
1154,0.5309291584566751,0.3577311933040619,0.5575928688049316
1155,0.2261946710584651,0.05114226043224335,0.25562095642089844
1156,-0.11623892818282235,-0.27657338976860046,-0.08359059691429138
1157,-0.4586725274241098,-0.5890523195266724,-0.4303697347640991
1158,-0.7822565707438585,-0.8495091199874878,-0.7527934312820435
1159,-1.046150353645401,-1.032207727432251,-1.0216050148010254
1160,-1.2440706908215582,-1.1265063285827637,-1.2229112386703491
1161,-1.3603096190043804,-1.1318172216415405,-1.3439364433288574
1162,-1.3917255455402784,-1.051665186882019,-1.3810385465621948
1163,-1.338318470429252,-0.8925919532775879,-1.3313122987747192
1164,-1.1969468010177111,-0.6656204462051392,-1.1957595348358154
1165,-0.9801769079200154,-0.38699251413345337,-0.9801709651947021
1166,-0.6880087911361648,-0.07843107730150223,-0.6961294412612915
1167,-0.35499996985564664,0.23370592296123505,-0.36033546924591064
1168,0.012566370614359173,0.5218510627746582,0.00488119013607502
1169,0.3738495257771854,0.7625826597213745,0.37027159333229065
1170,0.7099999397112933,0.9410374164581299,0.708968997001648
1171,1.002168056495144,1.0518953800201416,0.9993609189987183
1172,1.2346459128607887,1.0973795652389526,1.2309505939483643
1173,1.413716694115407,1.0847549438476562,1.4105503559112549
1174,1.5393804002589986,1.025030255317688,1.539153814315796
1175,1.6210618092523332,0.9320118427276611,1.6186561584472656
1176,1.6619025137490004,0.8201559782028198,1.6568636894226074
1177,1.66818569905618,0.7018100023269653,1.657737374305725
1178,1.6336281798666923,0.5856209993362427,1.6224271059036255
1179,1.564513141487717,0.47647330164909363,1.5484075546264648
1180,1.4514158059584845,0.37596485018730164,1.4292211532592773
1181,1.291194580625405,0.28285032510757446,1.2567737102508545
1182,1.0744246875277093,0.1937481015920639,1.02615487575531
1183,0.7948229413582177,0.10431941598653793,0.7399476766586304
1184,0.4649557127312894,0.010550044476985931,0.40704721212387085
1185,0.10367255756846318,-0.09005266427993774,0.04174249619245529
1186,-0.2827433388230814,-0.19730783998966217,-0.3351389765739441
1187,-0.6408849013323178,-0.30753323435783386,-0.6991539001464844
1188,-0.9738937226128359,-0.4135752022266388,-1.020997166633606
1189,-1.2503538761287378,-0.5059952735900879,-1.2860809564590454
1190,-1.4639821765728436,-0.5750669240951538,-1.4895316362380981
1191,-1.6022122533307945,-0.6127028465270996,-1.6217433214187622
1192,-1.6650441064025905,-0.6136099100112915,-1.6804149150848389
1193,-1.655619328441821,-0.5756930112838745,-1.6612738370895386
1194,-1.5707963267948966,-0.5001397132873535,-1.5630987882614136
1195,-1.4042919161546374,-0.3914836645126343,-1.3879725933074951
1196,-1.1655308744818134,-0.2576887309551239,-1.1417770385742188
1197,-0.8702211650443727,-0.11003491282463074,-0.833812952041626
1198,-0.5120796025351363,0.03767862543463707,-0.47873958945274353
1199,-0.1445132620651305,0.17094555497169495,-0.10095544159412384
1200,0.21991148575128552,0.276888906955719,0.2637069821357727
1201,0.5372123437638546,0.3460580110549927,0.5797950029373169
1202,0.7822565707438585,0.37313127517700195,0.8245218992233276
1203,0.9519025740377073,0.35685691237449646,0.9810231924057007
1204,1.0241592050702726,0.29982444643974304,1.0438249111175537
1205,1.0115928344559133,0.20826460421085358,1.0162184238433838
1206,0.9142034621946298,0.09163475036621094,0.904970645904541
1207,0.7414158662471911,-0.03831378370523453,0.7211413383483887
1208,0.515221195188726,-0.16897909343242645,0.48108014464378357
1209,0.24818581963359368,-0.28850582242012024,0.20708836615085602
1210,-0.02199114857512855,-0.38710078597068787,-0.07517336308956146
1211,-0.2827433388230814,-0.4578248858451843,-0.34078770875930786
1212,-0.515221195188726,-0.4968496263027191,-0.5675437450408936
1213,-0.6942919764433443,-0.5032892227172852,-0.7418744564056396
1214,-0.8136724972797564,-0.47874370217323303,-0.8536382913589478
1215,-0.8702211650443727,-0.4266640841960907,-0.8996791839599609
1216,-0.8670795723907829,-0.3516213595867157,-0.8827708959579468
1217,-0.8011061266653973,-0.2586021423339844,-0.8058755397796631
1218,-0.6785840131753953,-0.15251661837100983,-0.6742885112762451
1219,-0.5089380098815465,-0.03803589940071106,-0.49549534916877747
1220,-0.2984513020910304,0.08031435310840607,-0.27967649698257446
1221,-0.07225663103256524,0.19800028204917908,-0.0403897687792778
1222,0.16964600329384882,0.3103783428668976,0.20530126988887787
1223,0.3989822670059037,0.41264110803604126,0.4386017918586731
1224,0.6000441968356505,0.49981942772865295,0.642424464225769
1225,0.7634070148223198,0.5668957233428955,0.8045532703399658
1226,0.8765043503515523,0.6090419292449951,0.9145330190658569
1227,0.9330530181161686,0.6219357252120972,0.9623816013336182
1228,0.9267698328089891,0.60211181640625,0.9480613470077515
1229,0.8607963870836034,0.5473380088806152,0.8712921142578125
1230,0.7319910882864218,0.45702865719795227,0.7326822280883789
1231,0.5434955290710342,0.3327217102050781,0.5375449657440186
1232,0.3141592653589793,0.1786603182554245,0.29705753922462463
1233,0.053407075111026485,0.0024273842573165894,0.028404634445905685
1234,-0.21048670779051615,-0.18466080725193024,-0.2473755180835724
1235,-0.47123889803846897,-0.36797282099723816,-0.5065031051635742
1236,-0.6942919764433443,-0.5312705039978027,-0.7269364595413208
1237,-0.8639379797371931,-0.6594191789627075,-0.8958367109298706
1238,-0.9676105373056563,-0.7408398389816284,-0.9977517127990723
1239,-1.0053096491487339,-0.7684822082519531,-1.0280474424362183
1240,-0.9676105373056563,-0.7393598556518555,-0.9841210842132568
1241,-0.8545132017764238,-0.6537632942199707,-0.8655375242233276
1242,-0.6785840131753953,-0.5150526762008667,-0.6772398948669434
1243,-0.43353978619539146,-0.3301061689853668,-0.4295215308666229
1244,-0.15079644737231007,-0.10999748110771179,-0.13883058726787567
1245,0.14765485471872028,0.12967658042907715,0.17161323130130768
1246,0.44610615680975063,0.36954620480537415,0.4752206802368164
1247,0.7068583470577035,0.5888919830322266,0.7461395263671875
1248,0.9236282401553992,0.7693681716918945,0.9643863439559937
1249,1.080707872834889,0.8983135223388672,1.121535301208496
1250,1.1718140597889928,0.969871997833252,1.2100622653961182
1251,1.1938052083641215,0.9839268922805786,1.2300386428833008
1252,1.152964503867454,0.9444661140441895,1.185281753540039
1253,1.049291946298991,0.8586071729660034,1.0811488628387451
1254,0.9016370915802706,0.7360782623291016,0.9260385036468506
1255,0.713141532364883,0.588398814201355,0.7312347888946533
1256,0.49637163926718736,0.4276430308818817,0.5108087062835693
1257,0.27646015351590175,0.26521098613739014,0.28096020221710205
1258,0.06597344572538566,0.11088985949754715,0.058585818856954575
1259,-0.1288052987971815,-0.027812082320451736,-0.14034231007099152
1260,-0.28588493147667116,-0.14605911076068878,-0.30506181716918945
1261,-0.40212385965949354,-0.2417316734790802,-0.4291149973869324
1262,-0.47752208334564855,-0.31515127420425415,-0.507362961769104
1263,-0.515221195188726,-0.36860063672065735,-0.5431917905807495
1264,-0.5183627878423158,-0.40566781163215637,-0.5456678867340088
1265,-0.4995132319207771,-0.4304054081439972,-0.5232583284378052
1266,-0.4618141200776996,-0.44643640518188477,-0.4842361509799957
1267,-0.4178318229274425,-0.456266313791275,-0.43633604049682617
1268,-0.37070793312359557,-0.46096882224082947,-0.38576143980026245
1269,-0.32672563597333854,-0.4602307379245758,-0.33673378825187683
1270,-0.28588493147667116,-0.45265188813209534,-0.29209497570991516
1271,-0.25132741228718347,-0.4362070560455322,-0.2535730302333832
1272,-0.21991148575128552,-0.40877941250801086,-0.22033441066741943
1273,-0.1916371518689774,-0.36866867542266846,-0.19036157429218292
1274,-0.16650441064025903,-0.31499478220939636,-0.16160321235656738
1275,-0.13823007675795088,-0.24797144532203674,-0.13211125135421753
1276,-0.10995574287564276,-0.16904610395431519,-0.1003708690404892
1277,-0.07539822368615504,-0.08089467883110046,-0.0655347928404808
1278,-0.03769911184307752,0.012747537344694138,-0.027513068169355392
1279,0.0031415926535897933,0.10741172730922699,0.013036729767918587
1280,0.047123889803846894,0.19834697246551514,0.054840054363012314
1281,0.09110618695410401,0.28103145956993103,0.09626439213752747
1282,0.13194689145077132,0.3516506254673004,0.13562771677970886
1283,0.16964600329384882,0.4074494540691376,0.1714676320552826
1284,0.20106192982974677,0.4469029903411865,0.20272864401340485
1285,0.2293362637120549,0.4697090983390808,0.22883963584899902
1286,0.24818581963359368,0.47663843631744385,0.24967123568058014
1287,0.26389378290154264,0.4692815840244293,0.2653988301753998
1288,0.2701769682087222,0.4497314393520355,0.27633029222488403
1289,0.2701769682087222,0.4202514588832855,0.28276360034942627
1290,0.2701769682087222,0.38299041986465454,0.28491026163101196
1291,0.2701769682087222,0.33979862928390503,0.2828676700592041
1292,0.2701769682087222,0.29217100143432617,0.2765851616859436
1293,0.26389378290154264,0.2413078397512436,0.26580026745796204
1294,0.25446900494077324,0.18826130032539368,0.2500304579734802
1295,0.23876104167282428,0.1341228187084198,0.22874855995178223
1296,0.21362830044410594,0.08020202815532684,0.20175142586231232
1297,0.18221237390820802,0.028148140758275986,0.16956409811973572
1298,0.1445132620651305,-0.020034540444612503,0.13367679715156555
1299,0.10367255756846318,-0.06210631877183914,0.09650318324565887
1300,0.06283185307179587,-0.09584984183311462,0.061058588325977325
1301,0.025132741228718346,-0.11942976713180542,0.030412854626774788
1302,-0.006283185307179587,-0.13178691267967224,0.0069690607488155365
1303,-0.025132741228718346,-0.13298946619033813,-0.008294288069009781
1304,-0.03769911184307752,-0.12447153031826019,-0.01623881235718727
1305,-0.03769911184307752,-0.10910755395889282,-0.019315872341394424
1306,-0.03769911184307752,-0.09108197689056396,-0.020871080458164215
1307,-0.03769911184307752,-0.0755278542637825,-0.02449541911482811
1308,-0.04084070449666732,-0.06793467700481415,-0.033729687333106995
1309,-0.053407075111026485,-0.07336701452732086,-0.05211859196424484
1310,-0.07853981633974483,-0.0955941379070282,-0.08299747854471207
1311,-0.11938052083641214,-0.13626216351985931,-0.12836883962154388
1312,-0.17278759594743864,-0.19425514340400696,-0.18748316168785095
1313,-0.2324778563656447,-0.265390545129776,-0.2562272250652313
1314,-0.30159289474462014,-0.34259799122810364,-0.3275991678237915
1315,-0.3612831551628262,-0.4166696071624756,-0.392767071723938
1316,-0.40840704496667307,-0.47749748826026917,-0.4413314163684845
1317,-0.4303981935418017,-0.5154925584793091,-0.4630977213382721
1318,-0.42411500823462206,-0.5227949619293213,-0.4537680447101593
1319,-0.3832743037379548,-0.4940459430217743,-0.4110976457595825
1320,-0.31101767270538955,-0.4267823398113251,-0.33265966176986694
1321,-0.20420352248333654,-0.32171687483787537,-0.2197571098804474
1322,-0.07225663103256524,-0.1831205040216446,-0.07840065658092499
1323,0.08168140899333463,-0.019258148968219757,0.08104746788740158
1324,0.23876104167282428,0.15756408870220184,0.24456673860549927
1325,0.38641589639154456,0.33198437094688416,0.3963700830936432
1326,0.5089380098815465,0.4878508448600769,0.5221633911132812
1327,0.5906194188748811,0.6110775470733643,0.6092544794082642
1328,0.6283185307179586,0.691817045211792,0.6475763320922852
1329,0.6188937527571892,0.7251940965652466,0.6371402740478516
1330,0.562345084992573,0.7109435796737671,0.5821030139923096
1331,0.47123889803846897,0.6528139114379883,0.4883173704147339
1332,0.3518583772020568,0.5581897497177124,0.36589714884757996
1333,0.21991148575128552,0.43770334124565125,0.22901561856269836
1334,0.09110618695410401,0.30433210730552673,0.0936560109257698
1335,-0.02199114857512855,0.17178237438201904,-0.025158800184726715
1336,-0.10367255756846318,0.0525069534778595,-0.11409318447113037
1337,-0.14765485471872028,-0.04397359490394592,-0.1621723771095276
1338,-0.15079644737231007,-0.11198455095291138,-0.16925989091396332
1339,-0.12252211349000193,-0.14987371861934662,-0.1416442096233368
1340,-0.06911503837897544,-0.1597568541765213,-0.08672495931386948
1341,0.0,-0.14699922502040863,-0.015356641262769699
1342,0.06911503837897544,-0.11933967471122742,0.05925311893224716
1343,0.1288052987971815,-0.08557239174842834,0.1236422061920166
1344,0.16336281798666927,-0.053959257900714874,0.16580414772033691
1345,0.16964600329384882,-0.030763670802116394,0.17932140827178955
1346,0.15079644737231007,-0.019264426082372665,0.16508173942565918
1347,0.10995574287564276,-0.019385792315006256,0.12762820720672607
1348,0.053407075111026485,-0.027874566614627838,0.07395556569099426
1349,-0.006283185307179587,-0.03891438990831375,0.013681918382644653
1350,-0.06283185307179587,-0.04514683783054352,-0.041450656950473785
1351,-0.09738937226128358,-0.039048731327056885,-0.0788462832570076
1352,-0.10681415022205297,-0.014439895749092102,-0.08963979035615921
1353,-0.08482300164692441,0.03219105675816536,-0.07248686254024506
1354,-0.031415926535897934,0.10071747750043869,-0.02792937681078911
1355,0.04084070449666732,0.1868094801902771,0.04160810634493828
1356,0.13194689145077132,0.281905859708786,0.12810873985290527
1357,0.2261946710584651,0.37400853633880615,0.21904224157333374
1358,0.31101767270538955,0.44944697618484497,0.30001455545425415
1359,0.3675663404700058,0.4951944947242737,0.35543179512023926
1360,0.38641589639154456,0.500857949256897,0.3722287714481354
1361,0.3581415625092364,0.45978257060050964,0.34577253460884094
1362,0.289026524130261,0.3695477545261383,0.27495884895324707
1363,0.17278759594743864,0.23254552483558655,0.16242347657680511
1364,0.025132741228718346,0.056959036737680435,0.01679529808461666
1365,-0.1413716694115407,-0.14241516590118408,-0.14756649732589722
1366,-0.31101767270538955,-0.3448624312877655,-0.3121802508831024
1367,-0.4618141200776996,-0.5270531177520752,-0.4582425355911255
1368,-0.5749114556069321,-0.6680195331573486,-0.5694806575775146
1369,-0.637743308678728,-0.7529287338256836,-0.6277050971984863
1370,-0.6408849013323178,-0.7737414836883545,-0.6280888319015503
1371,-0.5811946409141117,-0.727790117263794,-0.5689030885696411
1372,-0.4649557127312894,-0.6166067123413086,-0.4501948356628418
1373,-0.2984513020910304,-0.4461578130722046,-0.2795215845108032
1374,-0.09110618695410401,-0.22805017232894897,-0.0710069090127945
1375,0.13194689145077132,0.019587576389312744,0.15589025616645813
1376,0.3581415625092364,0.2731032967567444,0.37827232480049133
1377,0.5529203070318035,0.5069267749786377,0.5734673738479614
1378,0.7068583470577035,0.6985893249511719,0.724366307258606
1379,0.8011061266653973,0.8326280117034912,0.8167541027069092
1380,0.8325220532012952,0.9015429019927979,0.8434714078903198
1381,0.7979645340118074,0.9043188095092773,0.8075834512710571
1382,0.7099999397112933,0.8445963859558105,0.7137655019760132
1383,0.5749114556069321,0.7298959493637085,0.5702613592147827
1384,0.40212385965949354,0.5715005397796631,0.3902783989906311
1385,0.21048670779051615,0.3838125765323639,0.1910393238067627
1386,0.00942477796076938,0.18278414011001587,-0.008468542248010635
1387,-0.16964600329384882,-0.015921112149953842,-0.19003450870513916
1388,-0.31730085801256913,-0.19834215939044952,-0.33920496702194214
1389,-0.42411500823462206,-0.3532528579235077,-0.4460565447807312
1390,-0.48380526865282814,-0.4730599820613861,-0.5044934749603271
1391,-0.4995132319207771,-0.5543296337127686,-0.5178604125976562
1392,-0.47752208334564855,-0.5976036787033081,-0.4935471713542938
1393,-0.4303981935418017,-0.6066288948059082,-0.4401209056377411
1394,-0.36442474781641604,-0.5873253345489502,-0.3677945137023926
1395,-0.29216811678385074,-0.5466508865356445,-0.2872413694858551
1396,-0.21991148575128552,-0.49147525429725647,-0.20847441256046295
1397,-0.15707963267948966,-0.4276973307132721,-0.14007805287837982
1398,-0.10053096491487339,-0.35980644822120667,-0.08855404704809189
1399,-0.07539822368615504,-0.2908109724521637,-0.056619130074977875
1400,-0.06597344572538566,-0.22231480479240417,-0.04198949784040451
1401,-0.06597344572538566,-0.15468181669712067,-0.039579086005687714
1402,-0.06597344572538566,-0.08738850802183151,-0.04335062950849533
1403,-0.06597344572538566,-0.019568663090467453,-0.04747879505157471
1404,-0.06283185307179587,0.04942146688699722,-0.04731600731611252
1405,-0.05654866776461628,0.11958066374063492,-0.039998047053813934
1406,-0.03769911184307752,0.19000977277755737,-0.024168506264686584
1407,-0.006283185307179587,0.2588120698928833,0.0010162554681301117
1408,0.03455751918948772,0.3231712281703949,0.03605864197015762
1409,0.08168140899333463,0.3796260356903076,0.07984503358602524
1410,0.1350884841043611,0.42449015378952026,0.12890109419822693
1411,0.18849555921538758,0.4543215334415436,0.17841430008411407
1412,0.23561944901923448,0.4663470387458801,0.22320213913917542
1413,0.2701769682087222,0.4587820768356323,0.2582082748413086
1414,0.29216811678385074,0.4310157001018524,0.27945876121520996
1415,0.29530970943744056,0.38367074728012085,0.28532588481903076
1416,0.2827433388230814,0.31857287883758545,0.2766059637069702
1417,0.257610597594363,0.23866580426692963,0.2549411952495575
1418,0.21991148575128552,0.14787723124027252,0.22167392075061798
1419,0.16964600329384882,0.050919558852910995,0.17812827229499817
1420,0.10995574287564276,-0.04698239266872406,0.12627524137496948
1421,0.047123889803846894,-0.14042291045188904,0.06902529299259186
1422,-0.015707963267948967,-0.2241765558719635,0.010153865441679955
1423,-0.07225663103256524,-0.29355061054229736,-0.04603325575590134
1424,-0.12252211349000193,-0.34467923641204834,-0.09516751766204834
1425,-0.16336281798666927,-0.3747151494026184,-0.13320201635360718
1426,-0.18221237390820802,-0.381903737783432,-0.15701013803482056
1427,-0.18849555921538758,-0.36556461453437805,-0.16556385159492493
1428,-0.1759291886010284,-0.3260337710380554,-0.16025656461715698
1429,-0.15393804002589986,-0.26461532711982727,-0.14304369688034058
1430,-0.11938052083641214,-0.18357467651367188,-0.11466065049171448
1431,-0.07225663103256524,-0.08617793768644333,-0.07508441060781479
1432,-0.015707963267948967,0.02325061894953251,-0.024999957531690598
1433,0.047123889803846894,0.1393141746520996,0.03346862643957138
1434,0.11623892818282235,0.25565749406814575,0.09684020280838013
1435,0.1790707812546182,0.36528217792510986,0.16067060828208923
1436,0.23876104167282428,0.4610786437988281,0.21995806694030762
1437,0.28588493147667116,0.5364844799041748,0.26947858929634094
1438,0.31730085801256913,0.5861009359359741,0.3043424189090729
1439,0.32672563597333854,0.6061128377914429,0.321266770362854
1440,0.3204424506661589,0.5944696664810181,0.3198416829109192
1441,0.29530970943744056,0.5509141683578491,0.30150696635246277
1442,0.257610597594363,0.47697269916534424,0.26750969886779785
1443,0.20106192982974677,0.3759797513484955,0.2189553827047348
1444,0.13823007675795088,0.25312286615371704,0.15801715850830078
1445,0.06597344572538566,0.11543590575456619,0.08853686600923538
1446,-0.006283185307179587,-0.028382055461406708,0.01590186171233654
1447,-0.07539822368615504,-0.16845715045928955,-0.05350909382104874
1448,-0.13194689145077132,-0.2945988178253174,-0.11310754716396332
1449,-0.16964600329384882,-0.39740267395973206,-0.15668655931949615
1450,-0.18849555921538758,-0.4692927896976471,-0.17973405122756958
1451,-0.18849555921538758,-0.5051838159561157,-0.18191935122013092
1452,-0.16650441064025903,-0.5026683807373047,-0.16589044034481049
1453,-0.13194689145077132,-0.4618961811065674,-0.1335856020450592
1454,-0.08168140899333463,-0.3853883147239685,-0.08652079850435257
1455,-0.01884955592153876,-0.27790579199790955,-0.027710072696208954
1456,0.05026548245743669,-0.14632993936538696,0.038156334310770035
1457,0.11623892818282235,0.0005641095340251923,0.10534951835870743
1458,0.18221237390820802,0.15256398916244507,0.1677434742450714
1459,0.2324778563656447,0.29878634214401245,0.2195780873298645
1460,0.2670353755551324,0.4287275969982147,0.25627046823501587
1461,0.2827433388230814,0.5333998203277588,0.27542227506637573
1462,0.2827433388230814,0.6062232255935669,0.2776222229003906
1463,0.2670353755551324,0.6434177160263062,0.2655946612358093
1464,0.24190263432641407,0.6438888311386108,0.24241240322589874
1465,0.20734511513692636,0.6088236570358276,0.21076832711696625
1466,0.16650441064025903,0.5412219762802124,0.17316211760044098
1467,0.12252211349000193,0.4454702138900757,0.13203206658363342
1468,0.07539822368615504,0.32697752118110657,0.08968284726142883
1469,0.031415926535897934,0.19188344478607178,0.048147596418857574
1470,-0.00942477796076938,0.046843092888593674,0.008874306455254555
1471,-0.047123889803846894,-0.10115908086299896,-0.027575649321079254
1472,-0.07853981633974483,-0.2450520098209381,-0.061458341777324677
1473,-0.10995574287564276,-0.3780369162559509,-0.09356135129928589
1474,-0.1413716694115407,-0.49404528737068176,-0.12489598989486694
1475,-0.17278759594743864,-0.5881903171539307,-0.15636231005191803
1476,-0.20106192982974677,-0.6570614576339722,-0.18840602040290833
1477,-0.2324778563656447,-0.6987558603286743,-0.22072580456733704
1478,-0.257610597594363,-0.7126760482788086,-0.2520875334739685
1479,-0.2796017461694916,-0.6992250680923462,-0.2803037166595459
1480,-0.2984513020910304,-0.6595301628112793,-0.3024570941925049
1481,-0.3047344873982099,-0.5952507257461548,-0.3155463635921478
1482,-0.30159289474462014,-0.5084718465805054,-0.3175496459007263
1483,-0.289026524130261,-0.4016704559326172,-0.30763834714889526
1484,-0.2670353755551324,-0.27775606513023376,-0.28430211544036865
1485,-0.2261946710584651,-0.14020134508609772,-0.24423566460609436
1486,-0.16964600329384882,0.0067484136670827866,-0.18468499183654785
1487,-0.09424777960769379,0.1578521579504013,-0.10561531782150269
1488,-0.0031415926535897933,0.3067813515663147,-0.009412027895450592
1489,0.10053096491487339,0.4463203549385071,0.09964825958013535
1490,0.21048670779051615,0.56892991065979,0.21531718969345093
1491,0.31730085801256913,0.6675528287887573,0.3296206593513489
1492,0.4178318229274425,0.7363789081573486,0.433905690908432
1493,0.4995132319207771,0.7713050842285156,0.5198546648025513
1494,0.5592034923389833,0.7700231075286865,0.5791224241256714
1495,0.5843362335677015,0.731881856918335,0.6049177646636963
1496,0.5749114556069321,0.6577249765396118,0.5961599349975586
1497,0.5183627878423158,0.5498262643814087,0.5533726215362549
1498,0.4366813788489812,0.41196390986442566,0.47632846236228943
1499,0.32672563597333854,0.24962961673736572,0.36685261130332947
1500,0.19477874452256716,0.07031387090682983,0.23010322451591492
1501,0.047123889803846894,-0.1163182407617569,0.07434104382991791
1502,-0.10995574287564276,-0.29867544770240784,-0.0894668698310852
1503,-0.25446900494077324,-0.46419021487236023,-0.2484639585018158
1504,-0.38641589639154456,-0.6009025573730469,-0.39032891392707825
1505,-0.4932300466135975,-0.6990901231765747,-0.5057865381240845
1506,-0.562345084992573,-0.7521976232528687,-0.5847223997116089
1507,-0.5906194188748811,-0.7568153142929077,-0.6180645227432251
1508,-0.5749114556069321,-0.7121435403823853,-0.6061044931411743
1509,-0.5120796025351363,-0.6195521354675293,-0.5490856170654297
1510,-0.41154863762026295,-0.48251214623451233,-0.44819873571395874
1511,-0.2701769682087222,-0.30686312913894653,-0.3078068792819977
1512,-0.10367255756846318,-0.10129450261592865,-0.13562513887882233
1513,0.07853981633974483,0.1221856027841568,0.05709220468997955
1514,0.2670353755551324,0.3482992351055145,0.2559729218482971
1515,0.4429645641561608,0.559722900390625,0.4450191259384155
1516,0.5969026041820608,0.7396775484085083,0.6097021102905273
1517,0.713141532364883,0.8749434947967529,0.7399605512619019
1518,0.7916813487046279,0.9576547145843506,0.8268873691558838
1519,0.819955682586936,0.9851093292236328,0.8637106418609619
1520,0.8042477193189871,0.9584755897521973,0.8526498079299927
1521,0.7476990515543708,0.8817135095596313,0.7967571020126343
1522,0.6534512719466771,0.7610906362533569,0.6991410255432129
1523,0.5309291584566751,0.6048535108566284,0.5658541917800903
1524,0.38013271108436497,0.42276766896247864,0.4057919979095459
1525,0.21676989309769573,0.22561852633953094,0.22978350520133972
1526,0.05026548245743669,0.024707401171326637,0.04986926168203354
1527,-0.10681415022205297,-0.16880281269550323,-0.12156161665916443
1528,-0.24818581963359368,-0.34474021196365356,-0.2742198705673218
1529,-0.36442474781641604,-0.49481114745140076,-0.40208831429481506
1530,-0.45553093477052,-0.6133027076721191,-0.5018020868301392
1531,-0.5183627878423158,-0.6973943710327148,-0.5708938837051392
1532,-0.5592034923389833,-0.746930718421936,-0.6102526187896729
1533,-0.5749114556069321,-0.7637088298797607,-0.6251569986343384
1534,-0.5749114556069321,-0.7505390644073486,-0.6204755306243896
1535,-0.5592034923389833,-0.7103705406188965,-0.5985424518585205
1536,-0.5309291584566751,-0.6456588506698608,-0.5598124265670776
1537,-0.4900884539600077,-0.5580534934997559,-0.503227949142456
1538,-0.4272566008882119,-0.44842997193336487,-0.42671942710876465
1539,-0.3424335992412874,-0.3172071576118469,-0.32840296626091003
1540,-0.23561944901923448,-0.1648961901664734,-0.2073378562927246
1541,-0.10681415022205297,0.007082104682922363,-0.06329098343849182
1542,0.05026548245743669,0.19526465237140656,0.10221276432275772
1543,0.2293362637120549,0.3929252624511719,0.28427115082740784
1544,0.4146902302738527,0.5893597602844238,0.4740874171257019
1545,0.6063273821428301,0.7704603672027588,0.6594933271408081
1546,0.7791149780902686,0.9209561347961426,0.8276982307434082
1547,0.9299114254625788,1.0274301767349243,0.9699405431747437
1548,1.046150353645401,1.0803070068359375,1.0763174295425415
1549,1.1121237993707869,1.0739326477050781,1.130320429801941
1550,1.1184069846779665,1.0057103633880615,1.1267049312591553
1551,1.0618583169133502,0.8756357431411743,1.059180736541748
1552,0.9361946107697584,0.6864501237869263,0.9215999841690063
1553,0.7414158662471911,0.44418129324913025,0.7133252620697021
1554,0.47438049069205873,0.15949885547161102,0.44087985157966614
1555,0.16650441064025903,-0.1500004678964615,0.12064717710018158
1556,-0.1759291886010284,-0.45852571725845337,-0.22373467683792114
1557,-0.5183627878423158,-0.7353286743164062,-0.5675785541534424
1558,-0.8388052385084748,-0.9529592990875244,-0.8824005126953125
1559,-1.124690169985146,-1.094632863998413,-1.146022081375122
1560,-1.335176877775662,-1.1546077728271484,-1.3514626026153564
1561,-1.4734069545336128,-1.1335773468017578,-1.4866678714752197
1562,-1.5362388076054088,-1.035504937171936,-1.5481432676315308
1563,-1.5205308443374599,-0.8677012920379639,-1.53115713596344
1564,-1.426283064729766,-0.6410626173019409,-1.43235445022583
1565,-1.2534954687823274,-0.3698728382587433,-1.251761794090271
1566,-0.9958848711879644,-0.07272251695394516,-0.9941693544387817
1567,-0.6817256058289851,0.2268604338169098,-0.6695386171340942
1568,-0.3078760800517997,0.5026259422302246,-0.29387587308883667
1569,0.0879645943005142,0.7306737899780273,0.10621149092912674
1570,0.4618141200776996,0.8941900730133057,0.49403324723243713
1571,0.8011061266653973,0.9848126173019409,0.8378289937973022
1572,1.0744246875277093,1.000822901725769,1.1115576028823853
1573,1.2660618393966865,0.9447488784790039,1.3013768196105957
1574,1.3697343969651496,0.8223026990890503,1.402142882347107
1575,1.3823007675795091,0.642308235168457,1.4099795818328857
1576,1.303760951239764,0.4167211353778839,1.3252135515213013
1577,1.1372565405995052,0.160785511136055,1.1519265174865723
1578,0.8984954989266809,-0.10677632689476013,0.8971878290176392
1579,0.5686282702997526,-0.36459752917289734,0.5748378038406372
1580,0.21048670779051615,-0.59130859375,0.20760506391525269
1581,-0.15707963267948966,-0.7692173719406128,-0.17386937141418457
1582,-0.5057964172279567,-0.8870029449462891,-0.5363738536834717
1583,-0.8168140899333461,-0.9399110078811646,-0.8470008373260498
1584,-1.0555751316061706,-0.9280506372451782,-1.0892009735107422
1585,-1.21579635693925,-0.8546737432479858,-1.2532309293746948
1586,-1.2943361732789946,-0.7254736423492432,-1.3342686891555786
1587,-1.291194580625405,-0.5485720634460449,-1.3310182094573975
1588,-1.2032299863248908,-0.33469587564468384,-1.2425776720046997
1589,-1.033583983031042,-0.09741666913032532,-1.072211503982544
1590,-0.7948229413582177,0.14685149490833282,-0.8285094499588013
1591,-0.4995132319207771,0.3797515630722046,-0.5253198146820068
1592,-0.15707963267948966,0.5831595659255981,-0.1815444827079773
1593,0.18535396656179778,0.7420617341995239,0.17532218992710114
1594,0.5120796025351363,0.8467187881469727,0.5124145150184631
1595,0.7853981633974483,0.8930705785751343,0.8020921945571899
1596,1.002168056495144,0.8817293643951416,1.025266170501709
1597,1.140398133253095,0.8168145418167114,1.1727986335754395
1598,1.200088393671301,0.7053612470626831,1.2402887344360352
1599,1.184380430403352,0.5570845603942871,1.2296744585037231
1600,1.0995574287564276,0.3840263783931732,1.1455605030059814
1601,0.9550441666912971,0.19993700087070465,0.9958381652832031
1602,0.7508406442079605,0.01939600333571434,0.7919241189956665
1603,0.5183627878423158,-0.1433946043252945,0.5494952201843262
1604,0.2670353755551324,-0.27608051896095276,0.2884330153465271
1605,0.02199114857512855,-0.36945486068725586,0.0310338344424963
1606,-0.20106192982974677,-0.418093740940094,-0.2007674276828766
1607,-0.37699111843077515,-0.4202951192855835,-0.3889842927455902
1608,-0.4932300466135975,-0.3776923716068268,-0.5194805860519409
1609,-0.5497787143782138,-0.29485899209976196,-0.5826820135116577
1610,-0.5403539364174444,-0.17895354330539703,-0.5815831422805786
1611,-0.47438049069205873,-0.03931703418493271,-0.5200722217559814
1612,-0.3581415625092364,0.11304683983325958,-0.4057677090167999
1613,-0.20734511513692636,0.2661839425563812,-0.2501765787601471
1614,-0.02827433388230814,0.40816351771354675,-0.0677453950047493
1615,0.15079644737231007,0.5282175540924072,0.12472613900899887
1616,0.3204424506661589,0.6177297830581665,0.3089185357093811
1617,0.4649557127312894,0.6707490682601929,0.4673769176006317
1618,0.5749114556069321,0.6839590072631836,0.5871627330780029
1619,0.6346017160251383,0.6563097238540649,0.6567378044128418
1620,0.637743308678728,0.5886225700378418,0.6703777313232422
1621,0.5906194188748811,0.48339518904685974,0.6300232410430908
1622,0.49637163926718736,0.34489867091178894,0.5381203889846802
1623,0.3581415625092364,0.17951899766921997,0.39950981736183167
1624,0.18535396656179778,-0.0038615837693214417,0.2236766219139099
1625,-0.006283185307179587,-0.19377893209457397,0.024372126907110214
1626,-0.19792033717615698,-0.3767581582069397,-0.18175965547561646
1627,-0.3832743037379548,-0.5387216806411743,-0.37624773383140564
1628,-0.5403539364174444,-0.6669672727584839,-0.5424251556396484
1629,-0.6534512719466771,-0.7519239187240601,-0.6690510511398315
1630,-0.7194247176720626,-0.7879091501235962,-0.7429518699645996
1631,-0.7288494956328321,-0.7728631496429443,-0.7601655721664429
1632,-0.6848671984825748,-0.7077653408050537,-0.7214229106903076
1633,-0.5906194188748811,-0.596373438835144,-0.6283061504364014
1634,-0.44924774946334045,-0.44536054134368896,-0.48687902092933655
1635,-0.27646015351590175,-0.26456359028816223,-0.30758899450302124
1636,-0.08168140899333463,-0.0670023262500763,-0.10543262958526611
1637,0.11309733552923255,0.13168394565582275,0.10065178573131561
1638,0.29216811678385074,0.3147049844264984,0.29037758708000183
1639,0.4366813788489812,0.4664013683795929,0.44621583819389343
1640,0.5309291584566751,0.5745443105697632,0.5536081790924072
1641,0.5717698629533423,0.631644606590271,0.601536750793457
1642,0.5529203070318035,0.6350057125091553,0.5899466276168823
1643,0.48694686130641796,0.5861618518829346,0.5236279964447021
1644,0.37699111843077515,0.490437388420105,0.40978145599365234
1645,0.2293362637120549,0.3567439615726471,0.26016220450401306
1646,0.06597344572538566,0.19720742106437683,0.09070535004138947
1647,-0.09424777960769379,0.026258043944835663,-0.08047603815793991
1648,-0.23561944901923448,-0.14082852005958557,-0.2356448769569397
1649,-0.3455751918948773,-0.28967633843421936,-0.3602699935436249
1650,-0.4178318229274425,-0.40845316648483276,-0.4414597153663635
1651,-0.43982297150257105,-0.48901864886283875,-0.473093718290329
1652,-0.4178318229274425,-0.5273380279541016,-0.45826712250709534
1653,-0.3581415625092364,-0.5232547521591187,-0.40091970562934875
1654,-0.26389378290154264,-0.47995540499687195,-0.3080677390098572
1655,-0.15393804002589986,-0.40337350964546204,-0.1899421215057373
1656,-0.031415926535897934,-0.30153709650039673,-0.05877409875392914
1657,0.08482300164692441,-0.18380245566368103,0.07223857939243317
1658,0.1916371518689774,-0.060045331716537476,0.19020052254199982
1659,0.273318560862312,0.06007037311792374,0.28351259231567383
1660,0.3204424506661589,0.16773313283920288,0.34295639395713806
1661,0.3361504139341079,0.25557082891464233,0.36473318934440613
1662,0.3141592653589793,0.31812065839767456,0.35100191831588745
1663,0.2701769682087222,0.3520674407482147,0.3053476810455322
1664,0.19792033717615698,0.3562365174293518,0.23189698159694672
1665,0.10995574287564276,0.3314487040042877,0.1369890570640564
1666,0.00942477796076938,0.280357301235199,0.02924608811736107
1667,-0.09110618695410401,0.20732709765434265,-0.08154770731925964
1668,-0.18535396656179778,0.1183447539806366,-0.18537569046020508
1669,-0.257610597594363,0.020879104733467102,-0.27263250946998596
1670,-0.31101767270538955,-0.07642894983291626,-0.33386069536209106
1671,-0.3298672286269283,-0.16431279480457306,-0.3610473573207855
1672,-0.31730085801256913,-0.23360997438430786,-0.35260531306266785
1673,-0.2701769682087222,-0.27604278922080994,-0.3083910346031189
1674,-0.1916371518689774,-0.28493914008140564,-0.22753289341926575
1675,-0.08168140899333463,-0.2558632791042328,-0.11166059970855713
1676,0.05654866776461628,-0.18720321357250214,0.03419937565922737
1677,0.21048670779051615,-0.08078517764806747,0.20132486522197723
1678,0.3738495257771854,0.05750845745205879,0.3772033154964447
1679,0.5309291584566751,0.2173672616481781,0.5466064214706421
1680,0.669159235214626,0.3844245374202728,0.6951166391372681
1681,0.7759733854366789,0.5418297052383423,0.8117074966430664
1682,0.8388052385084748,0.6728959083557129,0.8825124502182007
1683,0.8513716091228339,0.7638485431671143,0.8982634544372559
1684,0.8105309046261666,0.8054461479187012,0.8583639860153198
1685,0.7162831250184728,0.7931110858917236,0.7612217664718628
1686,0.5717698629533423,0.7263327836990356,0.6086064577102661
1687,0.3832743037379548,0.6083246469497681,0.40854474902153015
1688,0.15707963267948966,0.44626685976982117,0.17576095461845398
1689,-0.07225663103256524,0.251763254404068,-0.06985381245613098
1690,-0.289026524130261,0.040747374296188354,-0.30555105209350586
1691,-0.48380526865282814,-0.16789311170578003,-0.5090919733047485
1692,-0.6283185307179586,-0.3550530970096588,-0.664556622505188
1693,-0.713141532364883,-0.5045760869979858,-0.7564048767089844
1694,-0.7319910882864218,-0.6054685115814209,-0.7813774347305298
1695,-0.6880087911361648,-0.652445912361145,-0.7406667470932007
1696,-0.5874778262212914,-0.6452771425247192,-0.6381243467330933
1697,-0.43982297150257105,-0.587935209274292,-0.48346635699272156
1698,-0.2607521902479529,-0.48806527256965637,-0.2911902070045471
1699,-0.05969026041820607,-0.3564779758453369,-0.0799993947148323
1700,0.13823007675795088,-0.20615169405937195,0.1287611871957779
1701,0.3078760800517997,-0.05070360004901886,0.3146785795688629
1702,0.43982297150257105,0.09718341380357742,0.46178239583969116
1703,0.5246459731494955,0.22691556811332703,0.5580499172210693
1704,0.5560618996853934,0.3306528925895691,0.5974611043930054
1705,0.5372123437638546,0.40362510085105896,0.5835800170898438
1706,0.47438049069205873,0.4441142976284027,0.5231737494468689
1707,0.38013271108436497,0.45303571224212646,0.4244228005409241
1708,0.2607521902479529,0.4331786632537842,0.298096239566803
1709,0.13194689145077132,0.3883071541786194,0.15665841102600098
1710,0.0031415926535897933,0.3223615288734436,0.012467887252569199
1711,-0.11938052083641214,0.23901782929897308,-0.12340906262397766
1712,-0.2261946710584651,0.14174646139144897,-0.24194324016571045
1713,-0.3078760800517997,0.034221101552248,-0.3376132547855377
1714,-0.3675663404700058,-0.079274483025074,-0.4071788489818573
1715,-0.40212385965949354,-0.19360962510108948,-0.4480508863925934
1716,-0.41154863762026295,-0.30266839265823364,-0.4617965519428253
1717,-0.40212385965949354,-0.39932921528816223,-0.45173805952072144
1718,-0.37070793312359557,-0.47573748230934143,-0.418442964553833
1719,-0.3204424506661589,-0.5239536762237549,-0.3608672618865967
1720,-0.24190263432641407,-0.5368366241455078,-0.2783900499343872
1721,-0.14765485471872028,-0.5089340209960938,-0.17133772373199463
1722,-0.03455751918948772,-0.4372442364692688,-0.04198906570672989
1723,0.09424777960769379,-0.3218993842601776,0.10425566881895065
1724,0.2324778563656447,-0.16695910692214966,0.2588907778263092
1725,0.37070793312359557,0.018631208688020706,0.4104793667793274
1726,0.49637163926718736,0.22035622596740723,0.5459702014923096
1727,0.5937610115284709,0.4186972677707672,0.6527554988861084
1728,0.6534512719466771,0.5918072462081909,0.715282678604126
1729,0.6628760499074464,0.719799280166626,0.7231501340866089
1730,0.6188937527571892,0.7883846759796143,0.6743655204772949
1731,0.5215043804959058,0.789839506149292,0.5665357112884521
1732,0.3675663404700058,0.7219196557998657,0.4016101062297821
1733,0.17278759594743864,0.5870555639266968,0.1892750859260559
1734,-0.05654866776461628,0.3931547701358795,-0.05343754589557648
1735,-0.29216811678385074,0.15531441569328308,-0.30432555079460144
1736,-0.5089380098815465,-0.10353703796863556,-0.5375745296478271
1737,-0.6880087911361648,-0.3550776541233063,-0.7305700778961182
1738,-0.8168140899333461,-0.5713635683059692,-0.8659224510192871
1739,-0.8765043503515523,-0.7311697006225586,-0.9299843311309814
1740,-0.8607963870836034,-0.8230044841766357,-0.9206064939498901
1741,-0.7696902001294993,-0.8439178466796875,-0.8366296291351318
1742,-0.6188937527571892,-0.7969220876693726,-0.6843305826187134
1743,-0.4209734155810323,-0.6898530721664429,-0.4773313105106354
1744,-0.18849555921538758,-0.5357866287231445,-0.2361707091331482
1745,0.047123889803846894,-0.3530716001987457,0.01217159628868103
1746,0.257610597594363,-0.1632179468870163,0.23879696428775787
1747,0.4209734155810323,0.013103792443871498,0.42054876685142517
1748,0.5215043804959058,0.15989059209823608,0.5389150381088257
1749,0.5497787143782138,0.2676798105239868,0.5841281414031982
1750,0.5120796025351363,0.33345285058021545,0.5607895851135254
1751,0.4209734155810323,0.35987982153892517,0.4800795018672943
1752,0.2984513020910304,0.3548317849636078,0.35849660634994507
1753,0.16022122533307945,0.33067113161087036,0.21817238628864288
1754,0.03455751918948772,0.30247700214385986,0.08386485278606415
1755,-0.05654866776461628,0.2852681279182434,-0.020191211253404617
1756,-0.09738937226128358,0.291069358587265,-0.07033390551805496
1757,-0.06911503837897544,0.3266223967075348,-0.06171393394470215
1758,0.015707963267948967,0.39199283719062805,0.00468079000711441
1759,0.14765485471872028,0.4801182150840759,0.12354276329278946
1760,0.3204424506661589,0.5776704549789429,0.2799259126186371
1761,0.5026548245743669,0.6676357984542847,0.4515792727470398
1762,0.6754424205218055,0.7329660654067993,0.6140502691268921
1763,0.8073893119725768,0.7596101760864258,0.7470411062240601
1764,0.8890707209659116,0.7379152774810791,0.8291758298873901
1765,0.9016370915802706,0.6628023386001587,0.8442647457122803
1766,0.8388052385084748,0.5336477756500244,0.7898225784301758
1767,0.6974335690969341,0.3544809818267822,0.6650673151016235
1768,0.48380526865282814,0.13486948609352112,0.4748102128505707
1769,0.2261946710584651,-0.10874298214912415,0.23275595903396606
1770,-0.06283185307179587,-0.35328131914138794,-0.039378345012664795
1771,-0.3518583772020568,-0.5731569528579712,-0.31618472933769226
1772,-0.6188937527571892,-0.7466739416122437,-0.5706925392150879
1773,-0.8325220532012952,-0.8600869178771973,-0.7808446884155273
1774,-0.986460093227195,-0.9074314832687378,-0.9332566261291504
1775,-1.0712830948741194,-0.888340950012207,-1.0159038305282593
1776,-1.080707872834889,-0.8065230846405029,-1.028265357017517
1777,-1.0210176124166828,-0.6694433689117432,-0.9704117774963379
1778,-0.8922123136195013,-0.48831191658973694,-0.8467795848846436
1779,-0.7005751617505239,-0.2778053879737854,-0.6663342714309692
1780,-0.45553093477052,-0.055273860692977905,-0.44204825162887573
1781,-0.19477874452256716,0.1608462929725647,-0.19111044704914093
1782,0.07539822368615504,0.3532063066959381,0.06502485275268555
1783,0.3204424506661589,0.5075942277908325,0.3032435476779938
1784,0.5309291584566751,0.6141955852508545,0.503984808921814
1785,0.6848671984825748,0.6678785085678101,0.653273344039917
1786,0.7728317927830891,0.6677910089492798,0.7389954328536987
1787,0.7916813487046279,0.6167292594909668,0.7576947212219238
1788,0.7476990515543708,0.5205520391464233,0.7137895822525024
1789,0.6440264939859076,0.38770297169685364,0.6127674579620361
1790,0.48694686130641796,0.2288358062505722,0.46363961696624756
1791,0.2984513020910304,0.05647526681423187,0.280239462852478
1792,0.09424777960769379,-0.11552616953849792,0.0801701694726944
1793,-0.10995574287564276,-0.27299362421035767,-0.11696724593639374
1794,-0.29530970943744056,-0.402813583612442,-0.2917390763759613
1795,-0.43982297150257105,-0.49428221583366394,-0.4277048408985138
1796,-0.5246459731494955,-0.5400044918060303,-0.5093135833740234
1797,-0.5529203070318035,-0.5361858606338501,-0.5313503742218018
1798,-0.5183627878423158,-0.48253151774406433,-0.495110422372818
1799,-0.42411500823462206,-0.38218584656715393,-0.40274354815483093
1800,-0.2827433388230814,-0.24194979667663574,-0.26218754053115845
1801,-0.10681415022205297,-0.07258649170398712,-0.08675218373537064
1802,0.09110618695410401,0.11129596084356308,0.10555438697338104
1803,0.2796017461694916,0.292292058467865,0.29340386390686035
1804,0.44610615680975063,0.4523215889930725,0.4557790160179138
1805,0.5686282702997526,0.5753093957901001,0.5745124816894531
1806,0.6346017160251383,0.6493778228759766,0.6333209276199341
1807,0.6346017160251383,0.6677401065826416,0.6275979280471802
1808,0.5717698629533423,0.6284780502319336,0.5597338676452637
1809,0.44924774946334045,0.5341535806655884,0.43488574028015137
1810,0.2827433388230814,0.3919234573841095,0.26388847827911377
1811,0.08168140899333463,0.2138950079679489,0.06382197141647339
1812,-0.12252211349000193,0.016823308542370796,-0.1438501626253128
1813,-0.31730085801256913,-0.17953720688819885,-0.33605721592903137
1814,-0.47752208334564855,-0.35530129075050354,-0.4931056797504425
1815,-0.5874778262212914,-0.49359413981437683,-0.5971212387084961
1816,-0.6314601233715484,-0.5827218294143677,-0.63795006275177
1817,-0.6126105674500096,-0.6167371273040771,-0.6166152954101562
1818,-0.5309291584566751,-0.5948599576950073,-0.5340754985809326
1819,-0.3989822670059037,-0.5207750797271729,-0.3979218602180481
1820,-0.2261946710584651,-0.40232837200164795,-0.2217118740081787
1821,-0.03455751918948772,-0.25124529004096985,-0.023413091897964478
1822,0.16022122533307945,-0.08217234164476395,0.1761058270931244
1823,0.3361504139341079,0.0890980213880539,0.35621437430381775
1824,0.47752208334564855,0.24765673279762268,0.5001713037490845
1825,0.5686282702997526,0.38111716508865356,0.5947346687316895
1826,0.6094689747964198,0.48063570261001587,0.632620096206665
1827,0.5937610115284709,0.5413734912872314,0.6167967319488525
1828,0.5372123437638546,0.5624457597732544,0.5535435676574707
1829,0.43982297150257105,0.5463992357254028,0.450964093208313
1830,0.3204424506661589,0.49835553765296936,0.32033050060272217
1831,0.18221237390820802,0.4249631464481354,0.17528946697711945
1832,0.04084070449666732,0.33330056071281433,0.029832417145371437
1833,-0.08482300164692441,0.22997871041297913,-0.10349026322364807
1834,-0.1916371518689774,0.12070609629154205,-0.21477654576301575
1835,-0.2701769682087222,0.01030583307147026,-0.29751279950141907
1836,-0.31730085801256913,-0.0971325933933258,-0.3485274314880371
1837,-0.33929200658769765,-0.19818048179149628,-0.3694383203983307
1838,-0.3361504139341079,-0.2899530529975891,-0.3665878474712372
1839,-0.31730085801256913,-0.3698238134384155,-0.34630921483039856
1840,-0.29216811678385074,-0.4351031184196472,-0.31349268555641174
1841,-0.257610597594363,-0.48288092017173767,-0.27217572927474976
1842,-0.21991148575128552,-0.5101021528244019,-0.22536823153495789
1843,-0.1759291886010284,-0.5138282775878906,-0.17486508190631866
1844,-0.13194689145077132,-0.49161407351493835,-0.12183254957199097
1845,-0.08482300164692441,-0.44190743565559387,-0.06716793775558472
1846,-0.03455751918948772,-0.3643924593925476,-0.011151447892189026
1847,0.01884955592153876,-0.2602732479572296,0.04591397941112518
1848,0.07539822368615504,-0.13256829977035522,0.10304591059684753
1849,0.1288052987971815,0.013571208342909813,0.15861716866493225
1850,0.18221237390820802,0.1706700623035431,0.2104787826538086
1851,0.2324778563656447,0.3291529715061188,0.25617551803588867
1852,0.273318560862312,0.47822651267051697,0.29332706332206726
1853,0.3078760800517997,0.6073517799377441,0.3201616406440735
1854,0.3298672286269283,0.7078268527984619,0.3360854983329773
1855,0.33929200658769765,0.7738515138626099,0.34195053577423096
1856,0.3361504139341079,0.8027788400650024,0.33972224593162537
1857,0.33300882128051806,0.7947660684585571,0.3317584693431854
1858,0.32672563597333854,0.7522279024124146,0.32018014788627625
1859,0.31730085801256913,0.6793124675750732,0.3065246343612671
1860,0.3047344873982099,0.5813831090927124,0.29159483313560486
1861,0.289026524130261,0.4644680619239807,0.2754068970680237
1862,0.2701769682087222,0.3347545862197876,0.25719985365867615
1863,0.24504422698000386,0.19824157655239105,0.2355162650346756
1864,0.21048670779051615,0.060582615435123444,0.20841071009635925
1865,0.16964600329384882,-0.0729455053806305,0.1738463193178177
1866,0.12252211349000193,-0.19743569195270538,0.1302763670682907
1867,0.06283185307179587,-0.30836769938468933,0.07729418575763702
1868,-0.0031415926535897933,-0.40168341994285583,0.016136907041072845
1869,-0.06911503837897544,-0.4739101231098175,-0.050152942538261414
1870,-0.13823007675795088,-0.5223004817962646,-0.11698320508003235
1871,-0.19792033717615698,-0.5449711084365845,-0.17878684401512146
1872,-0.24504422698000386,-0.5410608053207397,-0.22964820265769958
1873,-0.27646015351590175,-0.5109201669692993,-0.2641535699367523
1874,-0.289026524130261,-0.4563118517398834,-0.2795540690422058
1875,-0.2827433388230814,-0.38057878613471985,-0.27739179134368896
1876,-0.2607521902479529,-0.2887354791164398,-0.26127684116363525
1877,-0.2324778563656447,-0.18742232024669647,-0.2347075343132019
1878,-0.19477874452256716,-0.08460985124111176,-0.2016521394252777
1879,-0.15707963267948966,0.011052295565605164,-0.1671501100063324
1880,-0.12252211349000193,0.09123622626066208,-0.1366036981344223
1881,-0.09738937226128358,0.1490902453660965,-0.11440850794315338
1882,-0.08482300164692441,0.18024447560310364,-0.10264365375041962
1883,-0.0879645943005142,0.18344782292842865,-0.10055285692214966
1884,-0.09110618695410401,0.1607913374900818,-0.10505536198616028
1885,-0.09738937226128358,0.11756747215986252,-0.11163383722305298
1886,-0.10053096491487339,0.0617789551615715,-0.11519837379455566
1887,-0.09424777960769379,0.003260398283600807,-0.11098034679889679
1888,-0.07853981633974483,-0.047571346163749695,-0.09459932148456573
1889,-0.047123889803846894,-0.0811721608042717,-0.061160579323768616
1890,0.006283185307179587,-0.09024281054735184,-0.006461810320615768
1891,0.07539822368615504,-0.07078440487384796,0.0699419230222702
1892,0.16336281798666927,-0.022777963429689407,0.16336189210414886
1893,0.2607521902479529,0.049496665596961975,0.264920711517334
1894,0.35499996985564664,0.1376035213470459,0.3633202910423279
1895,0.4303981935418017,0.2297905534505844,0.44598448276519775
1896,0.47752208334564855,0.3126230537891388,0.49859172105789185
1897,0.48694686130641796,0.3730853497982025,0.5099132657051086
1898,0.4523893421169302,0.40049082040786743,0.47668400406837463
1899,0.3738495257771854,0.3876919746398926,0.3973463177680969
1900,0.25132741228718347,0.33163997530937195,0.2733706831932068
1901,0.09424777960769379,0.23375791311264038,0.11209332197904587
1902,-0.09110618695410401,0.10044003278017044,-0.07333539426326752
1903,-0.273318560862312,-0.05664760619401932,-0.2651916742324829
1904,-0.44610615680975063,-0.2213176190853119,-0.4434606432914734
1905,-0.5874778262212914,-0.3752116560935974,-0.5913050174713135
1906,-0.6880087911361648,-0.5010988712310791,-0.6934406757354736
1907,-0.7257079029792423,-0.5855854749679565,-0.7365247011184692
1908,-0.7037167544041136,-0.6201897859573364,-0.7194527387619019
1909,-0.6188937527571892,-0.6010432243347168,-0.6404403448104858
1910,-0.48066367599923837,-0.5282527208328247,-0.5024166107177734
1911,-0.28588493147667116,-0.40569451451301575,-0.3142348527908325
1912,-0.06911503837897544,-0.2412644624710083,-0.08997642248868942
1913,0.16650441064025903,-0.04702093452215195,0.1517603099346161
1914,0.39584067435231396,0.16146694123744965,0.3898419737815857
1915,0.6031857894892403,0.36679279804229736,0.6032918691635132
1916,0.7696902001294993,0.5520169734954834,0.7764610052108765
1917,0.8859291283123216,0.7029633522033691,0.9003505706787109
1918,0.9487609813841175,0.809881329536438,0.9664367437362671
1919,0.9550441666912971,0.8679766654968262,0.9751298427581787
1920,0.9047786842338604,0.8768123388290405,0.9308805465698242
1921,0.8042477193189871,0.8391991853713989,0.8375414609909058
1922,0.669159235214626,0.7601830959320068,0.7012025117874146
1923,0.4995132319207771,0.6462404727935791,0.5306024551391602
1924,0.31101767270538955,0.5046161413192749,0.3366442918777466
1925,0.11623892818282235,0.3429498076438904,0.1320124864578247
1926,-0.07225663103256524,0.16932180523872375,-0.06931829452514648
1927,-0.24818581963359368,-0.007528483867645264,-0.2532775402069092
1928,-0.39584067435231396,-0.17822368443012238,-0.4095020890235901
1929,-0.5057964172279567,-0.33314982056617737,-0.5309451818466187
1930,-0.578053048260522,-0.46310797333717346,-0.6083160638809204
1931,-0.6063273821428301,-0.5600600242614746,-0.6377577781677246
1932,-0.5874778262212914,-0.6177804470062256,-0.6219120025634766
1933,-0.5277875658030853,-0.6322137117385864,-0.5617398023605347
1934,-0.4272566008882119,-0.6015356779098511,-0.4593816101551056
1935,-0.29530970943744056,-0.5261645317077637,-0.3194115459918976
1936,-0.13194689145077132,-0.40897050499916077,-0.14936333894729614
1937,0.0439822971502571,-0.2557104825973511,0.03950890153646469
1938,0.2293362637120549,-0.07552742958068848,0.23207871615886688
1939,0.39584067435231396,0.1187797412276268,0.41132625937461853
1940,0.5403539364174444,0.311165988445282,0.5621473789215088
1941,0.637743308678728,0.4839077591896057,0.6712262630462646
1942,0.6848671984825748,0.6202796697616577,0.7246772050857544
1943,0.6754424205218055,0.7072635889053345,0.7185437679290771
1944,0.6094689747964198,0.7368744611740112,0.653632640838623
1945,0.4900884539600077,0.7058758735656738,0.5314120650291443
1946,0.32672563597333854,0.6150320768356323,0.3582823872566223
1947,0.12252211349000193,0.4690228998661041,0.14685669541358948
1948,-0.09424777960769379,0.27708253264427185,-0.08542272448539734
1949,-0.31101767270538955,0.05357370898127556,-0.31813886761665344
1950,-0.5089380098815465,-0.18244577944278717,-0.5296645164489746
1951,-0.6723008278682158,-0.4092898368835449,-0.7037415504455566
1952,-0.7916813487046279,-0.6062053442001343,-0.8302133083343506
1953,-0.8545132017764238,-0.7571465969085693,-0.8986324071884155
1954,-0.8607963870836034,-0.8529082536697388,-0.9095178842544556
1955,-0.8168140899333461,-0.8908509016036987,-0.8652764558792114
1956,-0.7288494956328321,-0.873304009437561,-0.771185040473938
1957,-0.5969026041820608,-0.8061991930007935,-0.6360127925872803
1958,-0.44610615680975063,-0.6983095407485962,-0.4711969196796417
1959,-0.2796017461694916,-0.5604020357131958,-0.29038092494010925
1960,-0.10681415022205297,-0.40386390686035156,-0.1083163172006607
1961,0.0439822971502571,-0.23922255635261536,0.06110797077417374
1962,0.1790707812546182,-0.07522634416818619,0.20702509582042694
1963,0.2796017461694916,0.08139157295227051,0.3226054012775421
1964,0.35499996985564664,0.22585004568099976,0.4046665132045746
1965,0.3989822670059037,0.35519587993621826,0.45453810691833496
1966,0.42411500823462206,0.467983603477478,0.47839248180389404
1967,0.4303981935418017,0.563694953918457,0.48458465933799744
1968,0.4303981935418017,0.6420508623123169,0.4807469844818115
1969,0.4303981935418017,0.7023388147354126,0.47256603837013245
1970,0.4303981935418017,0.7428774833679199,0.46327149868011475
1971,0.4303981935418017,0.7608591318130493,0.45338666439056396
1972,0.4303981935418017,0.7527446746826172,0.44089534878730774
1973,0.42411500823462206,0.7150695323944092,0.42176058888435364
1974,0.4052654523130833,0.6452654600143433,0.39064082503318787
1975,0.3675663404700058,0.5422656536102295,0.34210625290870667
1976,0.3078760800517997,0.4070395231246948,0.27246806025505066
1977,0.22305307840487532,0.2433100789785385,0.18128901720046997
1978,0.11938052083641214,0.0584493950009346,0.0722178965806961
1979,-0.0031415926535897933,-0.13583900034427643,-0.046969152987003326
1980,-0.12566370614359174,-0.3238255977630615,-0.16533847153186798
1981,-0.23876104167282428,-0.4877830445766449,-0.27096763253211975
1982,-0.32358404331974866,-0.6113848686218262,-0.35169973969459534
1983,-0.37699111843077515,-0.6826819181442261,-0.39377444982528687
1984,-0.38641589639154456,-0.695071816444397,-0.3925020098686218
1985,-0.3518583772020568,-0.6466395854949951,-0.3491038978099823
1986,-0.27646015351590175,-0.539475679397583,-0.2643953263759613
1987,-0.16336281798666927,-0.37990155816078186,-0.143853098154068
1988,-0.02199114857512855,-0.1792878359556198,0.0016796104609966278
1989,0.12566370614359174,0.04547973722219467,0.15707772970199585
1990,0.2701769682087222,0.27292850613594055,0.3049962520599365
1991,0.39269908169872414,0.479995459318161,0.4291587173938751
1992,0.48380526865282814,0.646443247795105,0.5149990916252136
1993,0.5277875658030853,0.7584697008132935,0.5515646934509277
1994,0.5183627878423158,0.8096424341201782,0.5384571552276611
1995,0.47123889803846897,0.7996735572814941,0.48005372285842896
1996,0.38013271108436497,0.7330453395843506,0.3832731246948242
1997,0.2670353755551324,0.6185810565948486,0.25958728790283203
1998,0.1413716694115407,0.46934327483177185,0.12456319481134415
1999,0.01884955592153876,0.3016487658023834,-0.004785832017660141
2000,-0.08482300164692441,0.1328401416540146,-0.11302214860916138
2001,-0.15393804002589986,-0.021387740969657898,-0.1858348548412323
2002,-0.18535396656179778,-0.1490386426448822,-0.21463584899902344
2003,-0.1759291886010284,-0.24281546473503113,-0.20318207144737244
2004,-0.13823007675795088,-0.3003116846084595,-0.15784487128257751
2005,-0.07539822368615504,-0.32378146052360535,-0.08790513873100281
2006,-0.006283185307179587,-0.31961238384246826,-0.007198158651590347
2007,0.05969026041820607,-0.2973562479019165,0.06835474818944931
2008,0.10367255756846318,-0.2682015299797058,0.12225011736154556
2009,0.11623892818282235,-0.24301210045814514,0.14159387350082397
2010,0.09424777960769379,-0.23036283254623413,0.12180497497320175
2011,0.03769911184307752,-0.23506847023963928,0.06255389004945755
2012,-0.05026548245743669,-0.2574557662010193,-0.03161678463220596
2013,-0.16022122533307945,-0.29335856437683105,-0.1502452939748764
2014,-0.2827433388230814,-0.3347967565059662,-0.2782374918460846
2015,-0.39584067435231396,-0.37134742736816406,-0.3985856771469116
2016,-0.48380526865282814,-0.3920099437236786,-0.4951082170009613
2017,-0.5340707511102648,-0.38705578446388245,-0.5490034818649292
2018,-0.5340707511102648,-0.3493958115577698,-0.5517313480377197
2019,-0.48066367599923837,-0.2753960192203522,-0.5019687414169312
2020,-0.3738495257771854,-0.1654212921857834,-0.3977636992931366
2021,-0.22305307840487532,-0.024405568838119507,-0.24419572949409485
2022,-0.04084070449666732,0.13762426376342773,-0.05381520837545395
2023,0.16336281798666927,0.3057767450809479,0.15508857369422913
2024,0.3612831551628262,0.46221214532852173,0.3603060245513916
2025,0.5340707511102648,0.5896152257919312,0.5396080017089844
2026,0.6628760499074464,0.6744965314865112,0.6752822399139404
2027,0.7351326809400116,0.7086758613586426,0.751129150390625
2028,0.7414158662471911,0.689043402671814,0.7610021829605103
2029,0.6880087911361648,0.6168808937072754,0.707932710647583
2030,0.578053048260522,0.4976760149002075,0.5970702171325684
2031,0.4209734155810323,0.341372549533844,0.4386313855648041
2032,0.23561944901923448,0.16233251988887787,0.24885576963424683
2033,0.04084070449666732,-0.021832000464200974,0.0483049638569355
2034,-0.1445132620651305,-0.19279678165912628,-0.14122919738292694
2035,-0.29530970943744056,-0.33457210659980774,-0.30073291063308716
2036,-0.40212385965949354,-0.43570953607559204,-0.41452351212501526
2037,-0.4523893421169302,-0.49004486203193665,-0.4714590013027191
2038,-0.4523893421169302,-0.49642595648765564,-0.47416260838508606
2039,-0.40212385965949354,-0.45821478962898254,-0.42757105827331543
2040,-0.31730085801256913,-0.3828864097595215,-0.34047412872314453
2041,-0.21048670779051615,-0.28141966462135315,-0.2264186441898346
2042,-0.09110618695410401,-0.1670527309179306,-0.10126622021198273
2043,0.01884955592153876,-0.0534379780292511,0.018879994750022888
2044,0.10995574287564276,0.0472554937005043,0.11929063498973846
2045,0.17278759594743864,0.12571872770786285,0.1872280389070511
2046,0.19477874452256716,0.1761956363916397,0.21619869768619537
2047,0.18221237390820802,0.1966904103755951,0.20884841680526733
2048,0.1413716694115407,0.1888938993215561,0.17131006717681885
2049,0.08168140899333463,0.15780732035636902,0.11135298758745193
2050,0.012566370614359173,0.1109330803155899,0.03902217373251915
2051,-0.053407075111026485,0.05706280469894409,-0.034047916531562805
2052,-0.10995574287564276,0.004936447367072105,-0.09633494913578033
2053,-0.1445132620651305,-0.03788299113512039,-0.13765211403369904
2054,-0.15393804002589986,-0.06572572141885757,-0.15207673609256744
2055,-0.1350884841043611,-0.07515189051628113,-0.14037968218326569
2056,-0.09738937226128358,-0.06504634022712708,-0.10578913986682892
2057,-0.04084070449666732,-0.03653649985790253,-0.051124460995197296
2058,0.031415926535897934,0.007314631715416908,0.018704921007156372
2059,0.10995574287564276,0.062074486166238785,0.09668312221765518
2060,0.18849555921538758,0.1226620078086853,0.1751885861158371
2061,0.257610597594363,0.18402869999408722,0.24686148762702942
2062,0.3141592653589793,0.24164949357509613,0.3051375150680542
2063,0.3518583772020568,0.29179903864860535,0.3451557755470276
2064,0.37070793312359557,0.33167576789855957,0.3649856448173523
2065,0.3675663404700058,0.35942596197128296,0.36601555347442627
2066,0.3518583772020568,0.3740692138671875,0.3514748811721802
2067,0.32358404331974866,0.3753242790699005,0.3244268596172333
2068,0.2827433388230814,0.36338984966278076,0.2871907651424408
2069,0.23561944901923448,0.33877208828926086,0.24177876114845276
2070,0.1790707812546182,0.30223456025123596,0.19027194380760193
2071,0.12252211349000193,0.25488942861557007,0.13506892323493958
2072,0.06283185307179587,0.19838710129261017,0.07913976907730103
2073,0.00942477796076938,0.1351224184036255,0.025937916710972786
2074,-0.03769911184307752,0.0683727115392685,-0.020841144025325775
2075,-0.07225663103256524,0.0023025907576084137,-0.05730487406253815
2076,-0.09424777960769379,-0.05820826441049576,-0.07987941801548004
2077,-0.09738937226128358,-0.10793891549110413,-0.08679046481847763
2078,-0.0879645943005142,-0.14188362658023834,-0.07877422869205475
2079,-0.06283185307179587,-0.1559145599603653,-0.05705743283033371
2080,-0.02199114857512855,-0.14743594825267792,-0.021716132760047913
2081,0.031415926535897934,-0.11593089997768402,0.02671632170677185
2082,0.09738937226128358,-0.06334290653467178,0.08515270054340363
2083,0.16336281798666927,0.0057484060525894165,0.14768299460411072
2084,0.22305307840487532,0.08423423767089844,0.20636378228664398
2085,0.2701769682087222,0.16296598315238953,0.2521399259567261
2086,0.2984513020910304,0.23167425394058228,0.2763870358467102
2087,0.29216811678385074,0.28020673990249634,0.27411118149757385
2088,0.2607521902479529,0.2998197674751282,0.24304808676242828
2089,0.19477874452256716,0.28424927592277527,0.1809646040201187
2090,0.09738937226128358,0.23047786951065063,0.08806850016117096
2091,-0.025132741228718346,0.13932187855243683,-0.03092818707227707
2092,-0.16650441064025903,0.01593516394495964,-0.16696667671203613
2093,-0.3141592653589793,-0.12996774911880493,-0.30770352482795715
2094,-0.44924774946334045,-0.2846633791923523,-0.4395143687725067
2095,-0.562345084992573,-0.4321320950984955,-0.5505697727203369
2096,-0.6440264939859076,-0.5566790103912354,-0.628947377204895
2097,-0.6817256058289851,-0.6454888582229614,-0.6629747152328491
2098,-0.669159235214626,-0.690093994140625,-0.6512445211410522
2099,-0.6094689747964198,-0.6865489482879639,-0.5934159755706787
2100,-0.5026548245743669,-0.6349657773971558,-0.491254061460495
2101,-0.36442474781641604,-0.5391453504562378,-0.3512827754020691
2102,-0.1916371518689774,-0.40650415420532227,-0.18439988791942596
2103,-0.00942477796076938,-0.24797114729881287,-0.005436006933450699
2104,0.16650441064025903,-0.07736654579639435,0.16828136146068573
2105,0.3204424506661589,0.0900152251124382,0.31990355253219604
2106,0.4366813788489812,0.2393987774848938,0.43499109148979187
2107,0.5057964172279567,0.3584751486778259,0.5008405447006226
2108,0.5183627878423158,0.4387196898460388,0.5129860639572144
2109,0.48380526865282814,0.47590845823287964,0.4748811423778534
2110,0.40212385965949354,0.4700656831264496,0.3921757936477661
2111,0.28588493147667116,0.4251733422279358,0.27411189675331116
2112,0.14765485471872028,0.34875980019569397,0.13437192142009735
2113,0.006283185307179587,0.25124555826187134,-0.010440755635499954
2114,-0.1288052987971815,0.14491139352321625,-0.1433935910463333
2115,-0.2324778563656447,0.04257601872086525,-0.24902915954589844
2116,-0.2984513020910304,-0.043760403990745544,-0.3108343780040741
2117,-0.3141592653589793,-0.10406696796417236,-0.32202771306037903
2118,-0.2796017461694916,-0.13112834095954895,-0.2843433916568756
2119,-0.19477874452256716,-0.12111195921897888,-0.1983030140399933
2120,-0.07225663103256524,-0.07392915338277817,-0.06928762793540955
2121,0.08482300164692441,0.006584664806723595,0.09200312197208405
2122,0.25446900494077324,0.11275843530893326,0.27075740694999695
2123,0.4303981935418017,0.23360291123390198,0.449028879404068
2124,0.5874778262212914,0.35586947202682495,0.6084238290786743
2125,0.713141532364883,0.4656018614768982,0.7341605424880981
2126,0.7853981633974483,0.549893856048584,0.810782790184021
2127,0.8073893119725768,0.5983613729476929,0.8278034925460815
2128,0.7665486074759096,0.6039291620254517,0.7843631505966187
2129,0.6628760499074464,0.5629895925521851,0.6793237924575806
2130,0.5026548245743669,0.47539588809013367,0.5150420665740967
2131,0.2984513020910304,0.344732403755188,0.30062469840049744
2132,0.053407075111026485,0.1789143681526184,0.052466776221990585
2133,-0.20106192982974677,-0.009335681796073914,-0.2080555111169815
2134,-0.4429645641561608,-0.20290568470954895,-0.45632457733154297
2135,-0.6503096792930871,-0.38217979669570923,-0.6682107448577881
2136,-0.8011061266653973,-0.5281451940536499,-0.8255808353424072
2137,-0.8827875356587318,-0.6254787445068359,-0.9104019403457642
2138,-0.8859291283123216,-0.6641883850097656,-0.917782187461853
2139,-0.8073893119725768,-0.6395262479782104,-0.8426344394683838
2140,-0.6503096792930871,-0.5513122081756592,-0.6856778860092163
2141,-0.4272566008882119,-0.403995543718338,-0.4556131064891815
2142,-0.14765485471872028,-0.20774932205677032,-0.1693340241909027
2143,0.16650441064025903,0.020356930792331696,0.14715570211410522
2144,0.4680973053848792,0.25673723220825195,0.46174782514572144
2145,0.7382742735936014,0.4743862748146057,0.7407503128051758
2146,0.9424777960769379,0.6481424570083618,0.9546246528625488
2147,1.0618583169133502,0.7594904899597168,1.081928014755249
2148,1.0869910581420683,0.7981791496276855,1.1135389804840088
2149,1.0147344271095031,0.7608335018157959,1.0461053848266602
2150,0.8482300164692441,0.649368405342102,0.8815250396728516
2151,0.5969026041820608,0.4713991582393646,0.6296284198760986
2152,0.289026524130261,0.24222905933856964,0.3119983673095703
2153,-0.053407075111026485,-0.014124158769845963,-0.03797247260808945
2154,-0.39584067435231396,-0.26739537715911865,-0.3835572898387909
2155,-0.6848671984825748,-0.4870280921459198,-0.6865847110748291
2156,-0.9173450548482196,-0.6486368179321289,-0.9168213605880737
2157,-1.046150353645401,-0.7373329401016235,-1.0543241500854492
2158,-1.0712830948741194,-0.7469152212142944,-1.0914465188980103
2159,-0.9927432785343747,-0.6774061918258667,-1.0239759683609009
2160,-0.8136724972797564,-0.5341156721115112,-0.8559848070144653
2161,-0.5560618996853934,-0.32917243242263794,-0.6007243394851685
2162,-0.2324778563656447,-0.08347505331039429,-0.28086888790130615
2163,0.10995574287564276,0.17429368197917938,0.07033474743366241
2164,0.43982297150257105,0.4127238988876343,0.41276076436042786
2165,0.7257079029792423,0.6043076515197754,0.7090332508087158
2166,0.9330530181161686,0.7299661636352539,0.92789626121521
2167,1.049291946298991,0.7796400785446167,1.0485084056854248
2168,1.0587167242597602,0.7502627372741699,1.0665311813354492
2169,0.9676105373056563,0.644036054611206,0.9828519821166992
2170,0.7791149780902686,0.46886855363845825,0.8038945198059082
2171,0.515221195188726,0.24024434387683868,0.5436960458755493
2172,0.19792033717615698,-0.018405698239803314,0.22676922380924225
2173,-0.1413716694115407,-0.2789213955402374,-0.11446972191333771
2174,-0.47752208334564855,-0.5138354301452637,-0.44701439142227173
2175,-0.7634070148223198,-0.7010946273803711,-0.7384548187255859
2176,-0.9896016858807849,-0.8265633583068848,-0.9680503606796265
2177,-1.1372565405995052,-0.8841888904571533,-1.1230196952819824
2178,-1.2063715789784806,-0.8744311332702637,-1.1985068321228027
2179,-1.1969468010177111,-0.8023717403411865,-1.1947931051254272
2180,-1.108982206717197,-0.6766772270202637,-1.1140170097351074
2181,-0.9550441666912971,-0.5090919733047485,-0.962387204170227
2182,-0.7351326809400116,-0.31349247694015503,-0.7495409250259399
2183,-0.47123889803846897,-0.1044008731842041,-0.48859676718711853
2184,-0.1759291886010284,0.10420460999011993,-0.19597899913787842
2185,0.1288052987971815,0.29940563440322876,0.10714054107666016
2186,0.41154863762026295,0.46993932127952576,0.3968086838722229
2187,0.6597344572538566,0.6073166131973267,0.6521791219711304
2188,0.8670795723907829,0.7066860198974609,0.8588340282440186
2189,1.0115928344559133,0.7667355537414551,1.0103946924209595
2190,1.0964158361028378,0.7888921499252319,1.1008601188659668
2191,1.124690169985146,0.7763886451721191,1.1302696466445923
2192,1.0901326507956584,0.7334761619567871,1.102969765663147
2193,1.0084512418023235,0.664852499961853,1.0219056606292725
2194,0.8733627576979625,0.5753962993621826,0.8920674324035645
2195,0.7037167544041136,0.47019580006599426,0.7210875749588013
2196,0.4995132319207771,0.3546442985534668,0.5192134380340576
2197,0.28588493147667116,0.23439481854438782,0.299592524766922
2198,0.06597344572538566,0.11520814895629883,0.0782652422785759
2199,-0.13823007675795088,0.0027975905686616898,-0.12695199251174927
2200,-0.3078760800517997,-0.09737828373908997,-0.3019114136695862
2201,-0.4303981935418017,-0.18050351738929749,-0.43654635548591614
2202,-0.5089380098815465,-0.2429383397102356,-0.5197937488555908
2203,-0.5340707511102648,-0.28267303109169006,-0.5499193668365479
2204,-0.515221195188726,-0.299530953168869,-0.5326379537582397
2205,-0.4523893421169302,-0.29512012004852295,-0.4737929403781891
2206,-0.3581415625092364,-0.27259930968284607,-0.38204801082611084
2207,-0.24504422698000386,-0.2362983524799347,-0.2684740424156189
2208,-0.12252211349000193,-0.19121500849723816,-0.14543214440345764
2209,-0.006283185307179587,-0.14243656396865845,-0.025558385998010635
2210,0.09424777960769379,-0.09454680979251862,0.07911805808544159
2211,0.16650441064025903,-0.05108267068862915,0.15862250328063965
2212,0.21362830044410594,-0.014129523187875748,0.2076498121023178
2213,0.2261946710584651,0.015843108296394348,0.22670772671699524
2214,0.21362830044410594,0.03985336050391197,0.2213173806667328
2215,0.18849555921538758,0.06002487987279892,0.19886444509029388
2216,0.15393804002589986,0.07903443276882172,0.16687315702438354
2217,0.11938052083641214,0.09947260469198227,0.1329517513513565
2218,0.0879645943005142,0.12320000678300858,0.10401847958564758
2219,0.06911503837897544,0.15080291032791138,0.0847196877002716
2220,0.06283185307179587,0.18125925958156586,0.07658649981021881
2221,0.06597344572538566,0.2119026929140091,0.07835900783538818
2222,0.06911503837897544,0.23871971666812897,0.08619819581508636
2223,0.07225663103256524,0.2569502592086792,0.09531693160533905
2224,0.07225663103256524,0.2618829011917114,0.1016257256269455
2225,0.07225663103256524,0.24968671798706055,0.10213974118232727
2226,0.06597344572538566,0.21812917292118073,0.0951017439365387
2227,0.05654866776461628,0.1670992374420166,0.07978358864784241
2228,0.04084070449666732,0.09891193360090256,0.05652627721428871
2229,0.015707963267948967,0.018356943503022194,0.027300670742988586
2230,-0.006283185307179587,-0.06760026514530182,-0.004070978611707687
2231,-0.031415926535897934,-0.15056197345256805,-0.03246711939573288
2232,-0.047123889803846894,-0.22185266017913818,-0.05255075544118881
2233,-0.05026548245743669,-0.2738310992717743,-0.06051107496023178
2234,-0.0439822971502571,-0.3010007441043854,-0.05567862093448639
2235,-0.031415926535897934,-0.3006909191608429,-0.03995485603809357
2236,-0.00942477796076938,-0.27333155274391174,-0.01604008674621582
2237,0.015707963267948967,-0.2224523425102234,0.012703444808721542
2238,0.0439822971502571,-0.15445581078529358,0.041376255452632904
2239,0.06283185307179587,-0.07806479930877686,0.0638686865568161
2240,0.07225663103256524,-0.0033353865146636963,0.07473452389240265
2241,0.06283185307179587,0.059693604707717896,0.0709633082151413
2242,0.0439822971502571,0.1024179458618164,0.051281675696372986
2243,0.0031415926535897933,0.11881080269813538,0.014672262594103813
2244,-0.05026548245743669,0.1061273068189621,-0.038611166179180145
2245,-0.11623892818282235,0.06522325426340103,-0.1053297221660614
2246,-0.1916371518689774,0.0005653537809848785,-0.17904584109783173
2247,-0.26389378290154264,-0.08012492209672928,-0.25116854906082153
2248,-0.32358404331974866,-0.16673149168491364,-0.312059223651886
2249,-0.3581415625092364,-0.24809175729751587,-0.35146862268447876
2250,-0.3675663404700058,-0.3135344982147217,-0.36246925592422485
2251,-0.3455751918948773,-0.35417696833610535,-0.34418541193008423
2252,-0.29530970943744056,-0.36371180415153503,-0.2958509922027588
2253,-0.21362830044410594,-0.3387151062488556,-0.21728721261024475
2254,-0.10681415022205297,-0.2787077724933624,-0.11189693212509155
2255,0.02199114857512855,-0.18616624176502228,0.013623323291540146
2256,0.16022122533307945,-0.06649851053953171,0.15010139346122742
2257,0.29216811678385074,0.07217773795127869,0.2866918742656708
2258,0.4146902302738527,0.219636008143425,0.4123287498950958
2259,0.515221195188726,0.36455056071281433,0.5174763202667236
2260,0.5906194188748811,0.49576714634895325,0.5941677093505859
2261,0.6314601233715484,0.6035854816436768,0.6360260248184204
2262,0.637743308678728,0.6807653903961182,0.6425075531005859
2263,0.6126105674500096,0.7230197191238403,0.6172455549240112
2264,0.5592034923389833,0.7289514541625977,0.5632385015487671
2265,0.48066367599923837,0.6996351480484009,0.48393112421035767
2266,0.38641589639154456,0.6381081342697144,0.38470223546028137
2267,0.273318560862312,0.5489132404327393,0.2725318670272827
2268,0.16022122533307945,0.4377310574054718,0.1553439199924469
2269,0.047123889803846894,0.31110602617263794,0.04163666442036629
2270,-0.05026548245743669,0.17624253034591675,-0.06051485985517502
2271,-0.1350884841043611,0.040788039565086365,-0.14462615549564362
2272,-0.19792033717615698,-0.08750150352716446,-0.20502878725528717
2273,-0.2324778563656447,-0.20124435424804688,-0.23775306344032288
2274,-0.23876104167282428,-0.2939956486225128,-0.24408107995986938
2275,-0.22305307840487532,-0.36077094078063965,-0.22819986939430237
2276,-0.1916371518689774,-0.3984247148036957,-0.1932457685470581
2277,-0.1413716694115407,-0.4058343470096588,-0.14243938028812408
2278,-0.07853981633974483,-0.3839152455329895,-0.08036376535892487
2279,-0.012566370614359173,-0.3355318307876587,-0.012780800461769104
2280,0.05026548245743669,-0.26534751057624817,0.05350140109658241
2281,0.10681415022205297,-0.1795976758003235,0.11102823168039322
2282,0.14765485471872028,-0.08573000878095627,0.15299661457538605
2283,0.16964600329384882,0.008128456771373749,0.17484402656555176
2284,0.16964600329384882,0.09386995434761047,0.17558498680591583
2285,0.15079644737231007,0.16419726610183716,0.156823068857193
2286,0.11623892818282235,0.21337538957595825,0.12044361978769302
2287,0.06283185307179587,0.23779812455177307,0.06875977665185928
2288,-0.0031415926535897933,0.23628324270248413,0.0057912226766347885
2289,-0.07225663103256524,0.21009939908981323,-0.06253880262374878
2290,-0.13823007675795088,0.16276924312114716,-0.1290646195411682
2291,-0.19477874452256716,0.099672831594944,-0.1860438883304596
2292,-0.23561944901923448,0.027453314512968063,-0.2259296476840973
2293,-0.25132741228718347,-0.046737171709537506,-0.24382618069648743
2294,-0.24504422698000386,-0.11605580151081085,-0.24009853601455688
2295,-0.21991148575128552,-0.17471371591091156,-0.21744650602340698
2296,-0.1759291886010284,-0.21852901577949524,-0.17791788280010223
2297,-0.12252211349000193,-0.2452273964881897,-0.12461061775684357
2298,-0.05654866776461628,-0.2544848322868347,-0.06293883174657822
2299,0.006283185307179587,-0.24773144721984863,0.00012369826436042786
2300,0.06597344572538566,-0.22774958610534668,0.057107724249362946
2301,0.10995574287564276,-0.198112353682518,0.10106062144041061
2302,0.1350884841043611,-0.16254234313964844,0.12717285752296448
2303,0.1413716694115407,-0.1242956668138504,0.134537011384964
2304,0.1288052987971815,-0.08568013459444046,0.12584897875785828
2305,0.10681415022205297,-0.04778124392032623,0.105463407933712
2306,0.07539822368615504,-0.010420620441436768,0.07845059037208557
2307,0.0439822971502571,0.02766885980963707,0.05065111815929413
2308,0.01884955592153876,0.06848062574863434,0.028365910053253174
2309,0.0031415926535897933,0.11422373354434967,0.017077678814530373
2310,0.006283185307179587,0.16672123968601227,0.019703533500432968
2311,0.025132741228718346,0.22680044174194336,0.03672407940030098
2312,0.05969026041820607,0.2937704026699066,0.06863634288311005
2313,0.10995574287564276,0.3650903105735779,0.11622060090303421
2314,0.1759291886010284,0.43632882833480835,0.17746517062187195
2315,0.24818581963359368,0.5014867782592773,0.24642781913280487
2316,0.3204424506661589,0.5536539554595947,0.31495460867881775
2317,0.38013271108436497,0.5858383178710938,0.3739243149757385
2318,0.42411500823462206,0.5917330980300903,0.4136503040790558
2319,0.4366813788489812,0.5662598609924316,0.4263966679573059
2320,0.4209734155810323,0.5058995485305786,0.40901148319244385
2321,0.37070793312359557,0.40896737575531006,0.35916224122047424
2322,0.28588493147667116,0.27602529525756836,0.27483999729156494
2323,0.16964600329384882,0.11055966466665268,0.1571703851222992
2324,0.02199114857512855,-0.08015694469213486,0.011368403211236
2325,-0.1445132620651305,-0.28446292877197266,-0.15366722643375397
2326,-0.31730085801256913,-0.4867578446865082,-0.3260798752307892
2327,-0.4932300466135975,-0.6696083545684814,-0.4923416078090668
2328,-0.6440264939859076,-0.817031741142273,-0.6402127742767334
2329,-0.7665486074759096,-0.917275071144104,-0.761526346206665
2330,-0.8513716091228339,-0.9636428356170654,-0.8459635972976685
2331,-0.8890707209659116,-0.9536217451095581,-0.8831120729446411
2332,-0.8796459430051421,-0.8877233266830444,-0.8713958263397217
2333,-0.8136724972797564,-0.768912672996521,-0.808292031288147
2334,-0.6942919764433443,-0.602440357208252,-0.6930042505264282
2335,-0.5309291584566751,-0.3958483040332794,-0.5281164646148682
2336,-0.32672563597333854,-0.15933842957019806,-0.3201557993888855
2337,-0.0879645943005142,0.093634694814682,-0.08033038675785065
2338,0.16022122533307945,0.3462966978549957,0.17561694979667664
2339,0.40840704496667307,0.5798851251602173,0.42912259697914124
2340,0.6408849013323178,0.7765754461288452,0.6605736017227173
2341,0.835663645854885,0.922843337059021,0.8536412715911865
2342,0.986460093227195,1.0113213062286377,1.000307321548462
2343,1.077566280181299,1.0403484106063843,1.091610074043274
2344,1.1152653920243765,1.0123873949050903,1.123656988143921
2345,1.093274243449248,0.9328756332397461,1.0995547771453857
2346,1.017876019763093,0.8097918033599854,1.021296739578247
2347,0.8984954989266809,0.6533606052398682,0.89351487159729
2348,0.7319910882864218,0.4756174385547638,0.7245035171508789
2349,0.5372123437638546,0.289874404668808,0.5260058045387268
2350,0.3298672286269283,0.10989409685134888,0.31292617321014404
2351,0.11938052083641214,-0.051398493349552155,0.10228237509727478
2352,-0.07225663103256524,-0.18332307040691376,-0.08866828680038452
2353,-0.2293362637120549,-0.2784042954444885,-0.24634823203086853
2354,-0.3424335992412874,-0.3327217996120453,-0.3599214553833008
2355,-0.4052654523130833,-0.345864862203598,-0.4201689660549164
2356,-0.4178318229274425,-0.3206786513328552,-0.42984873056411743
2357,-0.38641589639154456,-0.26283133029937744,-0.3949235677719116
2358,-0.3204424506661589,-0.1802016794681549,-0.3225441873073578
2359,-0.2261946710584651,-0.08214308321475983,-0.22282332181930542
2360,-0.11623892818282235,0.021306514739990234,-0.10768696665763855
2361,-0.0031415926535897933,0.12022966146469116,0.010207297280430794
2362,0.10367255756846318,0.20559123158454895,0.11820006370544434
2363,0.18849555921538758,0.26985621452331543,0.20410077273845673
2364,0.24504422698000386,0.3073973059654236,0.25829511880874634
2365,0.2670353755551324,0.31470000743865967,0.27691277861595154
2366,0.25446900494077324,0.29040852189064026,0.26114803552627563
2367,0.21048670779051615,0.2352580726146698,0.21348577737808228
2368,0.13823007675795088,0.1519656479358673,0.1371300220489502
2369,0.0439822971502571,0.04515187442302704,0.03761817887425423
2370,-0.06597344572538566,-0.0787133052945137,-0.07710453122854233
2371,-0.18221237390820802,-0.21146827936172485,-0.19780927896499634
2372,-0.2984513020910304,-0.3437015116214752,-0.31490737199783325
2373,-0.40212385965949354,-0.4655614495277405,-0.41938796639442444
2374,-0.48694686130641796,-0.5677958726882935,-0.5037888288497925
2375,-0.546637121724624,-0.6426994800567627,-0.5605438947677612
2376,-0.5749114556069321,-0.6846704483032227,-0.5840619802474976
2377,-0.5686282702997526,-0.6903027296066284,-0.5743458271026611
2378,-0.5277875658030853,-0.6581908464431763,-0.5314162969589233
2379,-0.45553093477052,-0.5887044668197632,-0.4554376006126404
2380,-0.3518583772020568,-0.4839029014110565,-0.34868669509887695
2381,-0.22305307840487532,-0.34764060378074646,-0.21572531759738922
2382,-0.07225663103256524,-0.18582122027873993,-0.06365738809108734
2383,0.0879645943005142,-0.006679270416498184,0.09775412082672119
2384,0.24190263432641407,0.17914816737174988,0.2567805051803589
2385,0.3832743037379548,0.35909050703048706,0.4013251066207886
2386,0.5026548245743669,0.5198845863342285,0.5207560062408447
2387,0.5874778262212914,0.6494030952453613,0.6055089235305786
2388,0.6314601233715484,0.7383712530136108,0.6473448276519775
2389,0.6314601233715484,0.7812250852584839,0.6455413103103638
2390,0.5906194188748811,0.7759860754013062,0.6028083562850952
2391,0.515221195188726,0.723688006401062,0.5215897560119629
2392,0.4052654523130833,0.6279338598251343,0.4068923592567444
2393,0.273318560862312,0.4947238564491272,0.267173171043396
2394,0.12566370614359174,0.3323782682418823,0.11342757940292358
2395,-0.02827433388230814,0.15135428309440613,-0.041751615703105927
2396,-0.16650441064025903,-0.036200933158397675,-0.18538644909858704
2397,-0.28588493147667116,-0.21730491518974304,-0.3068426847457886
2398,-0.38013271108436497,-0.37943658232688904,-0.39861586689949036
2399,-0.43353978619539146,-0.5120165348052979,-0.45375344157218933
2400,-0.4523893421169302,-0.607571005821228,-0.4714420735836029
2401,-0.43982297150257105,-0.6621698141098022,-0.45643481612205505
2402,-0.3989822670059037,-0.6751348972320557,-0.41306352615356445
2403,-0.3361504139341079,-0.6483618021011353,-0.34636563062667847
2404,-0.2607521902479529,-0.585599422454834,-0.2625553011894226
2405,-0.17278759594743864,-0.4918302595615387,-0.16824547946453094
2406,-0.07853981633974483,-0.37276917695999146,-0.07001251727342606
2407,0.00942477796076938,-0.23452088236808777,0.025807548314332962
2408,0.09110618695410401,-0.08342587947845459,0.1139269545674324
2409,0.16650441064025903,0.0739719569683075,0.19095861911773682
2410,0.2293362637120549,0.23095600306987762,0.25500941276550293
2411,0.2796017461694916,0.38075441122055054,0.3054814040660858
2412,0.3204424506661589,0.5167971849441528,0.34309497475624084
2413,0.35499996985564664,0.6331313848495483,0.36952680349349976
2414,0.37699111843077515,0.7248998880386353,0.3868940770626068
2415,0.39269908169872414,0.7886900901794434,0.3972926735877991
2416,0.4052654523130833,0.8226298093795776,0.4024921655654907
2417,0.4052654523130833,0.8262863159179688,0.4037972390651703
2418,0.4052654523130833,0.8005123138427734,0.4020022451877594
2419,0.4052654523130833,0.7473200559616089,0.3973771333694458
2420,0.40212385965949354,0.6697741746902466,0.38970068097114563
2421,0.39584067435231396,0.5718626976013184,0.378350168466568
2422,0.38013271108436497,0.45832228660583496,0.362394243478775
2423,0.3581415625092364,0.3344157040119171,0.34067580103874207
2424,0.32672563597333854,0.20565924048423767,0.31192606687545776
2425,0.28588493147667116,0.07752082496881485,0.27493107318878174
2426,0.2324778563656447,-0.04489538073539734,0.22874288260936737
2427,0.17278759594743864,-0.157154843211174,0.17291338741779327
2428,0.10053096491487339,-0.25575053691864014,0.10771752148866653
2429,0.025132741228718346,-0.33825016021728516,0.03432988002896309
2430,-0.05654866776461628,-0.40327873826026917,-0.045075029134750366
2431,-0.1413716694115407,-0.45034152269363403,-0.1273186057806015
2432,-0.22305307840487532,-0.47954419255256653,-0.20833401381969452
2433,-0.29530970943744056,-0.49129506945610046,-0.2833978533744812
2434,-0.3581415625092364,-0.4860614836215973,-0.3473038971424103
2435,-0.4052654523130833,-0.46423742175102234,-0.39428895711898804
2436,-0.4272566008882119,-0.42615416646003723,-0.41930797696113586
2437,-0.42411500823462206,-0.3722364008426666,-0.42112767696380615
2438,-0.3989822670059037,-0.3032779395580292,-0.40024521946907043
2439,-0.3518583772020568,-0.2207954227924347,-0.35570937395095825
2440,-0.2827433388230814,-0.1274169236421585,-0.28768154978752136
2441,-0.1916371518689774,-0.027237478643655777,-0.19944238662719727
2442,-0.0879645943005142,0.07397209107875824,-0.09731574356555939
2443,0.02199114857512855,0.1688554883003235,0.009704777970910072
2444,0.12252211349000193,0.24898497760295868,0.11075394600629807
2445,0.20420352248333654,0.3057895600795746,0.194098100066185
2446,0.257610597594363,0.33169370889663696,0.24781358242034912
2447,0.2701769682087222,0.3211776614189148,0.26405662298202515
2448,0.24504422698000386,0.27159616351127625,0.24143822491168976
2449,0.18535396656179778,0.18381531536579132,0.18084052205085754
2450,0.09110618695410401,0.0627826526761055,0.0863640308380127
2451,-0.02827433388230814,-0.08206960558891296,-0.03281620144844055
2452,-0.16022122533307945,-0.2370031476020813,-0.16308176517486572
2453,-0.28588493147667116,-0.38522428274154663,-0.2885156273841858
2454,-0.39269908169872414,-0.5092695951461792,-0.39360594749450684
2455,-0.4586725274241098,-0.5937830209732056,-0.4603404104709625
2456,-0.47752208334564855,-0.6274911165237427,-0.4762085974216461
2457,-0.4429645641561608,-0.6037759780883789,-0.44062066078186035
2458,-0.35499996985564664,-0.5204476118087769,-0.35098886489868164
2459,-0.21362830044410594,-0.37984395027160645,-0.20991553366184235
2460,-0.031415926535897934,-0.18982163071632385,-0.02779700607061386
2461,0.16964600329384882,0.03488751873373985,0.17845848202705383
2462,0.37699111843077515,0.27246999740600586,0.3868021070957184
2463,0.5654866776461628,0.49656400084495544,0.5732874870300293
2464,0.7099999397112933,0.6815141439437866,0.7179009914398193
2465,0.7948229413582177,0.8077467679977417,0.8008813858032227
2466,0.8073893119725768,0.8640011548995972,0.8118828535079956
2467,0.7476990515543708,0.8460270166397095,0.7503926753997803
2468,0.6157521601035995,0.7545022964477539,0.6176948547363281
2469,0.4272566008882119,0.5946927070617676,0.4215133786201477
2470,0.18849555921538758,0.3779599666595459,0.17832008004188538
2471,-0.07853981633974483,0.12333175539970398,-0.08828854560852051
2472,-0.3424335992412874,-0.14312684535980225,-0.35124459862709045
2473,-0.5749114556069321,-0.39217644929885864,-0.5826058387756348
2474,-0.7539822368615503,-0.5971516370773315,-0.760704755783081
2475,-0.8576547944300136,-0.7386946678161621,-0.8660297393798828
2476,-0.8827875356587318,-0.8061339855194092,-0.8925662040710449
2477,-0.8262388678941156,-0.7957159280776978,-0.8361755609512329
2478,-0.6911503837897546,-0.7082628011703491,-0.6971989870071411
2479,-0.47752208334564855,-0.5486297607421875,-0.4838310182094574
2480,-0.21048670779051615,-0.3270947337150574,-0.21115726232528687
2481,0.0879645943005142,-0.060897938907146454,0.09854248911142349
2482,0.4052654523130833,0.225991889834404,0.41861164569854736
2483,0.7005751617505239,0.5054764747619629,0.7221225500106812
2484,0.9613273519984767,0.7498748302459717,0.982025146484375
2485,1.156106096521044,0.9373177289962769,1.1841363906860352
2486,1.2943361732789946,1.0553020238876343,1.3217904567718506
2487,1.3571680263507906,1.1001027822494507,1.387432336807251
2488,1.3477432483900214,1.0735691785812378,1.3797285556793213
2489,1.2660618393966865,0.9807265996932983,1.2978708744049072
2490,1.1121237993707869,0.8291410207748413,1.143296718597412
2491,0.8890707209659116,0.6287426948547363,0.9200676679611206
2492,0.6126105674500096,0.3915776014328003,0.6370689868927002
2493,0.29216811678385074,0.1319393515586853,0.309831440448761
2494,-0.04084070449666732,-0.13325995206832886,-0.03880289942026138
2495,-0.38013271108436497,-0.3849826157093048,-0.3825185000896454
2496,-0.6754424205218055,-0.6043084859848022,-0.6944261789321899
2497,-0.9267698328089891,-0.7756526470184326,-0.9538048505783081
2498,-1.1184069846779665,-0.8890349864959717,-1.1531052589416504
2499,-1.2440706908215582,-0.9402207136154175,-1.2812565565109253
2500,-1.2974777659325847,-0.9293336868286133,-1.3370859622955322
2501,-1.2660618393966865,-0.8594515323638916,-1.3180938959121704
2502,-1.156106096521044,-0.7359957695007324,-1.2228569984436035
2503,-0.9801769079200154,-0.5667426586151123,-1.0539898872375488
2504,-0.7414158662471911,-0.3620964586734772,-0.8187233209609985
2505,-0.44924774946334045,-0.13538858294487,-0.528720498085022
2506,-0.12252211349000193,0.09718994051218033,-0.2014250010251999
2507,0.20106192982974677,0.31758326292037964,0.13647834956645966
2508,0.5026548245743669,0.5080908536911011,0.45308151841163635
2509,0.7476990515543708,0.6542012691497803,0.7219177484512329
2510,0.9299114254625788,0.7466577291488647,0.9244149923324585
2511,1.033583983031042,0.7818689346313477,1.0486243963241577
2512,1.0555751316061706,0.7611085176467896,1.090993881225586
2513,1.002168056495144,0.6895992755889893,1.0551817417144775
2514,0.8859291283123216,0.5759974718093872,0.9479469060897827
2515,0.7099999397112933,0.4319396913051605,0.7806599140167236
2516,0.4932300466135975,0.27115797996520996,0.569367527961731
2517,0.2607521902479529,0.1080685630440712,0.3341629207134247
2518,0.031415926535897934,-0.043892934918403625,0.09707212448120117
2519,-0.1759291886010284,-0.17384186387062073,-0.12115590274333954
2520,-0.33929200658769765,-0.274602472782135,-0.30335694551467896
2521,-0.45553093477052,-0.3432259261608124,-0.43892568349838257
2522,-0.5215043804959058,-0.38086503744125366,-0.5221208333969116
2523,-0.5403539364174444,-0.3921990692615509,-0.5560892820358276
2524,-0.5215043804959058,-0.3845389783382416,-0.5509428977966309
2525,-0.47438049069205873,-0.3665930926799774,-0.5180070400238037
2526,-0.4146902302738527,-0.34692227840423584,-0.469245046377182
2527,-0.35499996985564664,-0.3323458731174469,-0.41578489542007446
2528,-0.30159289474462014,-0.32669103145599365,-0.3662273585796356
2529,-0.2607521902479529,-0.3301704227924347,-0.325272798538208
2530,-0.2324778563656447,-0.3394680917263031,-0.2936546802520752
2531,-0.21676989309769573,-0.34847134351730347,-0.2693067789077759
2532,-0.20734511513692636,-0.34948116540908813,-0.24637287855148315
2533,-0.19477874452256716,-0.3346485495567322,-0.2173905372619629
2534,-0.17278759594743864,-0.2973579466342926,-0.17578661441802979
2535,-0.13194689145077132,-0.23335453867912292,-0.11705240607261658
2536,-0.07225663103256524,-0.14157885313034058,-0.03990935534238815
2537,0.006283185307179587,-0.0248020738363266,0.053362566977739334
2538,0.10053096491487339,0.10993403941392899,0.15668341517448425
2539,0.19792033717615698,0.25140297412872314,0.26047807931900024
2540,0.28588493147667116,0.3853897154331207,0.35335469245910645
2541,0.3581415625092364,0.49716153740882874,0.4232195019721985
2542,0.3989822670059037,0.5743199586868286,0.45876726508140564
2543,0.4052654523130833,0.6086834669113159,0.4558124840259552
2544,0.3738495257771854,0.5967717170715332,0.41548871994018555
2545,0.3141592653589793,0.5395753383636475,0.34053343534469604
2546,0.22305307840487532,0.44241470098495483,0.23767878115177155
2547,0.11938052083641214,0.31503111124038696,0.11862275004386902
2548,0.012566370614359173,0.17139960825443268,-0.001532871276140213
2549,-0.08168140899333463,0.028539370745420456,-0.10705558955669403
2550,-0.1445132620651305,-0.09592977166175842,-0.1813640296459198
2551,-0.16964600329384882,-0.1867145597934723,-0.2097805291414261
2552,-0.15079644737231007,-0.23298168182373047,-0.1912073940038681
2553,-0.09110618695410401,-0.22916638851165771,-0.1268293261528015
2554,0.00942477796076938,-0.1750311553478241,-0.019734777510166168
2555,0.1413716694115407,-0.07577043026685715,0.12015397846698761
2556,0.28588493147667116,0.05781419575214386,0.2773779034614563
2557,0.4272566008882119,0.20986951887607574,0.43319645524024963
2558,0.5529203070318035,0.36148861050605774,0.5693764686584473
2559,0.6408849013323178,0.493847131729126,0.6697534322738647
2560,0.6785840131753953,0.5912336111068726,0.7177671194076538
2561,0.6660176425610361,0.6427663564682007,0.708069920539856
2562,0.5906194188748811,0.6425881385803223,0.6412340402603149
2563,0.47123889803846897,0.5893322229385376,0.519079864025116
2564,0.30159289474462014,0.4857710003852844,0.34861624240875244
2565,0.10367255756846318,0.3389545679092407,0.14308103919029236
2566,-0.10367255756846318,0.1603819578886032,-0.07945773750543594
2567,-0.3141592653589793,-0.034600481390953064,-0.2983270287513733
2568,-0.49637163926718736,-0.22852137684822083,-0.49295398592948914
2569,-0.6408849013323178,-0.4041493535041809,-0.6487303972244263
2570,-0.7319910882864218,-0.5467410087585449,-0.7529579401016235
2571,-0.7634070148223198,-0.6456297636032104,-0.7973053455352783
2572,-0.7414158662471911,-0.6948474645614624,-0.7829784154891968
2573,-0.6628760499074464,-0.6927915811538696,-0.711067795753479
2574,-0.5372123437638546,-0.6414271593093872,-0.5864521265029907
2575,-0.3675663404700058,-0.5456010103225708,-0.4177341163158417
2576,-0.1759291886010284,-0.4126220941543579,-0.21704715490341187
2577,0.03455751918948772,-0.25192511081695557,-8.686259388923645e-05
2578,0.2324778563656447,-0.07468818873167038,0.21489031612873077
2579,0.40840704496667307,0.10663499683141708,0.40951311588287354
2580,0.5560618996853934,0.27901941537857056,0.5689784288406372
2581,0.6534512719466771,0.42998579144477844,0.6820588111877441
2582,0.7005751617505239,0.5489616394042969,0.7388345003128052
2583,0.6911503837897546,0.6283648014068604,0.7386895418167114
2584,0.6283185307179586,0.6640044450759888,0.685291051864624
2585,0.5246459731494955,0.65486741065979,0.5825262069702148
2586,0.38013271108436497,0.6026939153671265,0.4377046823501587
2587,0.21048670779051615,0.5116667151451111,0.2623401880264282
2588,0.02827433388230814,0.38826289772987366,0.07112640887498856
2589,-0.1445132620651305,0.24112233519554138,-0.11926621198654175
2590,-0.30159289474462014,0.08075114339590073,-0.2916608452796936
2591,-0.42411500823462206,-0.08109308034181595,-0.43238136172294617
2592,-0.5057964172279567,-0.2324046492576599,-0.5307842493057251
2593,-0.5403539364174444,-0.36222079396247864,-0.577836275100708
2594,-0.5246459731494955,-0.4618980288505554,-0.5752525329589844
2595,-0.47123889803846897,-0.5259968042373657,-0.5265979766845703
2596,-0.38013271108436497,-0.5525755882263184,-0.437569797039032
2597,-0.26389378290154264,-0.5429929494857788,-0.31759676337242126
2598,-0.1350884841043611,-0.5014591217041016,-0.17915953695774078
2599,-0.006283185307179587,-0.43447771668434143,-0.03690304607152939
2600,0.10995574287564276,-0.3501507043838501,0.09398716688156128
2601,0.19792033717615698,-0.25730228424072266,0.19937749207019806
2602,0.25132741228718347,-0.16448605060577393,0.2674615979194641
2603,0.2607521902479529,-0.07903794944286346,0.2929834723472595
2604,0.23561944901923448,-0.006341300904750824,0.27833694219589233
2605,0.18221237390820802,0.05059418827295303,0.22891655564308167
2606,0.10681415022205297,0.0912100076675415,0.15244868397712708
2607,0.01884955592153876,0.11715257167816162,0.059968531131744385
2608,-0.07225663103256524,0.13175183534622192,-0.03533228486776352
2609,-0.14765485471872028,0.13929271697998047,-0.12043933570384979
2610,-0.19792033717615698,0.14418086409568787,-0.18311132490634918
2611,-0.21676989309769573,0.15013450384140015,-0.2133261263370514
2612,-0.20420352248333654,0.15954215824604034,-0.20993325114250183
2613,-0.16650441064025903,0.17309188842773438,-0.1766686588525772
2614,-0.10053096491487339,0.18971532583236694,-0.11713364720344543
2615,-0.01884955592153876,0.2068413347005844,-0.037923477590084076
2616,0.07539822368615504,0.22091884911060333,0.051450081169605255
2617,0.16336281798666927,0.22813089191913605,0.1403484046459198
2618,0.23876104167282428,0.22516439855098724,0.21831505000591278
2619,0.29530970943744056,0.2098829448223114,0.2759605050086975
2620,0.32358404331974866,0.1817941963672638,0.3070906698703766
2621,0.3204424506661589,0.14227479696273804,0.3115924894809723
2622,0.2984513020910304,0.09454576671123505,0.29369255900382996
2623,0.257610597594363,0.043386101722717285,0.2585974931716919
2624,0.20734511513692636,-0.005424764007329941,0.21210026741027832
2625,0.15079644737231007,-0.04588098078966141,0.1609494388103485
2626,0.10053096491487339,-0.0725918635725975,0.11232797056436539
2627,0.05654866776461628,-0.08150351792573929,0.0728207379579544
2628,0.031415926535897934,-0.0703771635890007,0.04742547497153282
2629,0.02199114857512855,-0.03901179879903793,0.038150347769260406
2630,0.02827433388230814,0.010748013854026794,0.04307527840137482
2631,0.0439822971502571,0.07519719004631042,0.058281607925891876
2632,0.06597344572538566,0.1491619348526001,0.08024946600198746
2633,0.09424777960769379,0.22659291326999664,0.10603254288434982
2634,0.12566370614359174,0.30127984285354614,0.13278645277023315
2635,0.15707963267948966,0.3675374686717987,0.15791749954223633
2636,0.18535396656179778,0.42072024941444397,0.17942099273204803
2637,0.20734511513692636,0.4574931859970093,0.19596494734287262
2638,0.22305307840487532,0.47586190700531006,0.2069001942873001
2639,0.2293362637120549,0.4750030040740967,0.21217375993728638
2640,0.2293362637120549,0.45495274662971497,0.21200183033943176
2641,0.2261946710584651,0.41623952984809875,0.20652131736278534
2642,0.21362830044410594,0.3595714271068573,0.19547465443611145
2643,0.19792033717615698,0.2856934666633606,0.1778298318386078
2644,0.16650441064025903,0.19549016654491425,0.15150704979896545
2645,0.12566370614359174,0.09032271802425385,0.11368855088949203
2646,0.06597344572538566,-0.02748773992061615,0.06195298209786415
2647,-0.006283185307179587,-0.15416742861270905,-0.004347600042819977
2648,-0.09424777960769379,-0.2841446101665497,-0.08324594795703888
2649,-0.18535396656179778,-0.41003847122192383,-0.17004472017288208
2650,-0.273318560862312,-0.5231456756591797,-0.2578321397304535
2651,-0.35499996985564664,-0.6144120693206787,-0.3384912610054016
2652,-0.4209734155810323,-0.6756069660186768,-0.4031747579574585
2653,-0.45553093477052,-0.7002873420715332,-0.44206681847572327
2654,-0.4618141200776996,-0.6843150854110718,-0.4495537281036377
2655,-0.43353978619539146,-0.6260232925415039,-0.42529839277267456
2656,-0.37070793312359557,-0.526307225227356,-0.3684074878692627
2657,-0.2796017461694916,-0.38885173201560974,-0.2798382639884949
2658,-0.15707963267948966,-0.22052249312400818,-0.16455508768558502
2659,-0.01884955592153876,-0.031732961535453796,-0.03123258799314499
2660,0.12252211349000193,0.16365163028240204,0.10842441022396088
2661,0.257610597594363,0.34943637251853943,0.24107573926448822
2662,0.37070793312359557,0.5094079375267029,0.35385429859161377
2663,0.44924774946334045,0.6300702095031738,0.43507063388824463
2664,0.48694686130641796,0.7024950981140137,0.4755362570285797
2665,0.48066367599923837,0.7226393222808838,0.47406005859375
2666,0.4366813788489812,0.6906747817993164,0.4340878129005432
2667,0.3581415625092364,0.6103001832962036,0.3600050210952759
2668,0.25446900494077324,0.48841917514801025,0.25893139839172363
2669,0.1350884841043611,0.33489087224006653,0.14113478362560272
2670,0.00942477796076938,0.1619289070367813,0.018502410501241684
2671,-0.10367255756846318,-0.01696734130382538,-0.09725643694400787
2672,-0.20420352248333654,-0.18836046755313873,-0.19604292511940002
2673,-0.2796017461694916,-0.34024062752723694,-0.2699812650680542
2674,-0.3204424506661589,-0.46318289637565613,-0.31411075592041016
2675,-0.33300882128051806,-0.5510718822479248,-0.3291148543357849
2676,-0.32358404331974866,-0.6012159585952759,-0.32036474347114563
2677,-0.29216811678385074,-0.6138838529586792,-0.29330095648765564
2678,-0.24818581963359368,-0.59150230884552,-0.2525254189968109
2679,-0.19477874452256716,-0.5377652645111084,-0.20234188437461853
2680,-0.13823007675795088,-0.45682939887046814,-0.14634297788143158
2681,-0.07853981633974483,-0.35278913378715515,-0.08699454367160797
2682,-0.015707963267948967,-0.22959119081497192,-0.025870773941278458
2683,0.0439822971502571,-0.09134505689144135,0.0361563004553318
2684,0.10367255756846318,0.05724713206291199,0.09892600774765015
2685,0.16650441064025903,0.2105444222688675,0.16216740012168884
2686,0.22305307840487532,0.3617372214794159,0.2246573269367218
2687,0.2796017461694916,0.5028565526008606,0.2840030789375305
2688,0.32672563597333854,0.6252536773681641,0.3366395831108093
2689,0.36442474781641604,0.7205568552017212,0.3780612349510193
2690,0.38641589639154456,0.7817531824111938,0.4036732316017151
2691,0.39269908169872414,0.8039883375167847,0.41071733832359314
2692,0.38013271108436497,0.7849445343017578,0.39916542172431946
2693,0.35499996985564664,0.7249476909637451,0.3697436451911926
2694,0.31101767270538955,0.6270052194595337,0.3231993615627289
2695,0.25132741228718347,0.4968731701374054,0.2618444859981537
2696,0.18221237390820802,0.34309616684913635,0.1905832290649414
2697,0.11309733552923255,0.17682527005672455,0.11659587174654007
2698,0.047123889803846894,0.011080758646130562,0.048227932304143906
2699,-0.006283185307179587,-0.14079344272613525,-0.00626111775636673
2700,-0.03769911184307752,-0.2672276198863983,-0.040320172905921936
2701,-0.047123889803846894,-0.3602777421474457,-0.05227627605199814
2702,-0.04084070449666732,-0.4165511429309845,-0.046390846371650696
2703,-0.02827433388230814,-0.43721291422843933,-0.029785647988319397
2704,-0.012566370614359173,-0.42750707268714905,-0.010727588087320328
2705,-0.006283185307179587,-0.3960515558719635,0.0019329041242599487
2706,-0.012566370614359173,-0.3537978231906891,0.0009428225457668304
2707,-0.03769911184307752,-0.3124658465385437,-0.019646581262350082
2708,-0.08482300164692441,-0.2825520932674408,-0.06636237353086472
2709,-0.16022122533307945,-0.2713204622268677,-0.1424301117658615
2710,-0.257610597594363,-0.2812570631504059,-0.244124174118042
2711,-0.37070793312359557,-0.30938154458999634,-0.36110666394233704
2712,-0.48380526865282814,-0.34766119718551636,-0.4788382947444916
2713,-0.5811946409141117,-0.38446611166000366,-0.5820282697677612
2714,-0.6440264939859076,-0.40661534667015076,-0.6510603427886963
2715,-0.6597344572538566,-0.4014829099178314,-0.6682126522064209
2716,-0.6188937527571892,-0.3587970733642578,-0.6289031505584717
2717,-0.5120796025351363,-0.27195483446121216,-0.5248432159423828
2718,-0.3361504139341079,-0.13904418051242828,-0.35377243161201477
2719,-0.11309733552923255,0.03585488349199295,-0.12368223071098328
2720,0.15079644737231007,0.24091388285160065,0.14767605066299438
2721,0.4366813788489812,0.4557015299797058,0.43564924597740173
2722,0.7005751617505239,0.6538515090942383,0.7105928659439087
2723,0.9267698328089891,0.8097635507583618,0.9417884349822998
2724,1.0869910581420683,0.9050297737121582,1.1084263324737549
2725,1.1749556524425828,0.9300899505615234,1.1940661668777466
2726,1.1749556524425828,0.8821300268173218,1.1916781663894653
2727,1.0838494654884787,0.763207197189331,1.098469614982605
2728,0.91106186954104,0.5804754495620728,0.918351411819458
2729,0.6660176425610361,0.34780609607696533,0.6633647680282593
2730,0.3612831551628262,0.08749471604824066,0.35659563541412354
2731,0.04084070449666732,-0.17043811082839966,0.03092011623084545
2732,-0.2607521902479529,-0.3939451277256012,-0.27748599648475647
2733,-0.5120796025351363,-0.5571128129959106,-0.5350738763809204
2734,-0.6911503837897546,-0.6444836854934692,-0.7140576839447021
2735,-0.7759733854366789,-0.6497068405151367,-0.7984374761581421
2736,-0.7602654221687299,-0.5725308656692505,-0.7842584848403931
2737,-0.6471680866394973,-0.4182372987270355,-0.6722551584243774
2738,-0.4586725274241098,-0.19992488622665405,-0.47421708703041077
2739,-0.20106192982974677,0.0593021959066391,-0.211508110165596
2740,0.09110618695410401,0.3279804587364197,0.08615976572036743
2741,0.37699111843077515,0.5725198984146118,0.3847787380218506
2742,0.6408849013323178,0.7647268772125244,0.650846004486084
2743,0.835663645854885,0.8862594366073608,0.8560867309570312
2744,0.9581857593448869,0.9282630681991577,0.9785325527191162
2745,0.9896016858807849,0.888310432434082,1.0095863342285156
2746,0.9299114254625788,0.7680666446685791,0.9486979246139526
2747,0.7791149780902686,0.5735001564025879,0.7981040477752686
2748,0.5529203070318035,0.31714850664138794,0.5660902261734009
2749,0.26389378290154264,0.020052330568432808,0.2698858976364136
2750,-0.06911503837897544,-0.28929510712623596,-0.06407740712165833
2751,-0.4052654523130833,-0.5792818069458008,-0.4078165590763092
2752,-0.7225663103256524,-0.8211617469787598,-0.733083963394165
2753,-0.9990264638415542,-0.9947106838226318,-1.0129055976867676
2754,-1.2126547642856602,-1.090572714805603,-1.2363865375518799
2755,-1.36659280431156,-1.107808232307434,-1.3940801620483398
2756,-1.4451326206513049,-1.0499637126922607,-1.479562520980835
2757,-1.4482742133048947,-0.9231911897659302,-1.489258050918579
2758,-1.3697343969651496,-0.7357428073883057,-1.4176514148712158
2759,-1.21579635693925,-0.497757226228714,-1.2613550424575806
2760,-0.9738937226128359,-0.2220456898212433,-1.0214476585388184
2761,-0.6565928646002668,0.07443955540657043,-0.7049177885055542
2762,-0.273318560862312,0.3699646294116974,-0.32480353116989136
2763,0.1350884841043611,0.6397299766540527,0.09458091855049133
2764,0.5434955290710342,0.8602139949798584,0.5153963565826416
2765,0.91106186954104,1.0140390396118164,0.9052532911300659
2766,1.2220795422464297,1.0920355319976807,1.2313165664672852
2767,1.4514158059584845,1.0915086269378662,1.4705042839050293
2768,1.5865042900628454,1.0135096311569214,1.6178456544876099
2769,1.624203401905923,0.8618918657302856,1.6643751859664917
2770,1.5613715488341273,0.6440597772598267,1.6072198152542114
2771,1.3980087308474578,0.37238526344299316,1.449188470840454
2772,1.1372565405995052,0.06589120626449585,1.1931160688400269
2773,0.7853981633974483,-0.24885928630828857,0.8491767644882202
2774,0.38013271108436497,-0.5398485660552979,0.44129738211631775
2775,-0.05654866776461628,-0.7761268615722656,0.002652585506439209
2776,-0.4618141200776996,-0.9358476400375366,-0.42529386281967163
2777,-0.8136724972797564,-1.0092376470565796,-0.795005202293396
2778,-1.0901326507956584,-0.9950301647186279,-1.076554775238037
2779,-1.2629202467430969,-0.8961080312728882,-1.2603168487548828
2780,-1.3288936924684824,-0.7188583612442017,-1.3423740863800049
2781,-1.291194580625405,-0.47522488236427307,-1.3220090866088867
2782,-1.152964503867454,-0.18462257087230682,-1.202377438545227
2783,-0.9299114254625788,0.1258966624736786,-0.9926636219024658
2784,-0.637743308678728,0.42426127195358276,-0.7092944383621216
2785,-0.30159289474462014,0.6792247295379639,-0.37522605061531067
2786,0.0439822971502571,0.8674741983413696,-0.01878979057073593
2787,0.3832743037379548,0.9773359298706055,0.3256320357322693
2788,0.6628760499074464,1.0068626403808594,0.6258231401443481
2789,0.8827875356587318,0.9597909450531006,0.8602800369262695
2790,1.0241592050702726,0.8436819314956665,1.0175689458847046
2791,1.0838494654884787,0.6705217361450195,1.0927960872650146
2792,1.0649999095669398,0.4570196568965912,1.0894348621368408
2793,0.9770353152664256,0.22283746302127838,1.0141708850860596
2794,0.8293804605477054,-0.012185744941234589,0.8753085136413574
2795,0.6314601233715484,-0.22998815774917603,0.6832664012908936
2796,0.3989822670059037,-0.41542676091194153,0.45157575607299805
2797,0.1445132620651305,-0.5575835704803467,0.19711443781852722
2798,-0.10367255756846318,-0.6507807970046997,-0.06141600012779236
2799,-0.3361504139341079,-0.6942176818847656,-0.30462509393692017
2800,-0.5340707511102648,-0.6905711889266968,-0.5142732858657837
2801,-0.6848671984825748,-0.6445941925048828,-0.6806073188781738
2802,-0.7822565707438585,-0.5619478225708008,-0.791138768196106
2803,-0.8168140899333461,-0.4481624662876129,-0.8382542133331299
2804,-0.7916813487046279,-0.3082095682621002,-0.8227856159210205
2805,-0.7037167544041136,-0.14714902639389038,-0.7432372570037842
2806,-0.5560618996853934,0.028798846527934074,-0.6009864807128906
2807,-0.3518583772020568,0.211737722158432,-0.40178048610687256
2808,-0.10995574287564276,0.39204344153404236,-0.15695977210998535
2809,0.15393804002589986,0.5584334135055542,0.11529817432165146
2810,0.4146902302738527,0.6985615491867065,0.3907408118247986
2811,0.6565928646002668,0.8004217147827148,0.6418354511260986
2812,0.8450884238156543,0.8539689779281616,0.844528079032898
2813,0.9676105373056563,0.8521218299865723,0.9798828363418579
2814,1.0147344271095031,0.7910679578781128,1.0336101055145264
2815,0.9770353152664256,0.6704791784286499,1.0023338794708252
2816,0.8545132017764238,0.4941604435443878,0.8850069046020508
2817,0.6503096792930871,0.27128469944000244,0.6870144605636597
2818,0.3832743037379548,0.01789834350347519,0.4234408438205719
2819,0.08168140899333463,-0.24240592122077942,0.12068768590688705
2820,-0.22305307840487532,-0.4805658161640167,-0.18820232152938843
2821,-0.4995132319207771,-0.6679823398590088,-0.4682715833187103
2822,-0.7068583470577035,-0.7835224866867065,-0.687342643737793
2823,-0.8293804605477054,-0.8162113428115845,-0.8194457292556763
2824,-0.8545132017764238,-0.7628211975097656,-0.8559374809265137
2825,-0.7791149780902686,-0.6252306699752808,-0.7919466495513916
2826,-0.6094689747964198,-0.41135770082473755,-0.6315923929214478
2827,-0.37070793312359557,-0.13883110880851746,-0.3907827138900757
2828,-0.07539822368615504,0.16258619725704193,-0.09632249176502228
2829,0.2293362637120549,0.4539337754249573,0.2151203453540802
2830,0.5183627878423158,0.6961369514465332,0.5033056139945984
2831,0.7414158662471911,0.8604083061218262,0.7325907945632935
2832,0.8796459430051421,0.9322837591171265,0.8721847534179688
2833,0.9173450548482196,0.9078612327575684,0.9088878631591797
2834,0.8545132017764238,0.7888509035110474,0.8433132171630859
2835,0.6911503837897546,0.5823508501052856,0.6816656589508057
2836,0.44924774946334045,0.3053738474845886,0.43923959136009216
2837,0.15079644737231007,-0.010871287435293198,0.14364409446716309
2838,-0.16022122533307945,-0.3242095708847046,-0.16987846791744232
2839,-0.4618141200776996,-0.5931936502456665,-0.46428853273391724
2840,-0.7037167544041136,-0.7884073257446289,-0.7046400308609009
2841,-0.8670795723907829,-0.8954973220825195,-0.8665173053741455
2842,-0.9393362034233481,-0.9111732244491577,-0.9382895231246948
2843,-0.9204866475018093,-0.8385604619979858,-0.9170180559158325
2844,-0.8105309046261666,-0.6859645843505859,-0.8055471181869507
2845,-0.6283185307179586,-0.4689410626888275,-0.6173791885375977
2846,-0.3895574890451343,-0.21281728148460388,-0.37463679909706116
2847,-0.1288052987971815,0.0492100864648819,-0.10683195292949677
2848,0.1288052987971815,0.28365471959114075,0.15162891149520874
2849,0.34871678454846705,0.46443039178848267,0.3701781928539276
2850,0.5026548245743669,0.5757133960723877,0.5249127149581909
2851,0.5843362335677015,0.6105337142944336,0.5971537828445435
2852,0.5811946409141117,0.5686519145965576,0.5859649181365967
2853,0.4995132319207771,0.45626550912857056,0.49983489513397217
2854,0.35499996985564664,0.2873397767543793,0.35198643803596497
2855,0.17278759594743864,0.08389391750097275,0.16171367466449738
2856,-0.03769911184307752,-0.12723879516124725,-0.046741798520088196
2857,-0.2324778563656447,-0.3199490010738373,-0.2468222677707672
2858,-0.39269908169872414,-0.4732499420642853,-0.41478005051612854
2859,-0.5057964172279567,-0.5728594064712524,-0.5299190282821655
2860,-0.5560618996853934,-0.6108567714691162,-0.5788462162017822
2861,-0.5372123437638546,-0.5848292112350464,-0.5624114274978638
2862,-0.45553093477052,-0.4972517192363739,-0.48035553097724915
2863,-0.31101767270538955,-0.35549867153167725,-0.3396889269351959
2864,-0.1288052987971815,-0.17202045023441315,-0.15390831232070923
2865,0.07853981633974483,0.03643307089805603,0.05956075340509415
2866,0.29216811678385074,0.2507586181163788,0.280425488948822
2867,0.4900884539600077,0.4517233669757843,0.4872085452079773
2868,0.6534512719466771,0.6219192743301392,0.6611063480377197
2869,0.7728317927830891,0.7476478815078735,0.7888990640640259
2870,0.8325220532012952,0.8203089237213135,0.8580806255340576
2871,0.8325220532012952,0.8363814353942871,0.8648769855499268
2872,0.7728317927830891,0.7962745428085327,0.8111581802368164
2873,0.6597344572538566,0.7032097578048706,0.6985950469970703
2874,0.4932300466135975,0.5627679824829102,0.5321916341781616
2875,0.289026524130261,0.38300514221191406,0.3222024142742157
2876,0.06283185307179587,0.17487484216690063,0.0842350572347641
2877,-0.17278759594743864,-0.04737237095832825,-0.16249224543571472
2878,-0.39584067435231396,-0.2664312422275543,-0.39643797278404236
2879,-0.5874778262212914,-0.4635026752948761,-0.5968600511550903
2880,-0.7288494956328321,-0.6210426092147827,-0.7492485046386719
2881,-0.8105309046261666,-0.7253932952880859,-0.8366687297821045
2882,-0.819955682586936,-0.767856240272522,-0.8540191650390625
2883,-0.7539822368615503,-0.7440931797027588,-0.7976782321929932
2884,-0.6188937527571892,-0.6531424522399902,-0.6661397218704224
2885,-0.41154863762026295,-0.49736061692237854,-0.46409013867378235
2886,-0.15079644737231007,-0.2835882604122162,-0.20280084013938904
2887,0.1413716694115407,-0.0249774232506752,0.09868010133504868
2888,0.44610615680975063,0.2576940357685089,0.4154917597770691
2889,0.7382742735936014,0.5369429588317871,0.7207900285720825
2890,0.9927432785343747,0.7831497192382812,0.9856891632080078
2891,1.184380430403352,0.9716172218322754,1.1927624940872192
2892,1.3069025438933541,1.0876144170761108,1.3324346542358398
2893,1.3571680263507906,1.1259807348251343,1.3951784372329712
2894,1.3288936924684824,1.0873961448669434,1.37704598903656
2895,1.2220795422464297,0.9758398532867432,1.2764413356781006
2896,1.0367255756846316,0.7985470294952393,1.0957157611846924
2897,0.7822565707438585,0.5667861700057983,0.8416987657546997
2898,0.4649557127312894,0.29636210203170776,0.5283758044242859
2899,0.12566370614359174,0.007603341713547707,0.17776691913604736
2900,-0.2261946710584651,-0.27585533261299133,-0.18170791864395142
2901,-0.546637121724624,-0.530129075050354,-0.5206034183502197
2902,-0.8262388678941156,-0.7354120016098022,-0.8117115497589111
2903,-1.0398671683382215,-0.8793935775756836,-1.0426576137542725
2904,-1.1906636157105315,-0.9577654600143433,-1.2073729038238525
2905,-1.2692034320502765,-0.9722874164581299,-1.3025811910629272
2906,-1.2849113953182254,-0.9286384582519531,-1.3323177099227905
2907,-1.2377875055143783,-0.8352832794189453,-1.2985631227493286
2908,-1.1341149479459152,-0.7026726007461548,-1.2045924663543701
2909,-0.9738937226128359,-0.5420433282852173,-1.055145263671875
2910,-0.7665486074759096,-0.3643296957015991,-0.8563612699508667
2911,-0.5246459731494955,-0.17978094518184662,-0.6155028343200684
2912,-0.25446900494077324,0.0020949169993400574,-0.34260293841362
2913,0.01884955592153876,0.17283500730991364,-0.05328933894634247
2914,0.28588493147667116,0.32538163661956787,0.2323424220085144
2915,0.5246459731494955,0.4541029930114746,0.4952239692211151
2916,0.7194247176720626,0.5546437501907349,0.7186499834060669
2917,0.8702211650443727,0.6238836050033569,0.891858696937561
2918,0.9581857593448869,0.6598867177963257,1.0065410137176514
2919,0.986460093227195,0.6616815328598022,1.0556929111480713
2920,0.9581857593448869,0.6290560960769653,1.040332317352295
2921,0.8670795723907829,0.5626263618469238,0.9608304500579834
2922,0.7225663103256524,0.46414321660995483,0.8195730447769165
2923,0.5246459731494955,0.3368322253227234,0.622849702835083
2924,0.289026524130261,0.18571847677230835,0.3815387785434723
2925,0.03769911184307752,0.01802077516913414,0.11200918257236481
2926,-0.21991148575128552,-0.15653808414936066,-0.16515518724918365
2927,-0.4523893421169302,-0.32597634196281433,-0.42674726247787476
2928,-0.6503096792930871,-0.477249413728714,-0.6514129638671875
2929,-0.8042477193189871,-0.5981886386871338,-0.8272262811660767
2930,-0.8953539062730911,-0.6793473958969116,-0.9406299591064453
2931,-0.9204866475018093,-0.7149285078048706,-0.9862873554229736
2932,-0.8827875356587318,-0.7027002573013306,-0.9647331237792969
2933,-0.7822565707438585,-0.6434788703918457,-0.8767048120498657
2934,-0.6283185307179586,-0.5407726764678955,-0.7272017002105713
2935,-0.4272566008882119,-0.4007202684879303,-0.5253348350524902
2936,-0.1916371518689774,-0.2321205735206604,-0.28460103273391724
2937,0.05026548245743669,-0.046283528208732605,-0.023447025567293167
2938,0.289026524130261,0.1435399353504181,0.2356599122285843
2939,0.49637163926718736,0.32330358028411865,0.47028249502182007
2940,0.6628760499074464,0.479795902967453,0.6628936529159546
2941,0.7728317927830891,0.6023077964782715,0.8018627166748047
2942,0.8230972752405259,0.6837460994720459,0.877313494682312
2943,0.819955682586936,0.7208775281906128,0.8886779546737671
2944,0.7602654221687299,0.7138925790786743,0.8407881259918213
2945,0.6534512719466771,0.6657503843307495,0.7388246059417725
2946,0.5089380098815465,0.5816059112548828,0.5911998748779297
2947,0.33300882128051806,0.468344122171402,0.41006705164909363
2948,0.14765485471872028,0.334147185087204,0.21046562492847443
2949,-0.031415926535897934,0.1880815476179123,0.00908602960407734
2950,-0.19477874452256716,0.03967743366956711,-0.17697842419147491
2951,-0.3298672286269283,-0.1015825867652893,-0.3329811692237854
2952,-0.4209734155810323,-0.226910799741745,-0.4491887390613556
2953,-0.4680973053848792,-0.32890599966049194,-0.5158802270889282
2954,-0.4680973053848792,-0.4021151661872864,-0.5324383974075317
2955,-0.4272566008882119,-0.4433344602584839,-0.5033421516418457
2956,-0.35499996985564664,-0.45162269473075867,-0.4332229495048523
2957,-0.25446900494077324,-0.4281080961227417,-0.3293163776397705
2958,-0.1350884841043611,-0.3756985366344452,-0.20120179653167725
2959,-0.00942477796076938,-0.2987712025642395,-0.0602174773812294
2960,0.11309733552923255,-0.2028457522392273,0.0811815857887268
2961,0.21676989309769573,-0.09421077370643616,0.2104654461145401
2962,0.3047344873982099,0.02050955221056938,0.31707894802093506
2963,0.3581415625092364,0.13482829928398132,0.39354777336120605
2964,0.38641589639154456,0.24286724627017975,0.4356723725795746
2965,0.3832743037379548,0.3397778272628784,0.4454842507839203
2966,0.3612831551628262,0.42204993963241577,0.4295339584350586
2967,0.3298672286269283,0.48764270544052124,0.39500489830970764
2968,0.29216811678385074,0.5358923673629761,0.34940239787101746
2969,0.25446900494077324,0.567197322845459,0.30081549286842346
2970,0.22305307840487532,0.5825300216674805,0.25677424669265747
2971,0.20420352248333654,0.5828635692596436,0.22287845611572266
2972,0.20106192982974677,0.5686290264129639,0.20204387605190277
2973,0.20420352248333654,0.5393322706222534,0.19366143643856049
2974,0.20734511513692636,0.4934485852718353,0.193131223320961
2975,0.20734511513692636,0.4286465644836426,0.19391849637031555
2976,0.20106192982974677,0.34231120347976685,0.18934942781925201
2977,0.18221237390820802,0.23228907585144043,0.1725020706653595
2978,0.1413716694115407,0.09782065451145172,0.13567715883255005
2979,0.07225663103256524,-0.059343256056308746,0.07245182245969772
2980,-0.02199114857512855,-0.23376044631004333,-0.019212141633033752
2981,-0.13823007675795088,-0.4154723286628723,-0.13575494289398193
2982,-0.273318560862312,-0.5902934074401855,-0.2683754563331604
2983,-0.40840704496667307,-0.7418035268783569,-0.40425437688827515
2984,-0.5372123437638546,-0.8545359373092651,-0.5293093919754028
2985,-0.6346017160251383,-0.916657567024231,-0.6307277679443359
2986,-0.6942919764433443,-0.9208025932312012,-0.6914616823196411
2987,-0.7005751617505239,-0.8634785413742065,-0.7011702060699463
2988,-0.6534512719466771,-0.7444556951522827,-0.657463550567627
2989,-0.5497787143782138,-0.5669068098068237,-0.5566294193267822
2990,-0.39269908169872414,-0.3382470905780792,-0.40071719884872437
2991,-0.1916371518689774,-0.07159091532230377,-0.1987525224685669
2992,0.04084070449666732,0.2127741575241089,0.033546485006809235
2993,0.27646015351590175,0.4879905581474304,0.2749689519405365
2994,0.49637163926718736,0.7254843711853027,0.5013147592544556
2995,0.6848671984825748,0.90242600440979,0.690517783164978
2996,0.819955682586936,1.0062774419784546,0.8267287015914917
2997,0.8827875356587318,1.0336782932281494,0.8963713645935059
2998,0.8827875356587318,0.9869234561920166,0.8974349498748779
2999,0.8136724972797564,0.8722081184387207,0.8337533473968506
3000,0.6911503837897546,0.7000820636749268,0.7116845846176147
3001,0.5246459731494955,0.4860425591468811,0.5429856777191162
3002,0.33300882128051806,0.24996058642864227,0.3448174297809601
3003,0.1288052987971815,0.014160828664898872,0.13782890141010284
3004,-0.06597344572538566,-0.19965699315071106,-0.05699087679386139
3005,-0.22305307840487532,-0.3738388419151306,-0.22180992364883423
3006,-0.33929200658769765,-0.497077077627182,-0.3427979648113251
3007,-0.4052654523130833,-0.564714789390564,-0.4105336368083954
3008,-0.4146902302738527,-0.5777662992477417,-0.42757120728492737
3009,-0.38641589639154456,-0.541911244392395,-0.4012540876865387
3010,-0.32672563597333854,-0.46681055426597595,-0.34120863676071167
3011,-0.24504422698000386,-0.36509206891059875,-0.2598930299282074
3012,-0.15707963267948966,-0.25050291419029236,-0.1704632192850113
3013,-0.07539822368615504,-0.13575004041194916,-0.08506094664335251
3014,-0.00942477796076938,-0.030988745391368866,-0.013812214136123657
3015,0.03769911184307752,0.05672314018011093,0.03606506064534187
3016,0.05969026041820607,0.12345874309539795,0.062352679669857025
3017,0.06283185307179587,0.1683235764503479,0.06896485388278961
3018,0.053407075111026485,0.1930791139602661,0.06239747256040573
3019,0.04084070449666732,0.20127834379673004,0.04933546483516693
3020,0.02827433388230814,0.1970914900302887,0.03554326295852661
3021,0.02199114857512855,0.18418648838996887,0.02501261606812477
3022,0.01884955592153876,0.16491825878620148,0.01939302496612072
3023,0.02199114857512855,0.14001554250717163,0.01804669387638569
3024,0.02199114857512855,0.10882865637540817,0.018872912973165512
3025,0.01884955592153876,0.06993897259235382,0.018881291151046753
3026,0.015707963267948967,0.021838391199707985,0.014873383566737175
3027,0.006283185307179587,-0.03639651834964752,0.004377683624625206
3028,-0.012566370614359173,-0.10438010096549988,-0.014035802334547043
3029,-0.04084070449666732,-0.17975163459777832,-0.04042284935712814
3030,-0.07539822368615504,-0.257829874753952,-0.07288858294487
3031,-0.11623892818282235,-0.3318060636520386,-0.10729393362998962
3032,-0.14765485471872028,-0.3935231566429138,-0.13761478662490845
3033,-0.17278759594743864,-0.4346768856048584,-0.1571475863456726
3034,-0.1759291886010284,-0.4480911195278168,-0.16110730171203613
3035,-0.16336281798666927,-0.4287002384662628,-0.14832177758216858
3036,-0.13194689145077132,-0.3741048574447632,-0.11840367317199707
3037,-0.07853981633974483,-0.2848668694496155,-0.07030115276575089
3038,-0.00942477796076938,-0.16476525366306305,-0.005399249494075775
3039,0.07225663103256524,-0.021011706441640854,0.07104645669460297
3040,0.15707963267948966,0.13588279485702515,0.1513877511024475
3041,0.23561944901923448,0.29300764203071594,0.22717782855033875
3042,0.30159289474462014,0.43684664368629456,0.2901051938533783
3043,0.3455751918948773,0.5554834604263306,0.33309441804885864
3044,0.3675663404700058,0.6403491497039795,0.3526368737220764
3045,0.36442474781641604,0.6869488954544067,0.35036903619766235
3046,0.3424335992412874,0.6947057247161865,0.33092233538627625
3047,0.3078760800517997,0.6664319038391113,0.2996140122413635
3048,0.26389378290154264,0.6077324151992798,0.26220789551734924
3049,0.21991148575128552,0.5262742638587952,0.2248181700706482
3050,0.18221237390820802,0.43075457215309143,0.19306263327598572
3051,0.15707963267948966,0.3296443819999695,0.17091767489910126
3052,0.1413716694115407,0.23005269467830658,0.15976403653621674
3053,0.1413716694115407,0.13705283403396606,0.15794867277145386
3054,0.1413716694115407,0.053534746170043945,0.16138465702533722
3055,0.1445132620651305,-0.01959347352385521,0.16514113545417786
3056,0.1413716694115407,-0.083013616502285,0.1646917313337326
3057,0.1350884841043611,-0.13842783868312836,0.15619607269763947
3058,0.11938052083641214,-0.1878109723329544,0.13622799515724182
3059,0.09110618695410401,-0.2325984537601471,0.10211975127458572
3060,0.047123889803846894,-0.27299538254737854,0.05335937440395355
3061,-0.006283185307179587,-0.30759087204933167,-0.007297292351722717
3062,-0.06911503837897544,-0.3333970606327057,-0.07394542545080185
3063,-0.12566370614359174,-0.3463071584701538,-0.1385144144296646
3064,-0.1759291886010284,-0.3418329060077667,-0.19175361096858978
3065,-0.20420352248333654,-0.31590428948402405,-0.22419461607933044
3066,-0.21048670779051615,-0.2655807435512543,-0.23038065433502197
3067,-0.18849555921538758,-0.1896466165781021,-0.21034301817417145
3068,-0.1413716694115407,-0.08913504332304001,-0.16397561132907867
3069,-0.07225663103256524,0.03221425041556358,-0.09192720055580139
3070,0.01884955592153876,0.1676853895187378,0.0013382360339164734
3071,0.11938052083641214,0.30776625871658325,0.10798430442810059
3072,0.2261946710584651,0.4410500228404999,0.21809081733226776
3073,0.32358404331974866,0.5558322668075562,0.3209361433982849
3074,0.4052654523130833,0.6418882608413696,0.40622884035110474
3075,0.4586725274241098,0.6917152404785156,0.4644361436367035
3076,0.47752208334564855,0.7009142637252808,0.48895198106765747
3077,0.4618141200776996,0.6679695844650269,0.47947168350219727
3078,0.4178318229274425,0.5939075946807861,0.43785884976387024
3079,0.3455751918948773,0.4820983111858368,0.36583268642425537
3080,0.24818581963359368,0.33819374442100525,0.2670122981071472
3081,0.1350884841043611,0.17008666694164276,0.1477147787809372
3082,0.00942477796076938,-0.012225307524204254,0.016298534348607063
3083,-0.11938052083641214,-0.1970236748456955,-0.11761711537837982
3084,-0.24504422698000386,-0.3716813027858734,-0.24406984448432922
3085,-0.34871678454846705,-0.5239500999450684,-0.35447150468826294
3086,-0.4303981935418017,-0.6434298753738403,-0.44205766916275024
3087,-0.48380526865282814,-0.722638726234436,-0.49931952357292175
3088,-0.5026548245743669,-0.7572695016860962,-0.5215137004852295
3089,-0.48694686130641796,-0.745772123336792,-0.5097612142562866
3090,-0.44610615680975063,-0.6887779235839844,-0.46465617418289185
3091,-0.37070793312359557,-0.5887995958328247,-0.38694190979003906
3092,-0.2670353755551324,-0.450311541557312,-0.27961739897727966
3093,-0.1413716694115407,-0.2801187038421631,-0.1482093632221222
3094,-0.0031415926535897933,-0.08784022927284241,-0.0012118220329284668
3095,0.1413716694115407,0.11378394812345505,0.14975960552692413
3096,0.27646015351590175,0.3092098832130432,0.29120564460754395
3097,0.3895574890451343,0.4814576804637909,0.4099443256855011
3098,0.4649557127312894,0.6144390106201172,0.4924592971801758
3099,0.49637163926718736,0.695285439491272,0.5261454582214355
3100,0.48066367599923837,0.7155089378356934,0.507245659828186
3101,0.4146902302738527,0.6708611249923706,0.4352644979953766
3102,0.30159289474462014,0.5609626770019531,0.3115060031414032
3103,0.1413716694115407,0.38978832960128784,0.1424633264541626
3104,-0.053407075111026485,0.16712696850299835,-0.05975803732872009
3105,-0.26389378290154264,-0.089899443089962,-0.27862662076950073
3106,-0.47123889803846897,-0.3568741977214813,-0.49403342604637146
3107,-0.6628760499074464,-0.6052484512329102,-0.6856292486190796
3108,-0.8105309046261666,-0.8084291219711304,-0.8396496772766113
3109,-0.91106186954104,-0.9475841522216797,-0.9411096572875977
3110,-0.9487609813841175,-1.0133421421051025,-0.9798039197921753
3111,-0.9204866475018093,-1.003382921218872,-0.9528388977050781
3112,-0.8262388678941156,-0.919501543045044,-0.8573318719863892
3113,-0.669159235214626,-0.7666382789611816,-0.6958410739898682
3114,-0.45553093477052,-0.55339515209198,-0.4763297736644745
3115,-0.19792033717615698,-0.2929445505142212,-0.21248720586299896
3116,0.08168140899333463,-0.0037689395248889923,0.07602754235267639
3117,0.3581415625092364,0.29074493050575256,0.3658781945705414
3118,0.6188937527571892,0.5649133920669556,0.6336542367935181
3119,0.835663645854885,0.7954723834991455,0.858924150466919
3120,0.9990264638415542,0.9663171768188477,1.0322290658950806
3121,1.105840614063607,1.0704140663146973,1.1487839221954346
3122,1.156106096521044,1.108260154724121,1.2050600051879883
3123,1.156106096521044,1.085206389427185,1.2063692808151245
3124,1.108982206717197,1.0099143981933594,1.1579163074493408
3125,1.017876019763093,0.8936973810195923,1.0652854442596436
3126,0.8922123136195013,0.7493221759796143,0.9353398084640503
3127,0.7382742735936014,0.5892763137817383,0.7756632566452026
3128,0.5654866776461628,0.42456722259521484,0.5945131778717041
3129,0.38641589639154456,0.2643038034439087,0.4010216295719147
3130,0.20420352248333654,0.11547381430864334,0.205622136592865
3131,0.031415926535897934,-0.017257601022720337,0.018895164132118225
3132,-0.12252211349000193,-0.13134124875068665,-0.15095803141593933
3133,-0.257610597594363,-0.22570565342903137,-0.2970631718635559
3134,-0.3675663404700058,-0.30012136697769165,-0.4141218066215515
3135,-0.44924774946334045,-0.354755163192749,-0.4969500005245209
3136,-0.49637163926718736,-0.38977310061454773,-0.5421860218048096
3137,-0.5120796025351363,-0.40499770641326904,-0.5521622896194458
3138,-0.4932300466135975,-0.39986783266067505,-0.529220700263977
3139,-0.44610615680975063,-0.3737840950489044,-0.47460564970970154
3140,-0.3675663404700058,-0.32660987973213196,-0.39072299003601074
3141,-0.2670353755551324,-0.2590956687927246,-0.2814643681049347
3142,-0.15079644737231007,-0.1732454001903534,-0.15271404385566711
3143,-0.01884955592153876,-0.072701595723629,-0.013209912925958633
3144,0.10995574287564276,0.036969948559999466,0.12601912021636963
3145,0.2293362637120549,0.1483277678489685,0.25374579429626465
3146,0.3298672286269283,0.2525792121887207,0.3593289256095886
3147,0.3989822670059037,0.3405509889125824,0.4323061406612396
3148,0.4303981935418017,0.4039003252983093,0.4648134708404541
3149,0.4209734155810323,0.43621087074279785,0.4562333822250366
3150,0.38013271108436497,0.4336637258529663,0.4087091386318207
3151,0.30159289474462014,0.3952632546424866,0.3252190351486206
3152,0.19792033717615698,0.32284319400787354,0.21203726530075073
3153,0.07539822368615504,0.22104358673095703,0.07900188118219376
3154,-0.053407075111026485,0.09721331298351288,-0.061715707182884216
3155,-0.1790707812546182,-0.03897693753242493,-0.19695641100406647
3156,-0.289026524130261,-0.1763760894536972,-0.3145967423915863
3157,-0.37070793312359557,-0.30359947681427,-0.40496963262557983
3158,-0.42411500823462206,-0.4103984832763672,-0.45923227071762085
3159,-0.43982297150257105,-0.4887818396091461,-0.4744715392589569
3160,-0.4178318229274425,-0.5336191654205322,-0.4538222849369049
3161,-0.3738495257771854,-0.5427029132843018,-0.4003697633743286
3162,-0.2984513020910304,-0.5164579153060913,-0.31878191232681274
3163,-0.20420352248333654,-0.4575313329696655,-0.21584855020046234
3164,-0.10053096491487339,-0.3703833818435669,-0.09977887570858002
3165,0.00942477796076938,-0.2609008252620697,0.02029735967516899
3166,0.11623892818282235,-0.13604101538658142,0.1349007487297058
3167,0.20734511513692636,-0.0035231374204158783,0.2352365255355835
3168,0.2827433388230814,0.12846970558166504,0.31405574083328247
3169,0.3298672286269283,0.2516669034957886,0.36569690704345703
3170,0.3518583772020568,0.3582049012184143,0.3877321481704712
3171,0.34871678454846705,0.4411712884902954,0.38210242986679077
3172,0.3204424506661589,0.49506399035453796,0.3516528606414795
3173,0.273318560862312,0.5160729885101318,0.2982201874256134
3174,0.20734511513692636,0.5021951198577881,0.22422362864017487
3175,0.1288052987971815,0.453290194272995,0.13368085026741028
3176,0.03769911184307752,0.37119796872138977,0.03206278011202812
3177,-0.05654866776461628,0.25995516777038574,-0.07372814416885376
3178,-0.15079644737231007,0.12602901458740234,-0.17562496662139893
3179,-0.2324778563656447,-0.02161267027258873,-0.26576074957847595
3180,-0.2984513020910304,-0.17181046307086945,-0.33662909269332886
3181,-0.3424335992412874,-0.3120749890804291,-0.3799598217010498
3182,-0.35499996985564664,-0.429984450340271,-0.391252338886261
3183,-0.3361504139341079,-0.5147854089736938,-0.3711417019367218
3184,-0.289026524130261,-0.5586490631103516,-0.3195182681083679
3185,-0.21676989309769573,-0.5572315454483032,-0.23720309138298035
3186,-0.11623892818282235,-0.5096859931945801,-0.12828166782855988
3187,0.0,-0.4185788929462433,-0.00015503540635108948
3188,0.12566370614359174,-0.28997352719306946,0.13661038875579834
3189,0.24818581963359368,-0.1335362195968628,0.26918014883995056
3190,0.3581415625092364,0.037745390087366104,0.3846183121204376
3191,0.4366813788489812,0.2086028754711151,0.4708944261074066
3192,0.47752208334564855,0.363349974155426,0.5168371200561523
3193,0.47752208334564855,0.48814657330513,0.5184887051582336
3194,0.4366813788489812,0.5728709697723389,0.4776608943939209
3195,0.36442474781641604,0.6119818687438965,0.3972722589969635
3196,0.25446900494077324,0.6044312715530396,0.2835792899131775
3197,0.1288052987971815,0.5531967878341675,0.14737355709075928
3198,-0.006283185307179587,0.46485063433647156,0.0028481967747211456
3199,-0.13194689145077132,0.3490684926509857,-0.13445571064949036
3200,-0.23561944901923448,0.21774132549762726,-0.250275194644928
3201,-0.3078760800517997,0.08360451459884644,-0.33137309551239014
3202,-0.3361504139341079,-0.041306495666503906,-0.3675164580345154
3203,-0.32358404331974866,-0.14695505797863007,-0.35965532064437866
3204,-0.273318560862312,-0.22614115476608276,-0.31103163957595825
3205,-0.19477874452256716,-0.2748907804489136,-0.22653570771217346
3206,-0.09110618695410401,-0.2924714982509613,-0.1152898520231247
3207,0.025132741228718346,-0.28107166290283203,0.010602151975035667
3208,0.13823007675795088,-0.24517536163330078,0.13759297132492065
3209,0.24190263432641407,-0.19070319831371307,0.2523730397224426
3210,0.32358404331974866,-0.12405334413051605,0.3431902527809143
3211,0.3738495257771854,-0.05124489217996597,0.40091732144355774
3212,0.3895574890451343,0.02264866977930069,0.4224669933319092
3213,0.37699111843077515,0.09372588992118835,0.41151612997055054
3214,0.33929200658769765,0.1592509150505066,0.37385430932044983
3215,0.28588493147667116,0.21751612424850464,0.31575918197631836
3216,0.21991148575128552,0.2675641179084778,0.24475520849227905
3217,0.15393804002589986,0.30875831842422485,0.1692279726266861
3218,0.09110618695410401,0.34030598402023315,0.09699542075395584
3219,0.03769911184307752,0.360904335975647,0.03438214212656021
3220,-0.0031415926535897933,0.3686336278915405,-0.014056820422410965
3221,-0.02827433388230814,0.361139714717865,-0.04666405916213989
3222,-0.0439822971502571,0.3360631465911865,-0.06533221155405045
3223,-0.047123889803846894,0.2916092872619629,-0.07405529171228409
3224,-0.047123889803846894,0.2271360158920288,-0.07731474190950394
3225,-0.047123889803846894,0.14368188381195068,-0.07871078699827194
3226,-0.047123889803846894,0.044402122497558594,-0.08029762655496597
3227,-0.05026548245743669,-0.06516754627227783,-0.08261074870824814
3228,-0.05026548245743669,-0.1771901398897171,-0.08496451377868652
3229,-0.05026548245743669,-0.28213703632354736,-0.08580861240625381
3230,-0.05026548245743669,-0.36995211243629456,-0.08317085355520248
3231,-0.05026548245743669,-0.4314953684806824,-0.07518897205591202
3232,-0.0439822971502571,-0.4597945809364319,-0.060318924486637115
3233,-0.031415926535897934,-0.4507753252983093,-0.03714615851640701
3234,-0.00942477796076938,-0.40352103114128113,-0.004729408770799637
3235,0.02199114857512855,-0.32034632563591003,0.03622940182685852
3236,0.06283185307179587,-0.20686130225658417,0.08254804462194443
3237,0.10367255756846318,-0.07191009074449539,0.12886789441108704
3238,0.1413716694115407,0.07292774319648743,0.16872049868106842
3239,0.16964600329384882,0.21451808512210846,0.19587624073028564
3240,0.18221237390820802,0.33994200825691223,0.2063007652759552
3241,0.1790707812546182,0.43835052847862244,0.19948796927928925
3242,0.16022122533307945,0.5022855997085571,0.17707762122154236
3243,0.1288052987971815,0.52818763256073,0.14142808318138123
3244,0.0879645943005142,0.5162880420684814,0.09614952653646469
3245,0.0439822971502571,0.47023651003837585,0.046708010137081146
3246,0.0,0.3965986967086792,3.2592564821243286e-05
3247,-0.03455751918948772,0.3041013479232788,-0.03644953668117523
3248,-0.05026548245743669,0.20251625776290894,-0.05656290054321289
3249,-0.05026548245743669,0.10133028030395508,-0.0582461804151535
3250,-0.03769911184307752,0.00854693353176117,-0.04379618167877197
3251,-0.012566370614359173,-0.07009835541248322,-0.016662102192640305
3252,0.02199114857512855,-0.1314728707075119,0.01936361938714981
3253,0.05654866776461628,-0.17504280805587769,0.05862119793891907
3254,0.09110618695410401,-0.20260177552700043,0.09361740946769714
3255,0.11309733552923255,-0.21771001815795898,0.11689522117376328
3256,0.11938052083641214,-0.22485607862472534,0.1235896423459053
3257,0.10681415022205297,-0.22847071290016174,0.11230844259262085
3258,0.07539822368615504,-0.2319960594177246,0.08311892300844193
3259,0.02827433388230814,-0.2372032105922699,0.03697569668292999
3260,-0.031415926535897934,-0.2438851296901703,-0.02283773571252823
3261,-0.09424777960769379,-0.24995598196983337,-0.09010554105043411
3262,-0.1759291886010284,-0.2519005537033081,-0.1564406007528305
3263,-0.2293362637120549,-0.24546891450881958,-0.21240125596523285
3264,-0.2607521902479529,-0.2264946699142456,-0.24841588735580444
3265,-0.2670353755551324,-0.19170498847961426,-0.2585805654525757
3266,-0.24504422698000386,-0.13940922915935516,-0.24312344193458557
3267,-0.20106192982974677,-0.06999436765909195,-0.20306460559368134
3268,-0.13194689145077132,0.01380373165011406,-0.1396958976984024
3269,-0.05026548245743669,0.10689982771873474,-0.057694584131240845
3270,0.0439822971502571,0.20222385227680206,0.03510824963450432
3271,0.1413716694115407,0.2915221154689789,0.12923525273799896
3272,0.22305307840487532,0.36650365591049194,0.21476109325885773
3273,0.289026524130261,0.42002296447753906,0.2822219133377075
3274,0.3298672286269283,0.44695258140563965,0.3239124119281769
3275,0.33929200658769765,0.4446021318435669,0.33692994713783264
3276,0.3204424506661589,0.4127797782421112,0.3235989809036255
3277,0.2827433388230814,0.35366153717041016,0.287570983171463
3278,0.2261946710584651,0.27153775095939636,0.23269020020961761
3279,0.15707963267948966,0.1724013239145279,0.16404443979263306
3280,0.07853981633974483,0.06333474814891815,0.08795072138309479
3281,0.0031415926535897933,-0.0482553169131279,0.010965991765260696
3282,-0.06597344572538566,-0.15540385246276855,-0.06091985106468201
3283,-0.1288052987971815,-0.2521982192993164,-0.12277869880199432
3284,-0.1759291886010284,-0.3341563642024994,-0.1714683175086975
3285,-0.21048670779051615,-0.3983736038208008,-0.20597462356090546
3286,-0.2293362637120549,-0.4434461295604706,-0.22721606492996216
3287,-0.23561944901923448,-0.469178706407547,-0.23762720823287964
3288,-0.23561944901923448,-0.476114958524704,-0.2400880753993988
3289,-0.23561944901923448,-0.4649917781352997,-0.23680290579795837
3290,-0.2324778563656447,-0.43626782298088074,-0.2287919819355011
3291,-0.2261946710584651,-0.38986533880233765,-0.21575337648391724
3292,-0.21048670779051615,-0.32521364092826843,-0.19580823183059692
3293,-0.18221237390820802,-0.24157804250717163,-0.16526122391223907
3294,-0.13823007675795088,-0.13858777284622192,-0.11955250799655914
3295,-0.07539822368615504,-0.016884639859199524,-0.05554267764091492
3296,0.006283185307179587,0.12114662677049637,0.02721591666340828
3297,0.10367255756846318,0.27066224813461304,0.12650448083877563
3298,0.21676989309769573,0.42393094301223755,0.23733846843242645
3299,0.33300882128051806,0.5706011056900024,0.3520142138004303
3300,0.4429645641561608,0.6989318132400513,0.46104979515075684
3301,0.5372123437638546,0.7977268695831299,0.5547510385513306
3302,0.6063273821428301,0.8581607341766357,0.6232630014419556
3303,0.6440264939859076,0.8747431039810181,0.6571788787841797
3304,0.6440264939859076,0.8453892469406128,0.6537739038467407
3305,0.6063273821428301,0.7711666822433472,0.6143844127655029
3306,0.5340707511102648,0.65619957447052,0.5404720306396484
3307,0.4366813788489812,0.507763683795929,0.4363553524017334
3308,0.31101767270538955,0.33632928133010864,0.3105391263961792
3309,0.1790707812546182,0.15521034598350525,0.1748693436384201
3310,0.047123889803846894,-0.020564798265695572,0.04286925494670868
3311,-0.06283185307179587,-0.17626287043094635,-0.07249419391155243
3312,-0.15079644737231007,-0.2997492849826813,-0.16012373566627502
3313,-0.19792033717615698,-0.3831368386745453,-0.2109917551279068
3314,-0.21362830044410594,-0.42333483695983887,-0.22435390949249268
3315,-0.19477874452256716,-0.4218301475048065,-0.20667552947998047
3316,-0.15707963267948966,-0.38422104716300964,-0.16563645005226135
3317,-0.10995574287564276,-0.3196479082107544,-0.11129464209079742
3318,-0.05969026041820607,-0.23987886309623718,-0.056029483675956726
3319,-0.02199114857512855,-0.1578524112701416,-0.012656070291996002
3320,-0.0031415926535897933,-0.08583618700504303,0.008919395506381989
3321,-0.012566370614359173,-0.03365430235862732,0.005214262753725052
3322,-0.0439822971502571,-0.00739201158285141,-0.02362630143761635
3323,-0.09738937226128358,-0.008720830082893372,-0.07510683685541153
3324,-0.16650441064025903,-0.03480452299118042,-0.14265407621860504
3325,-0.23561944901923448,-0.07874713838100433,-0.21620169281959534
3326,-0.3047344873982099,-0.1306210607290268,-0.28349465131759644
3327,-0.34871678454846705,-0.17906144261360168,-0.3306621313095093
3328,-0.3612831551628262,-0.21315769851207733,-0.3461383581161499
3329,-0.33929200658769765,-0.22416603565216064,-0.32681137323379517
3330,-0.2796017461694916,-0.20667405426502228,-0.2715023458003998
3331,-0.18221237390820802,-0.1592063456773758,-0.18080084025859833
3332,-0.05969026041820607,-0.08450605720281601,-0.06104227155447006
3333,0.08168140899333463,0.010407786816358566,0.07590167224407196
3334,0.22305307840487532,0.11469502002000809,0.21448048949241638
3335,0.34871678454846705,0.2150954008102417,0.3381723463535309
3336,0.4429645641561608,0.298204630613327,0.4310874044895172
3337,0.4932300466135975,0.3528081476688385,0.47830063104629517
3338,0.4900884539600077,0.37141555547714233,0.47444185614585876
3339,0.4366813788489812,0.3508424758911133,0.42149874567985535
3340,0.33929200658769765,0.2922917306423187,0.3242431581020355
3341,0.20734511513692636,0.2013692855834961,0.19235210120677948
3342,0.05654866776461628,0.08796586096286774,0.04081118851900101
3343,-0.10681415022205297,-0.03453705459833145,-0.11195659637451172
3344,-0.24818581963359368,-0.15117017924785614,-0.24764183163642883
3345,-0.3518583772020568,-0.24799835681915283,-0.35016024112701416
3346,-0.41154863762026295,-0.31438878178596497,-0.4043658375740051
3347,-0.4146902302738527,-0.34415575861930847,-0.4082753360271454
3348,-0.3738495257771854,-0.33571115136146545,-0.36553755402565
3349,-0.29216811678385074,-0.2918383479118347,-0.2813633680343628
3350,-0.1790707812546182,-0.21943572163581848,-0.16719472408294678
3351,-0.053407075111026485,-0.12897713482379913,-0.03881761431694031
3352,0.07225663103256524,-0.03319574147462845,0.08644267171621323
3353,0.1759291886010284,0.05505112186074257,0.19218133389949799
3354,0.25132741228718347,0.12507575750350952,0.2636990547180176
3355,0.2827433388230814,0.16999724507331848,0.29243043065071106
3356,0.273318560862312,0.18740878999233246,0.28032398223876953
3357,0.2324778563656447,0.17933152616024017,0.23436515033245087
3358,0.16650441064025903,0.15182539820671082,0.1645195186138153
3359,0.09110618695410401,0.11427978426218033,0.08431446552276611
3360,0.02199114857512855,0.07808613777160645,0.009518362581729889
3361,-0.025132741228718346,0.054640889167785645,-0.043188922107219696
3362,-0.0439822971502571,0.053184665739536285,-0.060998499393463135
3363,-0.025132741228718346,0.07908540964126587,-0.04212634265422821
3364,0.025132741228718346,0.13277079164981842,0.012069493532180786
3365,0.10367255756846318,0.2092387080192566,0.09682274609804153
3366,0.20106192982974677,0.2982339859008789,0.20039957761764526
3367,0.30159289474462014,0.3854323625564575,0.3063541650772095
3368,0.38641589639154456,0.4547620713710785,0.3968166410923004
3369,0.4366813788489812,0.49124565720558167,0.4518144130706787
3370,0.43982297150257105,0.48326027393341064,0.4564118981361389
3371,0.3895574890451343,0.42368850111961365,0.40634194016456604
3372,0.28588493147667116,0.3104948103427887,0.3009876012802124
3373,0.1350884841043611,0.14766034483909607,0.14567962288856506
3374,-0.05026548245743669,-0.053259752690792084,-0.04665582627058029
3375,-0.257610597594363,-0.27216285467147827,-0.25639045238494873
3376,-0.4586725274241098,-0.48238405585289,-0.4590391516685486
3377,-0.6251769380643689,-0.6565817594528198,-0.6310067176818848
3378,-0.7414158662471911,-0.7733209133148193,-0.7508242130279541
3379,-0.7885397560510381,-0.8197916746139526,-0.8009116649627686
3380,-0.7602654221687299,-0.7902896404266357,-0.7765066623687744
3381,-0.6565928646002668,-0.6839635372161865,-0.6718873977661133
3382,-0.47123889803846897,-0.5045937299728394,-0.4901309311389923
3383,-0.23561944901923448,-0.2625857889652252,-0.24419531226158142
3384,0.047123889803846894,0.022159550338983536,0.04381793364882469
3385,0.3518583772020568,0.319482684135437,0.3450739085674286
3386,0.6314601233715484,0.5937752723693848,0.6279780864715576
3387,0.8576547944300136,0.8133571147918701,0.8623002767562866
3388,1.0147344271095031,0.9579833745956421,1.0266653299331665
3389,1.0869910581420683,1.0194405317306519,1.1069719791412354
3390,1.0744246875277093,0.9973272085189819,1.099991798400879
3391,0.9770353152664256,0.8957195281982422,1.0065805912017822
3392,0.7979645340118074,0.7232439517974854,0.8332232236862183
3393,0.5592034923389833,0.494927316904068,0.5937176942825317
3394,0.2827433388230814,0.23306232690811157,0.31055864691734314
3395,-0.012566370614359173,-0.034886159002780914,0.012953082099556923
3396,-0.28588493147667116,-0.2810746729373932,-0.2683051824569702
3397,-0.5089380098815465,-0.4822457730770111,-0.5058404207229614
3398,-0.6723008278682158,-0.6227234601974487,-0.6789249181747437
3399,-0.7602654221687299,-0.6948931217193604,-0.7732090950012207
3400,-0.7696902001294993,-0.6979178190231323,-0.7890843152999878
3401,-0.7037167544041136,-0.6362773180007935,-0.7287907600402832
3402,-0.5686282702997526,-0.5192397832870483,-0.6014935970306396
3403,-0.3895574890451343,-0.3607236444950104,-0.4223532974720001
3404,-0.18221237390820802,-0.17812661826610565,-0.21074143052101135
3405,0.031415926535897934,0.010111231356859207,0.010953802615404129
3406,0.23876104167282428,0.18697337806224823,0.21989741921424866
3407,0.40840704496667307,0.338401734828949,0.3966270387172699
3408,0.5309291584566751,0.4541313648223877,0.5267738103866577
3409,0.5969026041820608,0.5282657146453857,0.6008044481277466
3410,0.6063273821428301,0.5594112873077393,0.6178905963897705
3411,0.5654866776461628,0.5501375198364258,0.5842548608779907
3412,0.48380526865282814,0.505953848361969,0.5077043175697327
3413,0.37070793312359557,0.43411365151405334,0.3977925777435303
3414,0.23876104167282428,0.34241369366645813,0.2663429081439972
3415,0.09738937226128358,0.23818837106227875,0.1260572373867035
3416,-0.03455751918948772,0.1277921497821808,-0.011152110993862152
3417,-0.15079644737231007,0.016584543511271477,-0.1350497007369995
3418,-0.24818581963359368,-0.09097355604171753,-0.23785004019737244
3419,-0.31730085801256913,-0.19137851893901825,-0.31546324491500854
3420,-0.3581415625092364,-0.2820846140384674,-0.36550334095954895
3421,-0.3738495257771854,-0.3612215220928192,-0.38915133476257324
3422,-0.37070793312359557,-0.4271812438964844,-0.39185860753059387
3423,-0.35499996985564664,-0.4783543646335602,-0.37911292910575867
3424,-0.3298672286269283,-0.5131065845489502,-0.35475102066993713
3425,-0.2984513020910304,-0.529915452003479,-0.3217979073524475
3426,-0.26389378290154264,-0.5275946855545044,-0.2827882766723633
3427,-0.2261946710584651,-0.5055545568466187,-0.23978066444396973
3428,-0.18849555921538758,-0.4640229642391205,-0.19485239684581757
3429,-0.15079644737231007,-0.4041667878627777,-0.1502637267112732
3430,-0.11309733552923255,-0.3281214237213135,-0.10790309309959412
3431,-0.07853981633974483,-0.23895370960235596,-0.06924991309642792
3432,-0.05026548245743669,-0.1405327320098877,-0.03545822948217392
3433,-0.025132741228718346,-0.037250958383083344,-0.007056720554828644
3434,-0.0031415926535897933,0.06640017032623291,0.01630895584821701
3435,0.015707963267948967,0.16630345582962036,0.035926781594753265
3436,0.03455751918948772,0.2591172158718109,0.05389689654111862
3437,0.053407075111026485,0.34252551198005676,0.07291845977306366
3438,0.07853981633974483,0.41530168056488037,0.0960814505815506
3439,0.10995574287564276,0.47717952728271484,0.12664127349853516
3440,0.15079644737231007,0.5285587310791016,0.167512446641922
3441,0.20420352248333654,0.5701001882553101,0.2203165739774704
3442,0.2701769682087222,0.6022820472717285,0.2844318151473999
3443,0.3424335992412874,0.6250008344650269,0.3566386103630066
3444,0.4146902302738527,0.6373144388198853,0.4314182698726654
3445,0.48380526865282814,0.6374108791351318,0.5016285181045532
3446,0.5403539364174444,0.6228301525115967,0.5589830875396729
3447,0.5749114556069321,0.5908807516098022,0.5943166017532349
3448,0.5843362335677015,0.5391396284103394,0.601032018661499
3449,0.5592034923389833,0.46593934297561646,0.5769667625427246
3450,0.5026548245743669,0.3708151578903198,0.5199207067489624
3451,0.41154863762026295,0.2549271583557129,0.4284282922744751
3452,0.29216811678385074,0.12146861851215363,0.3046310842037201
3453,0.14765485471872028,-0.024010688066482544,0.15507200360298157
3454,-0.015707963267948967,-0.1735852211713791,-0.00975988432765007
3455,-0.1790707812546182,-0.31752851605415344,-0.17655064165592194
3456,-0.33300882128051806,-0.44560080766677856,-0.3312675654888153
3457,-0.4649557127312894,-0.5487278699874878,-0.46257200837135315
3458,-0.5654866776461628,-0.6204332113265991,-0.5626137256622314
3459,-0.6251769380643689,-0.6575466394424438,-0.6237320899963379
3460,-0.6440264939859076,-0.660224199295044,-0.6451511383056641
3461,-0.6283185307179586,-0.6316307783126831,-0.6322704553604126
3462,-0.5811946409141117,-0.5775289535522461,-0.5909849405288696
3463,-0.5183627878423158,-0.5057260990142822,-0.5289726257324219
3464,-0.4429645641561608,-0.42518970370292664,-0.4552498161792755
3465,-0.36442474781641604,-0.34476223587989807,-0.3788240849971771
3466,-0.29216811678385074,-0.27169400453567505,-0.3075239956378937
3467,-0.2324778563656447,-0.21043303608894348,-0.24695053696632385
3468,-0.18221237390820802,-0.16203659772872925,-0.19932667911052704
3469,-0.1445132620651305,-0.12425896525382996,-0.1626293957233429
3470,-0.11623892818282235,-0.09212026000022888,-0.131203293800354
3471,-0.08482300164692441,-0.05876762419939041,-0.09717081487178802
3472,-0.0439822971502571,-0.01657845824956894,-0.0518980547785759
3473,0.00942477796076938,0.041511621326208115,0.011798014864325523
3474,0.08482300164692441,0.12056086957454681,0.09773749113082886
3475,0.18535396656179778,0.22219745814800262,0.2058323323726654
3476,0.30159289474462014,0.34339576959609985,0.3316711187362671
3477,0.4272566008882119,0.47584933042526245,0.4662555754184723
3478,0.5592034923389833,0.6066148281097412,0.5973032712936401
3479,0.669159235214626,0.720413327217102,0.7124450206756592
3480,0.7571238295151402,0.8028676509857178,0.7992628812789917
3481,0.8042477193189871,0.8430835008621216,0.8425838947296143
3482,0.8042477193189871,0.8346092700958252,0.836514949798584
3483,0.7539822368615503,0.7752516269683838,0.7800995111465454
3484,0.6503096792930871,0.6667791604995728,0.6726503372192383
3485,0.5057964172279567,0.5150209665298462,0.5186244249343872
3486,0.3298672286269283,0.33024582266807556,0.3290374279022217
3487,0.1288052987971815,0.12733608484268188,0.12069904804229736
3488,-0.06597344572538566,-0.07519509643316269,-0.08600804209709167
3489,-0.24504422698000386,-0.25806230306625366,-0.2704627811908722
3490,-0.3832743037379548,-0.40500178933143616,-0.41636472940444946
3491,-0.47438049069205873,-0.5053945779800415,-0.5092517137527466
3492,-0.5089380098815465,-0.5547550916671753,-0.543952226638794
3493,-0.4932300466135975,-0.5539727210998535,-0.5255379676818848
3494,-0.4303981935418017,-0.5085551738739014,-0.46073004603385925
3495,-0.3424335992412874,-0.4281894266605377,-0.3614884912967682
3496,-0.2324778563656447,-0.3260498642921448,-0.2437441349029541
3497,-0.12252211349000193,-0.2172473669052124,-0.12486772239208221
3498,-0.02827433388230814,-0.11648748815059662,-0.021372396498918533
3499,0.03769911184307752,-0.0356941893696785,0.0522802397608757
3500,0.06597344572538566,0.0176028273999691,0.08749325573444366
3501,0.05654866776461628,0.040850892663002014,0.08559898287057877
3502,0.02199114857512855,0.036293111741542816,0.05360299348831177
3503,-0.031415926535897934,0.010391883552074432,0.0010300949215888977
3504,-0.0879645943005142,-0.027126502245664597,-0.059929996728897095
3505,-0.13823007675795088,-0.06480735540390015,-0.11508017778396606
3506,-0.16964600329384882,-0.09145784378051758,-0.1498715579509735
3507,-0.16964600329384882,-0.09802931547164917,-0.15565529465675354
3508,-0.13823007675795088,-0.07888922840356827,-0.13166378438472748
3509,-0.07853981633974483,-0.032432280480861664,-0.07721667736768723
3510,0.006283185307179587,0.03871186822652817,0.0045566074550151825
3511,0.11309733552923255,0.1277633160352707,0.10467389225959778
3512,0.21991148575128552,0.22445157170295715,0.21078155934810638
3513,0.3204424506661589,0.31659603118896484,0.30951592326164246
3514,0.40212385965949354,0.39233869314193726,0.38790982961654663
3515,0.44610615680975063,0.44214388728141785,0.43399760127067566
3516,0.45553093477052,0.45989862084388733,0.44220268726348877
3517,0.42411500823462206,0.44316965341567993,0.4142434000968933
3518,0.36442474781641604,0.39308664202690125,0.3536270260810852
3519,0.273318560862312,0.31417739391326904,0.2661333382129669
3520,0.16336281798666927,0.2140655815601349,0.16102531552314758
3521,0.047123889803846894,0.10268433392047882,0.05002184957265854
3522,-0.05654866776461628,-0.009140104055404663,-0.05482124537229538
3523,-0.14765485471872028,-0.11136411130428314,-0.14288675785064697
3524,-0.21362830044410594,-0.19603413343429565,-0.2052708864212036
3525,-0.24504422698000386,-0.25790369510650635,-0.23684746026992798
3526,-0.24818581963359368,-0.2945079505443573,-0.24000024795532227
3527,-0.2293362637120549,-0.3059822916984558,-0.2206176519393921
3528,-0.1916371518689774,-0.29472535848617554,-0.1843215823173523
3529,-0.1445132620651305,-0.26483017206192017,-0.1371498554944992
3530,-0.0879645943005142,-0.22127488255500793,-0.08557004481554031
3531,-0.03769911184307752,-0.16905280947685242,-0.03550218790769577
3532,0.00942477796076938,-0.11251482367515564,0.008372703567147255
3533,0.047123889803846894,-0.05508989840745926,0.042897071689367294
3534,0.07539822368615504,0.0006460994482040405,0.06683842092752457
3535,0.09424777960769379,0.052711121737957,0.08094149082899094
3536,0.09738937226128358,0.09939829260110855,0.08696471899747849
3537,0.09738937226128358,0.13894397020339966,0.08676202595233917
3538,0.09424777960769379,0.1692371368408203,0.08175063133239746
3539,0.0879645943005142,0.1876818835735321,0.07256714999675751
3540,0.07539822368615504,0.19133248925209045,0.0589229017496109
3541,0.05654866776461628,0.17733891308307648,0.03960359841585159
3542,0.02827433388230814,0.14363083243370056,0.012827469035983086
3543,-0.012566370614359173,0.08968431502580643,-0.022745009511709213
3544,-0.06283185307179587,0.017210008576512337,-0.06674546003341675
3545,-0.11938052083641214,-0.06936104595661163,-0.11628597974777222
3546,-0.1759291886010284,-0.16272538900375366,-0.1658487170934677
3547,-0.22305307840487532,-0.2530520260334015,-0.20757447183132172
3548,-0.25132741228718347,-0.3289315402507782,-0.23208841681480408
3549,-0.25446900494077324,-0.3788260221481323,-0.23248827457427979
3550,-0.2261946710584651,-0.39266011118888855,-0.20531484484672546
3551,-0.16336281798666927,-0.36313626170158386,-0.14618320763111115
3552,-0.06283185307179587,-0.28664857149124146,-0.052563391625881195
3553,0.06283185307179587,-0.1640915423631668,0.07263179123401642
3554,0.21991148575128552,-0.0018846765160560608,0.22066941857337952
3555,0.38013271108436497,0.18705953657627106,0.3775324821472168
3556,0.5309291584566751,0.3835066258907318,0.5258175730705261
3557,0.6597344572538566,0.5643835067749023,0.6489032506942749
3558,0.7414158662471911,0.7073720693588257,0.7286407947540283
3559,0.7696902001294993,0.7953493595123291,0.7494276762008667
3560,0.7319910882864218,0.8181569576263428,0.7080552577972412
3561,0.6283185307179586,0.7717177867889404,0.6025015115737915
3562,0.4649557127312894,0.6568200588226318,0.43532487750053406
3563,0.24190263432641407,0.47943657636642456,0.2176540344953537
3564,-0.00942477796076938,0.25250422954559326,-0.031017549335956573
3565,-0.26389378290154264,-0.002572733908891678,-0.2856983542442322
3566,-0.5057964172279567,-0.257252037525177,-0.5182652473449707
3567,-0.6974335690969341,-0.4812377393245697,-0.7042499780654907
3568,-0.8262388678941156,-0.6494909524917603,-0.8213779926300049
3569,-0.8639379797371931,-0.7463611364364624,-0.8594446182250977
3570,-0.819955682586936,-0.7650107145309448,-0.8136953115463257
3571,-0.6848671984825748,-0.7046728134155273,-0.682624340057373
3572,-0.4680973053848792,-0.5693227052688599,-0.47432026267051697
3573,-0.20420352248333654,-0.36891278624534607,-0.20559857785701752
3574,0.10681415022205297,-0.12147350609302521,0.09818751364946365
3575,0.41154863762026295,0.14693909883499146,0.40629759430885315
3576,0.6942919764433443,0.4061177968978882,0.6869515180587769
3577,0.9173450548482196,0.6279119253158569,0.9122759103775024
3578,1.0649999095669398,0.7915349006652832,1.0642051696777344
3579,1.1278317626387357,0.8855276107788086,1.1322424411773682
3580,1.105840614063607,0.9064387083053589,1.1152490377426147
3581,1.002168056495144,0.856452226638794,1.0153330564498901
3582,0.8230972752405259,0.7421603202819824,0.8397105932235718
3583,0.5811946409141117,0.574741005897522,0.6016719341278076
3584,0.28588493147667116,0.3699681758880615,0.32149145007133484
3585,-0.0031415926535897933,0.14664608240127563,0.025046970695257187
3586,-0.28588493147667116,-0.07605734467506409,-0.2604104280471802
3587,-0.5309291584566751,-0.2808046042919159,-0.5099713802337646
3588,-0.7225663103256524,-0.45338010787963867,-0.7068501710891724
3589,-0.8482300164692441,-0.5838017463684082,-0.8400287628173828
3590,-0.9079202768874503,-0.6672383546829224,-0.9054735898971558
3591,-0.9047786842338604,-0.7039204835891724,-0.9079967737197876
3592,-0.8450884238156543,-0.6980623006820679,-0.8536938428878784
3593,-0.7351326809400116,-0.6565413475036621,-0.7516754865646362
3594,-0.5906194188748811,-0.5876635313034058,-0.6129355430603027
3595,-0.42411500823462206,-0.49993738532066345,-0.4497253894805908
3596,-0.24818581963359368,-0.4010225832462311,-0.2751351296901703
3597,-0.07539822368615504,-0.2972133159637451,-0.10266146063804626
3598,0.08168140899333463,-0.19342535734176636,0.05485275387763977
3599,0.20734511513692636,-0.09325307607650757,0.18757979571819305
3600,0.30159289474462014,0.0010661333799362183,0.2892912030220032
3601,0.36442474781641604,0.088501937687397,0.3561752736568451
3602,0.3895574890451343,0.16874484717845917,0.3893486559391022
3603,0.3895574890451343,0.24163375794887543,0.39467304944992065
3604,0.3675663404700058,0.3067873418331146,0.37913164496421814
3605,0.3361504139341079,0.36345070600509644,0.3492457866668701
3606,0.29530970943744056,0.41043850779533386,0.3113657832145691
3607,0.25132741228718347,0.4461669921875,0.2711886763572693
3608,0.21048670779051615,0.46880877017974854,0.23291414976119995
3609,0.1759291886010284,0.4765247702598572,0.19932705163955688
3610,0.14765485471872028,0.46769043803215027,0.17227880656719208
3611,0.13194689145077132,0.44109705090522766,0.15180176496505737
3612,0.11938052083641214,0.3961522877216339,0.13625985383987427
3613,0.11309733552923255,0.3330700397491455,0.12333939969539642
3614,0.10681415022205297,0.25301891565322876,0.11053967475891113
3615,0.10053096491487339,0.15823404490947723,0.09549533575773239
3616,0.0879645943005142,0.05212239921092987,0.07621847093105316
3617,0.07225663103256524,-0.06066770851612091,0.05135151743888855
3618,0.0439822971502571,-0.17431028187274933,0.020520517602562904
3619,0.012566370614359173,-0.2820928990840912,-0.015337705612182617
3620,-0.02827433388230814,-0.376941442489624,-0.05386033654212952
3621,-0.06597344572538566,-0.4520890414714813,-0.09141598641872406
3622,-0.10367255756846318,-0.501732349395752,-0.12351185083389282
3623,-0.13194689145077132,-0.5215219259262085,-0.14555998146533966
3624,-0.14765485471872028,-0.5088280439376831,-0.15434607863426208
3625,-0.1445132620651305,-0.4628424644470215,-0.14935365319252014
3626,-0.1288052987971815,-0.384638249874115,-0.13159890472888947
3627,-0.10053096491487339,-0.27727317810058594,-0.10134522616863251
3628,-0.05969026041820607,-0.14592944085597992,-0.058529891073703766
3629,-0.006283185307179587,0.002008911222219467,-0.0048140063881874084
3630,0.05654866776461628,0.15711486339569092,0.05588575452566147
3631,0.11938052083641214,0.3085132837295532,0.11823666095733643
3632,0.1790707812546182,0.4449975788593292,0.1763477325439453
3633,0.2293362637120549,0.5564734935760498,0.22444522380828857
3634,0.2670353755551324,0.6352629661560059,0.25779223442077637
3635,0.28588493147667116,0.6768265962600708,0.27407246828079224
3636,0.28588493147667116,0.6798275709152222,0.27421534061431885
3637,0.273318560862312,0.6458131074905396,0.2613421082496643
3638,0.24818581963359368,0.5788086652755737,0.23913118243217468
3639,0.21676989309769573,0.4849097728729248,0.2112565040588379
3640,0.18535396656179778,0.37178680300712585,0.18140344321727753
3641,0.15079644737231007,0.24803444743156433,0.15307052433490753
3642,0.12252211349000193,0.12240438163280487,0.1291511058807373
3643,0.10053096491487339,0.003021351993083954,0.11146523058414459
3644,0.0879645943005142,-0.10330046713352203,0.10029548406600952
3645,0.07853981633974483,-0.19154605269432068,0.0943019837141037
3646,0.07853981633974483,-0.2587357759475708,0.09110330045223236
3647,0.07853981633974483,-0.30389997363090515,0.08805869519710541
3648,0.07853981633974483,-0.3278184235095978,0.08279060572385788
3649,0.07539822368615504,-0.332573801279068,0.07343360781669617
3650,0.06597344572538566,-0.3209962248802185,0.058779649436473846
3651,0.05026548245743669,-0.296105295419693,0.038497962057590485
3652,0.031415926535897934,-0.2606675624847412,0.013428585603833199
3653,0.006283185307179587,-0.2169470489025116,-0.014269214123487473
3654,-0.01884955592153876,-0.16665957868099213,-0.04129106551408768
3655,-0.04084070449666732,-0.11108827590942383,-0.06371062994003296
3656,-0.05654866776461628,-0.05130805820226669,-0.07789653539657593
3657,-0.05969026041820607,0.011526472866535187,-0.08175528794527054
3658,-0.05654866776461628,0.07588320970535278,-0.07543139904737473
3659,-0.047123889803846894,0.13961872458457947,-0.06051255762577057
3660,-0.02827433388230814,0.19988377392292023,-0.03875371068716049
3661,-0.006283185307179587,0.25321725010871887,-0.011950071901082993
3662,0.02199114857512855,0.29583239555358887,0.01739121414721012
3663,0.047123889803846894,0.32404467463493347,0.04589112475514412
3664,0.06911503837897544,0.33474576473236084,0.0699307769536972
3665,0.08482300164692441,0.3258207142353058,0.08654430508613586
3666,0.09110618695410401,0.296446830034256,0.09416265785694122
3667,0.0879645943005142,0.24726170301437378,0.0928708165884018
3668,0.08168140899333463,0.18041449785232544,0.08397678285837173
3669,0.07225663103256524,0.09949850291013718,0.06928426772356033
3670,0.05654866776461628,0.009341828525066376,0.05062516778707504
3671,0.03769911184307752,-0.08436848223209381,0.029716502875089645
3672,0.01884955592153876,-0.1756165623664856,0.00811232440173626
3673,0.0,-0.258666068315506,-0.012871861457824707
3674,-0.02199114857512855,-0.328627347946167,-0.03225863724946976
3675,-0.04084070449666732,-0.38186612725257874,-0.04950123280286789
3676,-0.05969026041820607,-0.41618967056274414,-0.06448575854301453
3677,-0.07225663103256524,-0.4308110773563385,-0.07736675441265106
3678,-0.0879645943005142,-0.4261380136013031,-0.08829903602600098
3679,-0.09738937226128358,-0.4034494161605835,-0.09719935059547424
3680,-0.10367255756846318,-0.3645321726799011,-0.10362260043621063
3681,-0.10367255756846318,-0.3113560378551483,-0.10679164528846741
3682,-0.10367255756846318,-0.24586015939712524,-0.10579049587249756
3683,-0.10367255756846318,-0.1698964685201645,-0.09981934726238251
3684,-0.09738937226128358,-0.08532608300447464,-0.08824022114276886
3685,-0.08482300164692441,0.0057724956423044205,-0.07023083418607712
3686,-0.05969026041820607,0.10084732621908188,-0.044502317905426025
3687,-0.025132741228718346,0.19663791358470917,-0.009892124682664871
3688,0.02199114857512855,0.28904643654823303,0.033370491117239
3689,0.07225663103256524,0.3732016682624817,0.08294595777988434
3690,0.1288052987971815,0.44376495480537415,0.13463172316551208
3691,0.18221237390820802,0.49544697999954224,0.18299561738967896
3692,0.2261946710584651,0.5236207246780396,0.2220926582813263
3693,0.257610597594363,0.5248903632164001,0.24663899838924408
3694,0.2670353755551324,0.4975223243236542,0.25387537479400635
3695,0.257610597594363,0.441738098859787,0.24423983693122864
3696,0.23561944901923448,0.3599194288253784,0.21961715817451477
3697,0.19792033717615698,0.2567507028579712,0.18226826190948486
3698,0.14765485471872028,0.13924019038677216,0.13555219769477844
3699,0.09110618695410401,0.01647486723959446,0.08453011512756348
3700,0.03769911184307752,-0.10104236006736755,0.0356898196041584
3701,-0.006283185307179587,-0.20249319076538086,-0.003751203417778015
3702,-0.03455751918948772,-0.27805450558662415,-0.02714671939611435
3703,-0.0439822971502571,-0.3200281262397766,-0.031218983232975006
3704,-0.031415926535897934,-0.32351231575012207,-0.01685367524623871
3705,0.006283185307179587,-0.2866518199443817,0.014770489186048508
3706,0.053407075111026485,-0.2107178121805191,0.06331852823495865
3707,0.11623892818282235,-0.10020087659358978,0.12642274796962738
3708,0.1916371518689774,0.0371432788670063,0.1988111138343811
3709,0.2670353755551324,0.19054777920246124,0.2735385000705719
3710,0.33929200658769765,0.347049355506897,0.34304991364479065
3711,0.39584067435231396,0.49292632937431335,0.39990857243537903
3712,0.4366813788489812,0.6154909133911133,0.4375932216644287
3713,0.4523893421169302,0.7046653032302856,0.4522397220134735
3714,0.44610615680975063,0.7538028955459595,0.44389429688453674
3715,0.4146902302738527,0.7596434354782104,0.4139605164527893
3716,0.36442474781641604,0.7217719554901123,0.3631536066532135
3717,0.29530970943744056,0.6420466899871826,0.2925603985786438
3718,0.20734511513692636,0.5242220163345337,0.2047947347164154
3719,0.10681415022205297,0.3737856149673462,0.1040930449962616
3720,0.0,0.19797596335411072,-0.00402846559882164
3721,-0.10681415022205297,0.005911614745855331,-0.11330416798591614
3722,-0.21048670779051615,-0.19139915704727173,-0.21756815910339355
3723,-0.3047344873982099,-0.38154685497283936,-0.3114430010318756
3724,-0.3832743037379548,-0.5519407987594604,-0.39034780859947205
3725,-0.44610615680975063,-0.6915336847305298,-0.45004093647003174
3726,-0.48694686130641796,-0.7923511266708374,-0.4872613251209259
3727,-0.5026548245743669,-0.8501478433609009,-0.5022950172424316
3728,-0.49637163926718736,-0.8641355037689209,-0.4983668625354767
3729,-0.47752208334564855,-0.8363256454467773,-0.4782290756702423
3730,-0.4429645641561608,-0.7710109949111938,-0.44393831491470337
3731,-0.3989822670059037,-0.6744694709777832,-0.39820706844329834
3732,-0.3455751918948773,-0.5546858310699463,-0.3447602093219757
3733,-0.289026524130261,-0.4209221303462982,-0.28812864422798157
3734,-0.2324778563656447,-0.28306928277015686,-0.23323330283164978
3735,-0.18221237390820802,-0.15078172087669373,-0.18462125957012177
3736,-0.13823007675795088,-0.03251255303621292,-0.14563624560832977
3737,-0.10681415022205297,0.0653369277715683,-0.11775636672973633
3738,-0.0879645943005142,0.1389857530593872,-0.10020783543586731
3739,-0.08168140899333463,0.1875249743461609,-0.09017051011323929
3740,-0.07853981633974483,0.21287615597248077,-0.08349953591823578
3741,-0.07853981633974483,0.21945610642433167,-0.07552532106637955
3742,-0.07225663103256524,0.21354429423809052,-0.06156012415885925
3743,-0.05654866776461628,0.20239844918251038,-0.03690912574529648
3744,-0.02199114857512855,0.19323354959487915,0.002928107976913452
3745,0.02827433388230814,0.19221453368663788,0.06088513880968094
3746,0.10053096491487339,0.20359602570533752,0.136715829372406
3747,0.18535396656179778,0.22910892963409424,0.22652985155582428
3748,0.2827433388230814,0.2676635980606079,0.3235004246234894
3749,0.38013271108436497,0.3154447078704834,0.4189516603946686
3750,0.4680973053848792,0.3664609491825104,0.5034682154655457
3751,0.5372123437638546,0.41351160407066345,0.5673291683197021
3752,0.578053048260522,0.44937485456466675,0.6012568473815918
3753,0.5874778262212914,0.4679255783557892,0.6015211343765259
3754,0.562345084992573,0.46495193243026733,0.5689499378204346
3755,0.5057964172279567,0.4386063516139984,0.5045018196105957
3756,0.4178318229274425,0.3895615339279175,0.41114336252212524
3757,0.31101767270538955,0.32095783948898315,0.2955488860607147
3758,0.18535396656179778,0.23813670873641968,0.16766110062599182
3759,0.05969026041820607,0.1480807662010193,0.03935531899333
3760,-0.05654866776461628,0.05853034555912018,-0.07740908116102219
3761,-0.15079644737231007,-0.02308477833867073,-0.1723913550376892
3762,-0.21991148575128552,-0.09061209112405777,-0.2368294596672058
3763,-0.25446900494077324,-0.13979995250701904,-0.2659074366092682
3764,-0.25446900494077324,-0.16851936280727386,-0.262838214635849
3765,-0.2293362637120549,-0.176674947142601,-0.2330104112625122
3766,-0.1790707812546182,-0.1658998280763626,-0.18165424466133118
3767,-0.11623892818282235,-0.13907141983509064,-0.1153356283903122
3768,-0.047123889803846894,-0.09967648983001709,-0.04125121235847473
3769,0.02199114857512855,-0.05112995207309723,0.03392283245921135
3770,0.09110618695410401,0.0037682149559259415,0.10453616082668304
3771,0.15079644737231007,0.06307493895292282,0.16641806066036224
3772,0.20106192982974677,0.1255996972322464,0.21774423122406006
3773,0.24504422698000386,0.19053606688976288,0.258800745010376
3774,0.2796017461694916,0.25694793462753296,0.2907698154449463
3775,0.3047344873982099,0.3231901228427887,0.31496691703796387
3776,0.32358404331974866,0.38634148240089417,0.3320656418800354
3777,0.3298672286269283,0.44178998470306396,0.34155717492103577
3778,0.3298672286269283,0.48314350843429565,0.34181755781173706
3779,0.31730085801256913,0.5025866627693176,0.33021479845046997
3780,0.29216811678385074,0.49167582392692566,0.30184200406074524
3781,0.23876104167282428,0.44243746995925903,0.24894019961357117
3782,0.15707963267948966,0.34860676527023315,0.16416098177433014
3783,0.03769911184307752,0.20701873302459717,0.043858807533979416
3784,-0.11623892818282235,0.019391464069485664,-0.1106904149055481
3785,-0.29216811678385074,-0.20542070269584656,-0.2929632067680359
3786,-0.4932300466135975,-0.4496302008628845,-0.49139025807380676
3787,-0.6880087911361648,-0.6874797344207764,-0.6903154850006104
3788,-0.8765043503515523,-0.8906865119934082,-0.8732502460479736
3789,-1.0273007977238624,-1.0359214544296265,-1.0286591053009033
3790,-1.1309733552923256,-1.1088157892227173,-1.1404246091842651
3791,-1.1780972450961724,-1.1026041507720947,-1.1907110214233398
3792,-1.152964503867454,-1.0152262449264526,-1.1702431440353394
3793,-1.0524335389525807,-0.8484131097793579,-1.0682250261306763
3794,-0.8670795723907829,-0.6078685522079468,-0.8803393840789795
3795,-0.5937610115284709,-0.30408716201782227,-0.6101789474487305
3796,-0.257610597594363,0.04420625418424606,-0.2707674503326416
3797,0.1288052987971815,0.40599149465560913,0.11285970360040665
3798,0.5277875658030853,0.7401453256607056,0.5074219107627869
3799,0.8984954989266809,1.0076289176940918,0.8839067220687866
3800,1.2095131716320704,1.184761643409729,1.2078053951263428
3801,1.4514158059584845,1.2648364305496216,1.456239938735962
3802,1.6179202165987436,1.2502065896987915,1.6260967254638672
3803,1.6933184402848986,1.1467448472976685,1.7107125520706177
3804,1.687035254977719,0.9645735025405884,1.7075382471084595
3805,1.592787475370025,0.7190114259719849,1.6209027767181396
3806,1.4231414720761764,0.43006303906440735,1.4543474912643433
3807,1.1718140597889928,0.12292732298374176,1.2114477157592773
3808,0.8607963870836034,-0.17289966344833374,0.9020347595214844
3809,0.5057964172279567,-0.4285670816898346,0.54560387134552
3810,0.1288052987971815,-0.6225631237030029,0.16894996166229248
3811,-0.2324778563656447,-0.7436884641647339,-0.19565589725971222
3812,-0.546637121724624,-0.7892392873764038,-0.5159000158309937
3813,-0.7853981633974483,-0.7621297836303711,-0.7709417343139648
3814,-0.9550441666912971,-0.669811487197876,-0.9484790563583374
3815,-1.0367255756846316,-0.5246336460113525,-1.043581247329712
3816,-1.0398671683382215,-0.34346044063568115,-1.0613579750061035
3817,-0.9738937226128359,-0.14582855999469757,-1.0075658559799194
3818,-0.8513716091228339,0.048295147716999054,-0.892001748085022
3819,-0.6817256058289851,0.22034874558448792,-0.7277365922927856
3820,-0.48066367599923837,0.35489746928215027,-0.5302371978759766
3821,-0.2670353755551324,0.44117361307144165,-0.31662890315055847
3822,-0.06283185307179587,0.4736592173576355,-0.10576954483985901
3823,0.11623892818282235,0.45175787806510925,0.08318908512592316
3824,0.25446900494077324,0.37931981682777405,0.23531115055084229
3825,0.3455751918948773,0.2644159197807312,0.34046441316604614
3826,0.3895574890451343,0.1189122125506401,0.3926906883716583
3827,0.38013271108436497,-0.042513176798820496,0.39513343572616577
3828,0.3298672286269283,-0.20372581481933594,0.35544276237487793
3829,0.24818581963359368,-0.3487251400947571,0.28320449590682983
3830,0.15079644737231007,-0.46340012550354004,0.1911066621541977
3831,0.053407075111026485,-0.5370273590087891,0.09371180087327957
3832,-0.03455751918948772,-0.5628945827484131,0.0050022900104522705
3833,-0.09738937226128358,-0.5380823612213135,-0.06228611618280411
3834,-0.12566370614359174,-0.46307674050331116,-0.0971517562866211
3835,-0.11938052083641214,-0.34177157282829285,-0.0974620133638382
3836,-0.08168140899333463,-0.1818455159664154,-0.0674641877412796
3837,-0.015707963267948967,0.004939630627632141,-0.011298034340143204
3838,0.06911503837897544,0.20302234590053558,0.0638563260436058
3839,0.16022122533307945,0.3943299651145935,0.14752036333084106
3840,0.24504422698000386,0.5606743097305298,0.22770433127880096
3841,0.31730085801256913,0.6866276264190674,0.29214221239089966
3842,0.3581415625092364,0.7616019248962402,0.32951802015304565
3843,0.3675663404700058,0.7803076505661011,0.33437690138816833
3844,0.33929200658769765,0.7420920133590698,0.30741673707962036
3845,0.2796017461694916,0.6503212451934814,0.2510165572166443
3846,0.19477874452256716,0.5124036073684692,0.17015795409679413
3847,0.09110618695410401,0.34008532762527466,0.07381759583950043
3848,-0.01884955592153876,0.14924868941307068,-0.02580435946583748
3849,-0.11623892818282235,-0.04132681339979172,-0.11537972092628479
3850,-0.18849555921538758,-0.21224936842918396,-0.1809031367301941
3851,-0.2261946710584651,-0.3462655544281006,-0.20922225713729858
3852,-0.21991148575128552,-0.4305044412612915,-0.19725999236106873
3853,-0.16964600329384882,-0.4574543535709381,-0.145932137966156
3854,-0.08168140899333463,-0.42485398054122925,-0.05631402134895325
3855,0.03769911184307752,-0.3354305028915405,0.06537201255559921
3856,0.18221237390820802,-0.1970963180065155,0.2076105922460556
3857,0.3361504139341079,-0.02320389449596405,0.35516804456710815
3858,0.47752208334564855,0.16810624301433563,0.4915107786655426
3859,0.5937610115284709,0.35598626732826233,0.6017862558364868
3860,0.669159235214626,0.5200146436691284,0.6707290410995483
3861,0.6942919764433443,0.6432987451553345,0.6874666213989258
3862,0.6628760499074464,0.7143179178237915,0.6511565446853638
3863,0.5811946409141117,0.7270568609237671,0.5620073080062866
3864,0.4429645641561608,0.6801629066467285,0.42292413115501404
3865,0.2701769682087222,0.576292872428894,0.24229709804058075
3866,0.05969026041820607,0.4221755564212799,0.03392714634537697
3867,-0.16022122533307945,0.22898493707180023,-0.18467271327972412
3868,-0.37070793312359557,0.012181703001260757,-0.3939223289489746
3869,-0.5560618996853934,-0.2096738964319229,-0.5756728649139404
3870,-0.7037167544041136,-0.4170500934123993,-0.7185777425765991
3871,-0.7979645340118074,-0.5921459197998047,-0.8107978105545044
3872,-0.8388052385084748,-0.7214877605438232,-0.8460935354232788
3873,-0.8230972752405259,-0.7973593473434448,-0.8258625268936157
3874,-0.7539822368615503,-0.8175358772277832,-0.7515658140182495
3875,-0.6346017160251383,-0.7840875387191772,-0.6283092498779297
3876,-0.47438049069205873,-0.7024035453796387,-0.4647975265979767
3877,-0.29216811678385074,-0.5807545185089111,-0.27348703145980835
3878,-0.09424777960769379,-0.42998018860816956,-0.07068037986755371
3879,0.10367255756846318,-0.2629479467868805,0.1247468814253807
3880,0.273318560862312,-0.09374155104160309,0.2946891784667969
3881,0.40212385965949354,0.06342532485723495,0.42404255270957947
3882,0.48066367599923837,0.19559785723686218,0.49884912371635437
3883,0.4995132319207771,0.2925233244895935,0.5130015015602112
3884,0.4586725274241098,0.3476680815219879,0.46897274255752563
3885,0.37070793312359557,0.3585907816886902,0.3718985915184021
3886,0.23876104167282428,0.32690322399139404,0.23106740415096283
3887,0.07225663103256524,0.258114755153656,0.060897015035152435
3888,-0.10053096491487339,0.1613505780696869,-0.12028226256370544
3889,-0.26389378290154264,0.04871106147766113,-0.2921563982963562
3890,-0.40840704496667307,-0.06588026881217957,-0.4362057149410248
3891,-0.5057964172279567,-0.16825059056282043,-0.5339556932449341
3892,-0.5434955290710342,-0.2456568479537964,-0.5718643665313721
3893,-0.5215043804959058,-0.2881599962711334,-0.5492738485336304
3894,-0.43982297150257105,-0.2894534170627594,-0.46376755833625793
3895,-0.2984513020910304,-0.24726596474647522,-0.3187866508960724
3896,-0.11309733552923255,-0.16363473236560822,-0.12502916157245636
3897,0.10681415022205297,-0.04513520747423172,0.1007375493645668
3898,0.3298672286269283,0.0972432941198349,0.3369354009628296
3899,0.5403539364174444,0.2490604966878891,0.559127926826477
3900,0.7194247176720626,0.39439618587493896,0.7452648878097534
3901,0.8482300164692441,0.5183983445167542,0.8804669380187988
3902,0.9173450548482196,0.6095455884933472,0.9513423442840576
3903,0.9204866475018093,0.6608933210372925,0.9553643465042114
3904,0.8607963870836034,0.6702427864074707,0.8958035707473755
3905,0.7476990515543708,0.6397620439529419,0.7783999443054199
3906,0.5874778262212914,0.5755358934402466,0.6144732236862183
3907,0.40212385965949354,0.4869999587535858,0.4210774004459381
3908,0.21048670779051615,0.3858565092086792,0.21917785704135895
3909,0.031415926535897934,0.28427934646606445,0.030126918107271194
3910,-0.11309733552923255,0.19279465079307556,-0.12811560928821564
3911,-0.21676989309769573,0.11855930089950562,-0.24045252799987793
3912,-0.2701769682087222,0.06452328711748123,-0.29797306656837463
3913,-0.2701769682087222,0.029444191604852676,-0.30565783381462097
3914,-0.23561944901923448,0.008408410474658012,-0.2725946009159088
3915,-0.1790707812546182,-0.006352514028549194,-0.2119608372449875
3916,-0.11309733552923255,-0.024246536195278168,-0.1408451646566391
3917,-0.05969026041820607,-0.05462097376585007,-0.07737652957439423
3918,-0.02827433388230814,-0.10482539236545563,-0.03813011944293976
3919,-0.031415926535897934,-0.1784212291240692,-0.03173048794269562
3920,-0.06911503837897544,-0.27379998564720154,-0.05894496291875839
3921,-0.13194689145077132,-0.38348907232284546,-0.11731866002082825
3922,-0.21991148575128552,-0.49466457962989807,-0.1976855993270874
3923,-0.31101767270538955,-0.5912812948226929,-0.28606653213500977
3924,-0.39269908169872414,-0.6573024988174438,-0.3665645718574524
3925,-0.44924774946334045,-0.6795016527175903,-0.419999897480011
3926,-0.4586725274241098,-0.6487164497375488,-0.4307700991630554
3927,-0.4178318229274425,-0.5599524974822998,-0.39595651626586914
3928,-0.32672563597333854,-0.4125095307826996,-0.31068098545074463
3929,-0.18221237390820802,-0.21093320846557617,-0.17471376061439514
3930,0.0031415926535897933,0.033034130930900574,0.0030899401754140854
3931,0.21362830044410594,0.29846638441085815,0.20647859573364258
3932,0.4272566008882119,0.5561925172805786,0.4137650728225708
3933,0.6220353454107791,0.7751984596252441,0.6010105609893799
3934,0.7728317927830891,0.9313606023788452,0.748528003692627
3935,0.8639379797371931,1.0115467309951782,0.8374441862106323
3936,0.8859291283123216,1.011311411857605,0.8562072515487671
3937,0.835663645854885,0.9310190677642822,0.8043023347854614
3938,0.7099999397112933,0.7746589183807373,0.6827936172485352
3939,0.5183627878423158,0.551167368888855,0.4982326626777649
3940,0.28588493147667116,0.27640199661254883,0.2649630904197693
3941,0.02199114857512855,-0.025676820427179337,0.00430247001349926
3942,-0.25132741228718347,-0.32479408383369446,-0.25917789340019226
3943,-0.49637163926718736,-0.5900983810424805,-0.5000972747802734
3944,-0.7037167544041136,-0.7971738576889038,-0.6981884241104126
3945,-0.8513716091228339,-0.9320617914199829,-0.8405522108078003
3946,-0.9330530181161686,-0.9904619455337524,-0.9164756536483765
3947,-0.9456193887305278,-0.9743458032608032,-0.9267055988311768
3948,-0.8922123136195013,-0.8895360231399536,-0.8727856874465942
3949,-0.7822565707438585,-0.7453451156616211,-0.7599334716796875
3950,-0.6188937527571892,-0.554572343826294,-0.5969480276107788
3951,-0.4146902302738527,-0.3325035870075226,-0.3954537808895111
3952,-0.18849555921538758,-0.09547482430934906,-0.16989992558956146
3953,0.0439822971502571,0.1400878131389618,0.06275244802236557
3954,0.273318560862312,0.35841816663742065,0.2847341001033783
3955,0.47752208334564855,0.5457820892333984,0.4803694784641266
3956,0.637743308678728,0.6921221017837524,0.6388428211212158
3957,0.7571238295151402,0.7918508052825928,0.7530007362365723
3958,0.8262388678941156,0.8435342311859131,0.8167425394058228
3959,0.8482300164692441,0.8489664793014526,0.8310407400131226
3960,0.8230972752405259,0.8121249675750732,0.8007969856262207
3961,0.7539822368615503,0.7382470369338989,0.7293320894241333
3962,0.6471680866394973,0.6332393884658813,0.6212731599807739
3963,0.5089380098815465,0.5035669207572937,0.48378434777259827
3964,0.34871678454846705,0.35645726323127747,0.32601556181907654
3965,0.1790707812546182,0.20001868903636932,0.15891049802303314
3966,0.015707963267948967,0.04308929294347763,-0.004595037549734116
3967,-0.1413716694115407,-0.10508257150650024,-0.15129263699054718
3968,-0.2670353755551324,-0.23532754182815552,-0.27136799693107605
3969,-0.3581415625092364,-0.33931928873062134,-0.3553398847579956
3970,-0.4052654523130833,-0.41051748394966125,-0.395218163728714
3971,-0.40840704496667307,-0.44493111968040466,-0.392840176820755
3972,-0.37070793312359557,-0.4414423108100891,-0.3521852493286133
3973,-0.2984513020910304,-0.401781290769577,-0.2779257297515869
3974,-0.20106192982974677,-0.3303687274456024,-0.17795537412166595
3975,-0.08482300164692441,-0.23409545421600342,-0.06288335472345352
3976,0.031415926535897934,-0.12194277346134186,0.054860763251781464
3977,0.1413716694115407,-0.004342511296272278,0.16208414733409882
3978,0.2293362637120549,0.10774065554141998,0.24603910744190216
3979,0.28588493147667116,0.2039361149072647,0.2963219881057739
3980,0.3047344873982099,0.2756219506263733,0.30886325240135193
3981,0.28588493147667116,0.31682145595550537,0.28545472025871277
3982,0.23561944901923448,0.32462871074676514,0.2294909954071045
3983,0.16022122533307945,0.2991999387741089,0.14629052579402924
3984,0.06283185307179587,0.24349457025527954,0.04426541179418564
3985,-0.047123889803846894,0.1628701239824295,-0.06589309871196747
3986,-0.15079644737231007,0.06450706720352173,-0.1730615794658661
3987,-0.24504422698000386,-0.04334695637226105,-0.26723456382751465
3988,-0.32358404331974866,-0.15221114456653595,-0.33992835879325867
3989,-0.37070793312359557,-0.2541444003582001,-0.38468143343925476
3990,-0.38641589639154456,-0.3423721492290497,-0.4004005193710327
3991,-0.38013271108436497,-0.41172680258750916,-0.39093711972236633
3992,-0.35499996985564664,-0.45883673429489136,-0.36037296056747437
3993,-0.31101767270538955,-0.48201361298561096,-0.31242501735687256
3994,-0.257610597594363,-0.48089030385017395,-0.2513091266155243
3995,-0.1916371518689774,-0.4559531807899475,-0.18137861788272858
3996,-0.12252211349000193,-0.4081293046474457,-0.10656487941741943
3997,-0.05026548245743669,-0.3385571539402008,-0.030245766043663025
3998,0.02199114857512855,-0.2486167848110199,0.044865600764751434
3999,0.09424777960769379,-0.1402059942483902,0.11691761016845703
4000,0.16336281798666927,-0.016150306910276413,0.18458795547485352
4001,0.2293362637120549,0.1193832978606224,0.24654307961463928
4002,0.289026524130261,0.2605826258659363,0.3012019395828247
4003,0.33929200658769765,0.39994925260543823,0.3466340899467468
4004,0.37699111843077515,0.5287250280380249,0.38064634799957275
4005,0.40212385965949354,0.6378644704818726,0.40131253004074097
4006,0.41154863762026295,0.7193087339401245,0.4078993797302246
4007,0.4052654523130833,0.7670867443084717,0.4011947810649872
4008,0.3895574890451343,0.777891993522644,0.38255220651626587
4009,0.3581415625092364,0.7511575222015381,0.3530876338481903
4010,0.31730085801256913,0.6888939142227173,0.3140965402126312
4011,0.2701769682087222,0.5954949855804443,0.2678697109222412
4012,0.21676989309769573,0.47750526666641235,0.21800091862678528
4013,0.16336281798666927,0.34321829676628113,0.16900692880153656
4014,0.11623892818282235,0.20198282599449158,0.12549294531345367
4015,0.07539822368615504,0.06319262087345123,0.09114176034927368
4016,0.05026548245743669,-0.06486822664737701,0.06765696406364441
4017,0.03455751918948772,-0.17600436508655548,0.054039932787418365
4018,0.02827433388230814,-0.26665326952934265,0.04684627056121826
4019,0.025132741228718346,-0.3359556496143341,0.04127836972475052
4020,0.02199114857512855,-0.3854561746120453,0.03221362456679344
4021,0.00942477796076938,-0.41850849986076355,0.014514133334159851
4022,-0.015707963267948967,-0.43940916657447815,-0.01686256378889084
4023,-0.05654866776461628,-0.4523266553878784,-0.06554695218801498
4024,-0.11623892818282235,-0.4602012038230896,-0.13170835375785828
4025,-0.1916371518689774,-0.4638810455799103,-0.21104885637760162
4026,-0.273318560862312,-0.4617518186569214,-0.29530829191207886
4027,-0.3455751918948773,-0.4499918222427368,-0.37385016679763794
4028,-0.40212385965949354,-0.42336350679397583,-0.43395188450813293
4029,-0.4303981935418017,-0.3762594163417816,-0.46119269728660583
4030,-0.4209734155810323,-0.30375176668167114,-0.44923120737075806
4031,-0.37070793312359557,-0.20260749757289886,-0.3954087197780609
4032,-0.27646015351590175,-0.0723530575633049,-0.29633012413978577
4033,-0.1413716694115407,0.08358129113912582,-0.15385130047798157
4034,0.02827433388230814,0.2568110525608063,0.023313511162996292
4035,0.21991148575128552,0.4336652457714081,0.22011631727218628
4036,0.40840704496667307,0.5965464115142822,0.41644424200057983
4037,0.578053048260522,0.7272841930389404,0.590705156326294
4038,0.7099999397112933,0.8110028505325317,0.7251197099685669
4039,0.7822565707438585,0.8382340669631958,0.8016461133956909
4040,0.7916813487046279,0.8047457933425903,0.8112504482269287
4041,0.7351326809400116,0.7106422185897827,0.7544012069702148
4042,0.6157521601035995,0.5602400302886963,0.6333200931549072
4043,0.4366813788489812,0.3629011809825897,0.4562883973121643
4044,0.2261946710584651,0.1340942084789276,0.2394179403781891
4045,-0.00942477796076938,-0.10455508530139923,0.005212867632508278
4046,-0.2324778563656447,-0.32774999737739563,-0.2207556664943695
4047,-0.4209734155810323,-0.51161789894104,-0.41413673758506775
4048,-0.5529203070318035,-0.6386604309082031,-0.554661750793457
4049,-0.6157521601035995,-0.6994962692260742,-0.6261781454086304
4050,-0.6094689747964198,-0.6915509700775146,-0.6285299062728882
4051,-0.5372123437638546,-0.6173449754714966,-0.5624535083770752
4052,-0.40840704496667307,-0.4842217266559601,-0.43506568670272827
4053,-0.23876104167282428,-0.3050875961780548,-0.2610754370689392
4054,-0.03769911184307752,-0.09845401346683502,-0.06059306859970093
4055,0.16022122533307945,0.11341743171215057,0.14269572496414185
4056,0.3361504139341079,0.30793488025665283,0.32526999711990356
4057,0.4680973053848792,0.46572431921958923,0.46756526827812195
4058,0.5434955290710342,0.5729361772537231,0.5522960424423218
4059,0.5592034923389833,0.6218304634094238,0.571712851524353
4060,0.5120796025351363,0.6101773977279663,0.5288783311843872
4061,0.41154863762026295,0.540502667427063,0.4298306405544281
4062,0.2607521902479529,0.4198053777217865,0.2844071388244629
4063,0.0879645943005142,0.25937986373901367,0.10700894892215729
4064,-0.10053096491487339,0.07395118474960327,-0.08466505259275436
4065,-0.2796017461694916,-0.1199590265750885,-0.2717246115207672
4066,-0.4429645641561608,-0.30577582120895386,-0.43696489930152893
4067,-0.5686282702997526,-0.46838268637657166,-0.568432092666626
4068,-0.6503096792930871,-0.5955995321273804,-0.6558291912078857
4069,-0.6848671984825748,-0.6793633699417114,-0.6930193901062012
4070,-0.669159235214626,-0.7158796787261963,-0.6816550493240356
4071,-0.6063273821428301,-0.7047374248504639,-0.6235837936401367
4072,-0.5057964172279567,-0.6477584838867188,-0.5222651958465576
4073,-0.37070793312359557,-0.54816734790802,-0.3828922510147095
4074,-0.20106192982974677,-0.41022351384162903,-0.21236304938793182
4075,-0.012566370614359173,-0.23937466740608215,-0.01972263678908348
4076,0.18221237390820802,-0.04294080287218094,0.1837330311536789
4077,0.3738495257771854,0.16905216872692108,0.3849477171897888
4078,0.5497787143782138,0.383592426776886,0.5706057548522949
4079,0.7068583470577035,0.5854463577270508,0.7296184301376343
4080,0.8262388678941156,0.7590142488479614,0.8546172380447388
4081,0.9016370915802706,0.8907525539398193,0.936070442199707
4082,0.9299114254625788,0.970991849899292,0.9661022424697876
4083,0.91106186954104,0.9942362308502197,0.9448317289352417
4084,0.835663645854885,0.9583215713500977,0.8701086044311523
4085,0.713141532364883,0.8636277914047241,0.7405675649642944
4086,0.5372123437638546,0.7130402326583862,0.5592238903045654
4087,0.31730085801256913,0.5125598311424255,0.3344271779060364
4088,0.07853981633974483,0.27229467034339905,0.0804557204246521
4089,-0.17278759594743864,0.007582183927297592,-0.18368947505950928
4090,-0.4178318229274425,-0.2606043815612793,-0.43571147322654724
4091,-0.6251769380643689,-0.5074644088745117,-0.6538130044937134
4092,-0.7853981633974483,-0.7090198993682861,-0.8235859870910645
4093,-0.8859291283123216,-0.8473774194717407,-0.928010106086731
4094,-0.9204866475018093,-0.9128856658935547,-0.9605770111083984
4095,-0.8765043503515523,-0.9024181365966797,-0.9183319807052612
4096,-0.7571238295151402,-0.8167684078216553,-0.7997123003005981
4097,-0.5717698629533423,-0.6599067449569702,-0.6091392040252686
4098,-0.33300882128051806,-0.4401157796382904,-0.35703951120376587
4099,-0.047123889803846894,-0.17166770994663239,-0.06090586632490158
4100,0.257610597594363,0.12408052384853363,0.25461262464523315
4101,0.5497787143782138,0.4194301962852478,0.5619007349014282
4102,0.8011061266653973,0.684249758720398,0.8328064680099487
4103,1.0084512418023235,0.8925555944442749,1.0460313558578491
4104,1.1435397259066846,1.027942180633545,1.1896541118621826
4105,1.200088393671301,1.0839241743087769,1.2540068626403809
4106,1.1780972450961724,1.060268759727478,1.236225962638855
4107,1.0744246875277093,0.9598835706710815,1.1349323987960815
4108,0.8953539062730911,0.7884911298751831,0.9526972770690918
4109,0.6471680866394973,0.5557384490966797,0.6969039440155029
4110,0.3455751918948773,0.2762167751789093,0.3821086585521698
4111,0.0031415926535897933,-0.02986658364534378,0.03167014941573143
4112,-0.3361504139341079,-0.3369849622249603,-0.32662710547447205
4113,-0.6534512719466771,-0.6170892715454102,-0.6650804281234741
4114,-0.9299114254625788,-0.8453353643417358,-0.9566627740859985
4115,-1.1592476891746337,-1.0056753158569336,-1.1911922693252563
4116,-1.3226105071613028,-1.0921244621276855,-1.3642692565917969
4117,-1.4199998794225865,-1.1057729721069336,-1.4705781936645508
4118,-1.4514158059584845,-1.0515456199645996,-1.511869192123413
4119,-1.4168582867689967,-0.9371672868728638,-1.486832618713379
4120,-1.3194689145077132,-0.7730120420455933,-1.395102620124817
4121,-1.156106096521044,-0.5713320970535278,-1.2383397817611694
4122,-0.9361946107697584,-0.34552136063575745,-1.0208585262298584
4123,-0.6597344572538566,-0.1099233627319336,-0.7492203712463379
4124,-0.3518583772020568,0.120600126683712,-0.43362629413604736
4125,-0.015707963267948967,0.33193808794021606,-0.0913413017988205
4126,0.3078760800517997,0.5122471451759338,0.2521289885044098
4127,0.6000441968356505,0.65297532081604,0.5707486867904663
4128,0.8482300164692441,0.7493565082550049,0.8434509038925171
4129,1.0367255756846316,0.8004637956619263,1.0573081970214844
4130,1.1623892818282233,0.8087239265441895,1.2092962265014648
4131,1.2252211349000193,0.7789793014526367,1.2946319580078125
4132,1.228362727553609,0.7174805402755737,1.3147609233856201
4133,1.1718140597889928,0.6311278343200684,1.2729202508926392
4134,1.0618583169133502,0.5270044207572937,1.1731219291687012
4135,0.9016370915802706,0.4120624363422394,1.0207926034927368
4136,0.7037167544041136,0.29286864399909973,0.8230481147766113
4137,0.48066367599923837,0.17541974782943726,0.5898523330688477
4138,0.23561944901923448,0.06501399725675583,0.33487382531166077
4139,0.0,-0.03384050726890564,0.0757916271686554
4140,-0.21362830044410594,-0.11745762825012207,-0.1676982343196869
4141,-0.39269908169872414,-0.18293535709381104,-0.3796069920063019
4142,-0.5277875658030853,-0.22810184955596924,-0.5480518341064453
4143,-0.6031857894892403,-0.25151216983795166,-0.6594893932342529
4144,-0.6283185307179586,-0.2525092363357544,-0.707892656326294
4145,-0.5969026041820608,-0.23131665587425232,-0.6967405080795288
4146,-0.5183627878423158,-0.18915680050849915,-0.6284068822860718
4147,-0.3895574890451343,-0.12840035557746887,-0.508514404296875
4148,-0.2293362637120549,-0.052728213369846344,-0.34634754061698914
4149,-0.05026548245743669,0.032756876200437546,-0.15484876930713654
4150,0.13823007675795088,0.12155790627002716,0.04912305623292923
4151,0.3047344873982099,0.20604059100151062,0.24560301005840302
4152,0.44610615680975063,0.2779785394668579,0.41514167189598083
4153,0.5403539364174444,0.32935935258865356,0.5423711538314819
4154,0.5811946409141117,0.3533092439174652,0.6125725507736206
4155,0.5654866776461628,0.34493303298950195,0.6195969581604004
4156,0.4932300466135975,0.30195319652557373,0.5655279159545898
4157,0.3675663404700058,0.22517822682857513,0.45435717701911926
4158,0.20734511513692636,0.11886593699455261,0.29468366503715515
4159,0.012566370614359173,-0.00908777117729187,0.10111894458532333
4160,-0.18221237390820802,-0.14739775657653809,-0.10709048807621002
4161,-0.3675663404700058,-0.2823730707168579,-0.30799078941345215
4162,-0.5183627878423158,-0.39967048168182373,-0.48063215613365173
4163,-0.6251769380643689,-0.4863794147968292,-0.6076854467391968
4164,-0.6660176425610361,-0.5326908826828003,-0.6729831695556641
4165,-0.6471680866394973,-0.5326676368713379,-0.6745038032531738
4166,-0.5654866776461628,-0.48430004715919495,-0.6108561754226685
4167,-0.4272566008882119,-0.38944950699806213,-0.4849778711795807
4168,-0.23876104167282428,-0.25405433773994446,-0.30682969093322754
4169,-0.025132741228718346,-0.08841764181852341,-0.09221035242080688
4170,0.20106192982974677,0.0930350199341774,0.13793689012527466
4171,0.40840704496667307,0.2730857729911804,0.35958242416381836
4172,0.5906194188748811,0.43413832783699036,0.5499649047851562
4173,0.713141532364883,0.5609633922576904,0.691651463508606
4174,0.7728317927830891,0.6426749229431152,0.7697118520736694
4175,0.7665486074759096,0.6733267307281494,0.7795192003250122
4176,0.6974335690969341,0.6514725685119629,0.7243434190750122
4177,0.5717698629533423,0.5795323848724365,0.609156608581543
4178,0.39584067435231396,0.4634517431259155,0.44329845905303955
4179,0.19477874452256716,0.3124680519104004,0.24141554534435272
4180,-0.02827433388230814,0.1385229527950287,0.022035690024495125
4181,-0.23876104167282428,-0.04483073204755783,-0.19491074979305267
4182,-0.42411500823462206,-0.2237667441368103,-0.39032286405563354
4183,-0.5749114556069321,-0.38549813628196716,-0.5501985549926758
4184,-0.6817256058289851,-0.5194997787475586,-0.66632080078125
4185,-0.7319910882864218,-0.6184945106506348,-0.7315326929092407
4186,-0.7351326809400116,-0.6788381338119507,-0.7475013732910156
4187,-0.6942919764433443,-0.7001241445541382,-0.7188115119934082
4188,-0.6157521601035995,-0.6842831373214722,-0.6504440307617188
4189,-0.5089380098815465,-0.6345802545547485,-0.5484507083892822
4190,-0.3738495257771854,-0.5547431707382202,-0.4193834960460663
4191,-0.2293362637120549,-0.44838204979896545,-0.27022016048431396
4192,-0.07539822368615504,-0.31887876987457275,-0.10842421650886536
4193,0.08482300164692441,-0.16976553201675415,0.05796154588460922
4194,0.2324778563656447,-0.005323786288499832,0.22104661166667938
4195,0.3738495257771854,0.16886943578720093,0.3739447295665741
4196,0.49637163926718736,0.3455035388469696,0.5101738572120667
4197,0.5969026041820608,0.5153533220291138,0.624333381652832
4198,0.6723008278682158,0.6677490472793579,0.7117456197738647
4199,0.7225663103256524,0.7918648719787598,0.766692042350769
4200,0.7414158662471911,0.8783196210861206,0.7859101295471191
4201,0.7257079029792423,0.9202717542648315,0.7701817750930786
4202,0.6785840131753953,0.913673996925354,0.7185882329940796
4203,0.5937610115284709,0.8570507764816284,0.6297162771224976
4204,0.47752208334564855,0.7513331174850464,0.5047531127929688
4205,0.33300882128051806,0.599984884262085,0.34818845987319946
4206,0.16964600329384882,0.4094221591949463,0.16816097497940063
4207,-0.00942477796076938,0.18967722356319427,-0.023210953921079636
4208,-0.18535396656179778,-0.04499416798353195,-0.21091392636299133
4209,-0.3424335992412874,-0.27640214562416077,-0.3798868954181671
4210,-0.47438049069205873,-0.4845230281352997,-0.5184884071350098
4211,-0.5686282702997526,-0.6511467695236206,-0.6152223348617554
4212,-0.6126105674500096,-0.7631545066833496,-0.6591278314590454
4213,-0.6063273821428301,-0.8135249614715576,-0.6508235931396484
4214,-0.5497787143782138,-0.8002206087112427,-0.5909593105316162
4215,-0.4523893421169302,-0.7247203588485718,-0.4819072186946869
4216,-0.3078760800517997,-0.5914852619171143,-0.3298610746860504
4217,-0.09424777960769379,-0.40827080607414246,-0.14473646879196167
4218,0.09424777960769379,-0.1866312325000763,0.0599234402179718
4219,0.28588493147667116,0.05783839151263237,0.26774492859840393
4220,0.4618141200776996,0.3059714734554291,0.46132102608680725
4221,0.6094689747964198,0.536799430847168,0.6258081197738647
4222,0.7162831250184728,0.730703592300415,0.7511285543441772
4223,0.7822565707438585,0.8727196455001831,0.8269065618515015
4224,0.7948229413582177,0.9540698528289795,0.847730278968811
4225,0.7571238295151402,0.9712910652160645,0.8155237436294556
4226,0.669159235214626,0.9243183135986328,0.7307946681976318
4227,0.5403539364174444,0.8152211904525757,0.5950740575790405
4228,0.37070793312359557,0.6480563879013062,0.4134131073951721
4229,0.16650441064025903,0.4295029640197754,0.19484727084636688
4230,-0.05969026041820607,0.17011874914169312,-0.04800456017255783
4231,-0.2984513020910304,-0.11413294076919556,-0.3000275194644928
4232,-0.5215043804959058,-0.4013819098472595,-0.5437383651733398
4233,-0.7288494956328321,-0.6660525798797607,-0.7621263265609741
4234,-0.9016370915802706,-0.884009838104248,-0.945412278175354
4235,-1.030442390377452,-1.0379834175109863,-1.087654709815979
4236,-1.108982206717197,-1.119400978088379,-1.175276756286621
4237,-1.1341149479459152,-1.1260534524917603,-1.2043464183807373
4238,-1.093274243449248,-1.0590447187423706,-1.1697653532028198
4239,-0.9896016858807849,-0.9217817783355713,-1.0662546157836914
4240,-0.819955682586936,-0.7202826738357544,-0.8920996189117432
4241,-0.578053048260522,-0.4637247622013092,-0.6504082679748535
4242,-0.29216811678385074,-0.1657973825931549,-0.35065165162086487
4243,0.03769911184307752,0.1534201055765152,-0.010854478925466537
4244,0.36442474781641604,0.4670388698577881,0.34234219789505005
4245,0.6754424205218055,0.7447985410690308,0.6810805797576904
4246,0.9550441666912971,0.9603655338287354,0.9765821695327759
4247,1.1623892818282233,1.0977144241333008,1.206852674484253
4248,1.3006193585861743,1.1514862775802612,1.3626848459243774
4249,1.354026433697201,1.1228139400482178,1.4360028505325317
4250,1.3288936924684824,1.0162265300750732,1.4224560260772705
4251,1.21579635693925,0.8396843671798706,1.3219259977340698
4252,1.0273007977238624,0.6054902076721191,1.1381834745407104
4253,0.7728317927830891,0.3307149410247803,0.8791699409484863
4254,0.45553093477052,0.03743671625852585,0.5606015920639038
4255,0.11938052083641214,-0.24807214736938477,0.20693863928318024
4256,-0.21676989309769573,-0.4987834393978119,-0.15022213757038116
4257,-0.5183627878423158,-0.6924686431884766,-0.47752657532691956
4258,-0.7571238295151402,-0.8156906366348267,-0.7466490268707275
4259,-0.9267698328089891,-0.8635185956954956,-0.941250205039978
4260,-1.0084512418023235,-0.8367151021957397,-1.0495567321777344
4261,-1.0084512418023235,-0.7397857904434204,-1.0710690021514893
4262,-0.9236282401553992,-0.5809352397918701,-1.0062321424484253
4263,-0.7665486074759096,-0.3725532293319702,-0.8606326580047607
4264,-0.5434955290710342,-0.13101264834403992,-0.645073652267456
4265,-0.27646015351590175,0.12417293339967728,-0.3753810524940491
4266,0.02199114857512855,0.3717311918735504,-0.07231024652719498
4267,0.3078760800517997,0.5910357236862183,0.23837792873382568
4268,0.5749114556069321,0.7653309106826782,0.5294657945632935
4269,0.7948229413582177,0.8841245174407959,0.7770923376083374
4270,0.9613273519984767,0.9433448314666748,0.9671732187271118
4271,1.0618583169133502,0.9438053369522095,1.0912754535675049
4272,1.093274243449248,0.8895845413208008,1.1437129974365234
4273,1.0618583169133502,0.7870712280273438,1.126792073249817
4274,0.9676105373056563,0.6443049907684326,1.042859435081482
4275,0.8105309046261666,0.4703493118286133,0.8960943222045898
4276,0.6063273821428301,0.27499014139175415,0.6939442157745361
4277,0.3675663404700058,0.06883867084980011,0.44782349467277527
4278,0.10681415022205297,-0.1366966813802719,0.17374873161315918
4279,-0.16336281798666927,-0.33001580834388733,-0.10882270336151123
4280,-0.41154863762026295,-0.5003495216369629,-0.3790701925754547
4281,-0.6251769380643689,-0.6388431787490845,-0.6172471046447754
4282,-0.8011061266653973,-0.7394446134567261,-0.8124206066131592
4283,-0.9267698328089891,-0.7992976903915405,-0.9588985443115234
4284,-0.9958848711879644,-0.8184727430343628,-1.0483835935592651
4285,-1.017876019763093,-0.7993025779724121,-1.0832072496414185
4286,-0.986460093227195,-0.7457706928253174,-1.0662552118301392
4287,-0.91106186954104,-0.6631221771240234,-1.0002366304397583
4288,-0.7948229413582177,-0.5575737953186035,-0.8894010782241821
4289,-0.6408849013323178,-0.43597108125686646,-0.7394754886627197
4290,-0.4680973053848792,-0.30538883805274963,-0.5580018758773804
4291,-0.27646015351590175,-0.17271964251995087,-0.3550316393375397
4292,-0.08482300164692441,-0.04428762197494507,-0.14350901544094086
4293,0.09424777960769379,0.07447915524244308,0.06226862221956253
4294,0.257610597594363,0.17927995324134827,0.24964961409568787
4295,0.3895574890451343,0.2670561969280243,0.40835514664649963
4296,0.4900884539600077,0.3359870910644531,0.5306109189987183
4297,0.5497787143782138,0.38535502552986145,0.6106005907058716
4298,0.5717698629533423,0.41528424620628357,0.6465275287628174
4299,0.5592034923389833,0.4264037013053894,0.6423319578170776
4300,0.5183627878423158,0.419544517993927,0.6024831533432007
4301,0.4523893421169302,0.39557722210884094,0.5309595465660095
4302,0.36442474781641604,0.35542869567871094,0.43294471502304077
4303,0.2607521902479529,0.3002574145793915,0.3147997260093689
4304,0.15079644737231007,0.2317342758178711,0.18375854194164276
4305,0.03769911184307752,0.15237656235694885,0.04846787452697754
4306,-0.07225663103256524,0.06587858498096466,-0.0809057354927063
4307,-0.16650441064025903,-0.02264360710978508,-0.19516991078853607
4308,-0.23561944901923448,-0.10660412907600403,-0.2862619459629059
4309,-0.2796017461694916,-0.17821276187896729,-0.34398093819618225
4310,-0.289026524130261,-0.22910422086715698,-0.3611445724964142
4311,-0.26389378290154264,-0.25124698877334595,-0.3377024531364441
4312,-0.20734511513692636,-0.23793208599090576,-0.2724905014038086
4313,-0.10995574287564276,-0.1846771091222763,-0.16504476964473724
4314,0.015707963267948967,-0.09006144106388092,-0.018573742359876633
4315,0.1790707812546182,0.0433688722550869,0.1594228297472
4316,0.3518583772020568,0.2081410139799118,0.35683703422546387
4317,0.5340707511102648,0.39131566882133484,0.5573137998580933
4318,0.7005751617505239,0.5752519369125366,0.7427258491516113
4319,0.8450884238156543,0.7402588129043579,0.8994659185409546
4320,0.9487609813841175,0.8683984279632568,1.0176037549972534
4321,1.0084512418023235,0.9464950561523438,1.0813292264938354
4322,1.0115928344559133,0.9669322967529297,1.0848242044448853
4323,0.9519025740377073,0.9267522096633911,1.0253273248672485
4324,0.8325220532012952,0.8266216516494751,0.9001482725143433
4325,0.6565928646002668,0.6705182790756226,0.7117942571640015
4326,0.42411500823462206,0.4660586714744568,0.4692392647266388
4327,0.16336281798666927,0.22522616386413574,0.188875213265419
4328,-0.11623892818282235,-0.0350491926074028,-0.10731178522109985
4329,-0.37699111843077515,-0.29366299510002136,-0.39552122354507446
4330,-0.6220353454107791,-0.5283122062683105,-0.6516879796981812
4331,-0.8136724972797564,-0.7198405265808105,-0.8598951101303101
4332,-0.9550441666912971,-0.8556787967681885,-1.011989712715149
4333,-1.033583983031042,-0.9306468963623047,-1.0996991395950317
4334,-1.0524335389525807,-0.9455403089523315,-1.1260886192321777
4335,-1.017876019763093,-0.9053514003753662,-1.0944768190383911
4336,-0.9330530181161686,-0.8182600736618042,-1.0102306604385376
4337,-0.8073893119725768,-0.6949746608734131,-0.8808275461196899
4338,-0.6471680866394973,-0.5476528406143188,-0.715208888053894
4339,-0.4649557127312894,-0.3884599208831787,-0.5235861539840698
4340,-0.27646015351590175,-0.2283114790916443,-0.31772562861442566
4341,-0.0879645943005142,-0.07606838643550873,-0.11090913414955139
4342,0.08482300164692441,0.0618458166718483,0.08393225818872452
4343,0.2324778563656447,0.18147772550582886,0.25690051913261414
4344,0.3581415625092364,0.28104954957962036,0.4008283019065857
4345,0.4523893421169302,0.3604247570037842,0.5108550786972046
4346,0.515221195188726,0.4204579293727875,0.5842382907867432
4347,0.5497787143782138,0.4622708857059479,0.6210331916809082
4348,0.5529203070318035,0.4865151047706604,0.6247128248214722
4349,0.5309291584566751,0.4928428828716278,0.5987040996551514
4350,0.48694686130641796,0.47984668612480164,0.5446820259094238
4351,0.4209734155810323,0.4454876482486725,0.46400195360183716
4352,0.33300882128051806,0.38776230812072754,0.3585151135921478
4353,0.22305307840487532,0.3053692877292633,0.23094841837882996
4354,0.09738937226128358,0.1983662247657776,0.086148701608181
4355,-0.04084070449666732,0.06890778988599777,-0.0681447684764862
4356,-0.18221237390820802,-0.07799994945526123,-0.22264999151229858
4357,-0.31730085801256913,-0.23399952054023743,-0.3674077093601227
4358,-0.4366813788489812,-0.3875724971294403,-0.49310043454170227
4359,-0.5340707511102648,-0.5253024101257324,-0.5914734601974487
4360,-0.5937610115284709,-0.6340668201446533,-0.6511998176574707
4361,-0.6126105674500096,-0.7032424211502075,-0.6664599180221558
4362,-0.5906194188748811,-0.725883960723877,-0.6376444101333618
4363,-0.5277875658030853,-0.698717474937439,-0.5640312433242798
4364,-0.42411500823462206,-0.6216970682144165,-0.4475252330303192
4365,-0.2796017461694916,-0.49785372614860535,-0.29386842250823975
4366,-0.11938052083641214,-0.3335748314857483,-0.11290188133716583
4367,0.05969026041820607,-0.13900573551654816,0.08151768893003464
4368,0.23876104167282428,0.07190027832984924,0.27274197340011597
4369,0.3989822670059037,0.2822456657886505,0.44408634305000305
4370,0.5309291584566751,0.4742925763130188,0.5821584463119507
4371,0.6220353454107791,0.6323448419570923,0.6758449077606201
4372,0.6660176425610361,0.7451744079589844,0.7170623540878296
4373,0.6597344572538566,0.8069523572921753,0.7075208425521851
4374,0.6094689747964198,0.8167691230773926,0.6519761085510254
4375,0.5215043804959058,0.7776839733123779,0.5562729835510254
4376,0.40840704496667307,0.6960326433181763,0.4299239218235016
4377,0.2827433388230814,0.5809463262557983,0.2858661413192749
4378,0.14765485471872028,0.4436764717102051,0.13876044750213623
4379,0.025132741228718346,0.2965846657752991,0.003123858943581581
4380,-0.07539822368615504,0.1519978940486908,-0.10817302763462067
4381,-0.1413716694115407,0.021124228835105896,-0.1835581362247467
4382,-0.16964600329384882,-0.08689340949058533,-0.216339111328125
4383,-0.16022122533307945,-0.16569340229034424,-0.20921877026557922
4384,-0.11938052083641214,-0.212045356631279,-0.16704106330871582
4385,-0.05654866776461628,-0.225814551115036,-0.09588438272476196
4386,0.02199114857512855,-0.20965361595153809,-0.004858873784542084
4387,0.10995574287564276,-0.16851511597633362,0.09495148062705994
4388,0.18849555921538758,-0.10901111364364624,0.19181965291500092
4389,0.257610597594363,-0.03865637630224228,0.27418047189712524
4390,0.30159289474462014,0.03491475433111191,0.33133992552757263
4391,0.3204424506661589,0.10467296838760376,0.3568800985813141
4392,0.31101767270538955,0.16480381786823273,0.35116177797317505
4393,0.27646015351590175,0.21116091310977936,0.3174467086791992
4394,0.22305307840487532,0.24151669442653656,0.25977009534835815
4395,0.15393804002589986,0.25558924674987793,0.18406203389167786
4396,0.07853981633974483,0.25486162304878235,0.09873051941394806
4397,0.0031415926535897933,0.242221862077713,0.013662870973348618
4398,-0.05969026041820607,0.22146213054656982,-0.06119722127914429
4399,-0.10367255756846318,0.19668066501617432,-0.11627855896949768
4400,-0.12566370614359174,0.1716558337211609,-0.14421601593494415
4401,-0.11938052083641214,0.14927440881729126,-0.14459946751594543
4402,-0.09424777960769379,0.13108401000499725,-0.12138678133487701
4403,-0.053407075111026485,0.11702895164489746,-0.07847534120082855
4404,0.0,0.10541050136089325,-0.021536409854888916
4405,0.05654866776461628,0.09309927374124527,0.04085380584001541
4406,0.10681415022205297,0.07599003612995148,0.09833236038684845
4407,0.1413716694115407,0.04965456575155258,0.14003750681877136
4408,0.15079644737231007,0.010117866098880768,0.15739849209785461
4409,0.13194689145077132,-0.04532570391893387,0.1470758318901062
4410,0.0879645943005142,-0.11733944714069366,0.10797098278999329
4411,0.015707963267948967,-0.20391535758972168,0.040296368300914764
4412,-0.07853981633974483,-0.300039678812027,-0.05195415019989014
4413,-0.18221237390820802,-0.3978666663169861,-0.16032204031944275
4414,-0.29216811678385074,-0.4875573217868805,-0.2730458676815033
4415,-0.39269908169872414,-0.5586785078048706,-0.37734922766685486
4416,-0.4680973053848792,-0.6017311811447144,-0.4607580900192261
4417,-0.5120796025351363,-0.6093035936355591,-0.5089972019195557
4418,-0.5120796025351363,-0.5766521692276001,-0.5146747827529907
4419,-0.47123889803846897,-0.5019114017486572,-0.4775840938091278
4420,-0.38641589639154456,-0.38628312945365906,-0.39665377140045166
4421,-0.26389378290154264,-0.2344231903553009,-0.27482330799102783
4422,-0.10995574287564276,-0.054974183440208435,-0.12033633887767792
4423,0.06597344572538566,0.1391744613647461,0.053982414305210114
4424,0.24190263432641407,0.3316183388233185,0.2316821813583374
4425,0.40212385965949354,0.5046374797821045,0.39497071504592896
4426,0.5372123437638546,0.6423177719116211,0.5283459424972534
4427,0.6220353454107791,0.7331141233444214,0.6182512044906616
4428,0.6503096792930871,0.7707328796386719,0.6545698642730713
4429,0.6251769380643689,0.7535945177078247,0.6377531290054321
4430,0.5560618996853934,0.6840137243270874,0.5716259479522705
4431,0.4429645641561608,0.5678316354751587,0.4619011878967285
4432,0.29530970943744056,0.414365291595459,0.3186183273792267
4433,0.13823007675795088,0.23611117899417877,0.15583376586437225
4434,-0.02827433388230814,0.04780985414981842,-0.010252721607685089
4435,-0.1759291886010284,-0.1351226270198822,-0.16354824602603912
4436,-0.2984513020910304,-0.2984544336795807,-0.2907296121120453
4437,-0.38013271108436497,-0.4308103621006012,-0.3815946877002716
4438,-0.42411500823462206,-0.5247498750686646,-0.4293373227119446
4439,-0.42411500823462206,-0.5770728588104248,-0.4361737072467804
4440,-0.39269908169872414,-0.5884846448898315,-0.40805941820144653
4441,-0.33300882128051806,-0.5629143714904785,-0.3517894744873047
4442,-0.257610597594363,-0.5066885948181152,-0.2760770916938782
4443,-0.1759291886010284,-0.427585631608963,-0.19059519469738007
4444,-0.09424777960769379,-0.33381617069244385,-0.10484795272350311
4445,-0.025132741228718346,-0.23312389850616455,-0.027466624975204468
4446,0.031415926535897934,-0.1322001963853836,0.03433786705136299
4447,0.06911503837897544,-0.0364055410027504,0.07629761099815369
4448,0.0879645943005142,0.050342857837677,0.09851054847240448
4449,0.09110618695410401,0.12556982040405273,0.10441242158412933
4450,0.08482300164692441,0.1880696713924408,0.09911207854747772
4451,0.07539822368615504,0.2375698834657669,0.0878964513540268
4452,0.06911503837897544,0.27434873580932617,0.07537851482629776
4453,0.06597344572538566,0.2989276051521301,0.06511066108942032
4454,0.06597344572538566,0.31189554929733276,0.059236135333776474
4455,0.06597344572538566,0.3138830065727234,0.058474376797676086
4456,0.06597344572538566,0.3056642413139343,0.06251014769077301
4457,0.06597344572538566,0.28832659125328064,0.07033353298902512
4458,0.06911503837897544,0.2634320557117462,0.08075138926506042
4459,0.06911503837897544,0.23312705755233765,0.09292236715555191
4460,0.07225663103256524,0.20017679035663605,0.10649518668651581
4461,0.08168140899333463,0.1678907871246338,0.12155409157276154
4462,0.09424777960769379,0.13989663124084473,0.13851360976696014
4463,0.11309733552923255,0.11975157260894775,0.15792083740234375
4464,0.1413716694115407,0.11044962704181671,0.18013761937618256
4465,0.17278759594743864,0.11392740905284882,0.20495443046092987
4466,0.21048670779051615,0.1306716650724411,0.2312776744365692
4467,0.24504422698000386,0.15950095653533936,0.25703367590904236
4468,0.2796017461694916,0.19756671786308289,0.27936065196990967
4469,0.30159289474462014,0.24059590697288513,0.2951357662677765
4470,0.3141592653589793,0.28336578607559204,0.30181989073753357
4471,0.31101767270538955,0.3203558027744293,0.2981727421283722
4472,0.2984513020910304,0.3464708924293518,0.2840292155742645
4473,0.273318560862312,0.35770517587661743,0.25948289036750793
4474,0.23561944901923448,0.35163354873657227,0.22482070326805115
4475,0.18535396656179778,0.3276787996292114,0.1812661588191986
4476,0.1288052987971815,0.28715479373931885,0.13157103955745697
4477,0.06911503837897544,0.2331007719039917,0.07996900379657745
4478,0.015707963267948967,0.16990725696086884,0.03160770982503891
4479,-0.031415926535897934,0.10274156928062439,-0.0082787424325943
4480,-0.06283185307179587,0.03683466091752052,-0.035464003682136536
4481,-0.07853981633974483,-0.023243363946676254,-0.04822655767202377
4482,-0.07853981633974483,-0.07417066395282745,-0.04817084223031998
4483,-0.06911503837897544,-0.1142258495092392,-0.039133407175540924
4484,-0.05654866776461628,-0.14338117837905884,-0.025570299476385117
4485,-0.04084070449666732,-0.16315904259681702,-0.011900559067726135
4486,-0.02827433388230814,-0.17628198862075806,-0.0021640583872795105
4487,-0.02827433388230814,-0.18614768981933594,0.0005879700183868408
4488,-0.031415926535897934,-0.19618703424930573,-0.005476575344800949
4489,-0.0439822971502571,-0.20920489728450775,-0.02144140750169754
4490,-0.06597344572538566,-0.22682252526283264,-0.0478224977850914
4491,-0.10053096491487339,-0.24912363290786743,-0.08396966755390167
4492,-0.13823007675795088,-0.27457013726234436,-0.12744012475013733
4493,-0.18221237390820802,-0.30020377039909363,-0.17392399907112122
4494,-0.21991148575128552,-0.3221013844013214,-0.21770265698432922
4495,-0.25132741228718347,-0.33599430322647095,-0.2524123191833496
4496,-0.2670353755551324,-0.3379238247871399,-0.27245593070983887
4497,-0.2670353755551324,-0.3248123228549957,-0.275411456823349
4498,-0.25446900494077324,-0.2948736548423767,-0.2621198296546936
4499,-0.2261946710584651,-0.24785175919532776,-0.23336884379386902
4500,-0.18221237390820802,-0.18510332703590393,-0.18926875293254852
4501,-0.12566370614359174,-0.10953851044178009,-0.1315084993839264
4502,-0.05969026041820607,-0.02541164681315422,-0.06397777050733566
4503,0.00942477796076938,0.0620499886572361,0.008171126246452332
4504,0.07853981633974483,0.14715681970119476,0.07927384972572327
4505,0.1413716694115407,0.22432993352413177,0.14359016716480255
4506,0.19477874452256716,0.2886282801628113,0.19583956897258759
4507,0.2293362637120549,0.3361397087574005,0.23198756575584412
4508,0.24818581963359368,0.36419737339019775,0.2502971887588501
4509,0.25132741228718347,0.37142759561538696,0.25183236598968506
4510,0.23876104167282428,0.357666015625,0.239283949136734
4511,0.21362830044410594,0.3237888216972351,0.21520812809467316
4512,0.18221237390820802,0.2715177536010742,0.1814461201429367
4513,0.13823007675795088,0.20325510203838348,0.13946983218193054
4514,0.0879645943005142,0.12198887765407562,0.09078457206487656
4515,0.03455751918948772,0.031273260712623596,0.03725805506110191
4516,-0.02199114857512855,-0.064751535654068,-0.018640201538801193
4517,-0.07853981633974483,-0.16136334836483002,-0.07394473999738693
4518,-0.1288052987971815,-0.2533471882343292,-0.12540580332279205
4519,-0.17278759594743864,-0.3352036476135254,-0.1694941520690918
4520,-0.20734511513692636,-0.40146660804748535,-0.20252010226249695
4521,-0.2261946710584651,-0.44707557559013367,-0.22140687704086304
4522,-0.2261946710584651,-0.46772900223731995,-0.22506839036941528
4523,-0.21676989309769573,-0.46016567945480347,-0.2142736166715622
4524,-0.18849555921538758,-0.42237570881843567,-0.18908998370170593
4525,-0.14765485471872028,-0.35378605127334595,-0.14788299798965454
4526,-0.0879645943005142,-0.25548288226127625,-0.089532770216465
4527,-0.00942477796076938,-0.13049936294555664,-0.015258505940437317
4528,0.07539822368615504,0.01586204580962658,0.07145211100578308
4529,0.17278759594743864,0.1758134961128235,0.16542062163352966
4530,0.2670353755551324,0.3392324447631836,0.2602638602256775
4531,0.3518583772020568,0.49445289373397827,0.34897905588150024
4532,0.42411500823462206,0.6297409534454346,0.42463240027427673
4533,0.47752208334564855,0.735041618347168,0.48081880807876587
4534,0.5057964172279567,0.8032927513122559,0.5126842260360718
4535,0.5089380098815465,0.8308596611022949,0.5193626880645752
4536,0.4900884539600077,0.8172545433044434,0.5034949779510498
4537,0.45553093477052,0.7646355628967285,0.467891663312912
4538,0.40212385965949354,0.6773935556411743,0.4151182472705841
4539,0.3361504139341079,0.5618017911911011,0.3486666977405548
4540,0.2607521902479529,0.4255945682525635,0.27318310737609863
4541,0.18535396656179778,0.27743011713027954,0.19402055442333221
4542,0.10995574287564276,0.1262630969285965,0.11674831807613373
4543,0.0439822971502571,-0.01932923123240471,0.04643384367227554
4544,-0.015707963267948967,-0.1518034040927887,-0.01313696801662445
4545,-0.05969026041820607,-0.26520389318466187,-0.05971986800432205
4546,-0.09424777960769379,-0.35553568601608276,-0.09284736216068268
4547,-0.11623892818282235,-0.4209052622318268,-0.11407893896102905
4548,-0.12566370614359174,-0.461402952671051,-0.12650413811206818
4549,-0.13194689145077132,-0.4787459075450897,-0.13363409042358398
4550,-0.13194689145077132,-0.4757615029811859,-0.13847339153289795
4551,-0.13194689145077132,-0.45582419633865356,-0.14309711754322052
4552,-0.13194689145077132,-0.42235317826271057,-0.14856800436973572
4553,-0.13194689145077132,-0.37842947244644165,-0.15497398376464844
4554,-0.1350884841043611,-0.32655471563339233,-0.16148249804973602
4555,-0.1350884841043611,-0.26854732632637024,-0.166489839553833
4556,-0.1350884841043611,-0.20556201040744781,-0.16800449788570404
4557,-0.13194689145077132,-0.13822026550769806,-0.16420002281665802
4558,-0.1288052987971815,-0.06683655828237534,-0.15367963910102844
4559,-0.11938052083641214,0.00828622654080391,-0.13493669033050537
4560,-0.09738937226128358,0.08653721958398819,-0.10561096668243408
4561,-0.05969026041820607,0.16670583188533783,-0.06319467723369598
4562,-0.012566370614359173,0.24676896631717682,-0.006988894194364548
4563,0.05026548245743669,0.3238034248352051,0.061025470495224
4564,0.11938052083641214,0.39406439661979675,0.1367323398590088
4565,0.1916371518689774,0.45324596762657166,0.21443796157836914
4566,0.26389378290154264,0.49689051508903503,0.2872667908668518
4567,0.32358404331974866,0.5208595991134644,0.3477255702018738
4568,0.3675663404700058,0.5217646956443787,0.388450562953949
4569,0.38641589639154456,0.4973008334636688,0.4043920338153839
4570,0.38013271108436497,0.4464840590953827,0.3948195278644562
4571,0.34871678454846705,0.3698389530181885,0.3603876233100891
4572,0.29530970943744056,0.2695782780647278,0.30136820673942566
4573,0.22305307840487532,0.14977264404296875,0.21961605548858643
4574,0.12566370614359174,0.01644790731370449,0.1198149099946022
4575,0.01884955592153876,-0.12253133952617645,0.009219706058502197
4576,-0.09110618695410401,-0.257948637008667,-0.1031489223241806
4577,-0.1916371518689774,-0.3801511824131012,-0.20778429508209229
4578,-0.2796017461694916,-0.4802331030368805,-0.2962139844894409
4579,-0.3455751918948773,-0.5511289834976196,-0.3608146607875824
4580,-0.3832743037379548,-0.5882892608642578,-0.3953503668308258
4581,-0.3895574890451343,-0.58985435962677,-0.39980483055114746
4582,-0.3675663404700058,-0.5565121173858643,-0.37765419483184814
4583,-0.32672563597333854,-0.4912525713443756,-0.3317420780658722
4584,-0.26389378290154264,-0.39911550283432007,-0.26615622639656067
4585,-0.18849555921538758,-0.28688040375709534,-0.1869322508573532
4586,-0.10995574287564276,-0.16262070834636688,-0.10128246247768402
4587,-0.02827433388230814,-0.035086967051029205,-0.016943130642175674
4588,0.0439822971502571,0.08705704659223557,0.05851559713482857
4589,0.10367255756846318,0.19603949785232544,0.11873256415128708
4590,0.14765485471872028,0.28568336367607117,0.15967537462711334
4591,0.16964600329384882,0.35187435150146484,0.18064197897911072
4592,0.17278759594743864,0.3927343785762787,0.18440474569797516
4593,0.16336281798666927,0.4085145890712738,0.17571061849594116
4594,0.15079644737231007,0.40126195549964905,0.15959185361862183
4595,0.1350884841043611,0.3743340075016022,0.14066289365291595
4596,0.12252211349000193,0.33184003829956055,0.1227913647890091
4597,0.11309733552923255,0.2781012952327728,0.10864642262458801
4598,0.10995574287564276,0.21721650660037994,0.09945844113826752
4599,0.10995574287564276,0.15278558433055878,0.0951300710439682
4600,0.10995574287564276,0.08780207484960556,0.09436734020709991
4601,0.10995574287564276,0.024684034287929535,0.09512408822774887
4602,0.10995574287564276,-0.03458788990974426,0.09536880254745483
4603,0.10995574287564276,-0.08826007694005966,0.09358304738998413
4604,0.10681415022205297,-0.1345701515674591,0.08896386623382568
4605,0.10053096491487339,-0.17155079543590546,0.08152742683887482
4606,0.09110618695410401,-0.1969410628080368,0.07217516005039215
4607,0.08168140899333463,-0.20824843645095825,0.06266990303993225
4608,0.07539822368615504,-0.20297394692897797,0.0553799644112587
4609,0.07539822368615504,-0.17896965146064758,0.052697792649269104
4610,0.07539822368615504,-0.13487298786640167,0.056298233568668365
4611,0.07853981633974483,-0.0705617368221283,0.06677274405956268
4612,0.0879645943005142,0.012415541335940361,0.08401182293891907
4613,0.10681415022205297,0.1104876771569252,0.10768478363752365
4614,0.13194689145077132,0.21789394319057465,0.13686305284500122
4615,0.16022122533307945,0.3268541097640991,0.16912850737571716
4616,0.1916371518689774,0.42820343375205994,0.20034459233283997
4617,0.21676989309769573,0.5124579071998596,0.2254391610622406
4618,0.2324778563656447,0.5710486173629761,0.23977923393249512
4619,0.23561944901923448,0.597338080406189,0.24061863124370575
4620,0.22305307840487532,0.587183952331543,0.22723621129989624
4621,0.19792033717615698,0.5391122102737427,0.19950062036514282
4622,0.15707963267948966,0.45434996485710144,0.15743860602378845
4623,0.10367255756846318,0.3368982672691345,0.10234019160270691
4624,0.04084070449666732,0.19361740350723267,0.03760881349444389
4625,-0.02827433388230814,0.0341162234544754,-0.031379684805870056
4626,-0.09424777960769379,-0.1298186480998993,-0.09807302057743073
4627,-0.15393804002589986,-0.2853977680206299,-0.15568500757217407
4628,-0.19792033717615698,-0.4204554557800293,-0.19800855219364166
4629,-0.21991148575128552,-0.5250601768493652,-0.2209475338459015
4630,-0.22305307840487532,-0.5925718545913696,-0.22469452023506165
4631,-0.21362830044410594,-0.6199188232421875,-0.21266396343708038
4632,-0.18849555921538758,-0.6072933673858643,-0.18829315900802612
4633,-0.15393804002589986,-0.5576446056365967,-0.15454906225204468
4634,-0.11309733552923255,-0.4761793315410614,-0.11494188010692596
4635,-0.07225663103256524,-0.36985450983047485,-0.0736008733510971
4636,-0.031415926535897934,-0.24680161476135254,-0.0346577912569046
4637,0.0031415926535897933,-0.11571024358272552,-0.0016320087015628815
4638,0.031415926535897934,0.014757359400391579,0.02312628924846649
4639,0.047123889803846894,0.13650056719779968,0.03882324695587158
4640,0.053407075111026485,0.24247373640537262,0.04616275057196617
4641,0.053407075111026485,0.3271005153656006,0.04687841236591339
4642,0.05026548245743669,0.38653329014778137,0.04312336444854736
4643,0.05026548245743669,0.418718546628952,0.036951273679733276
4644,0.05026548245743669,0.4233006238937378,0.03000824712216854
4645,0.05026548245743669,0.4014419913291931,0.023431945592164993
4646,0.05026548245743669,0.35564881563186646,0.017912186682224274
4647,0.05026548245743669,0.2896595001220703,0.013851586729288101
4648,0.05026548245743669,0.20838285982608795,0.011541379615664482
4649,0.05026548245743669,0.11781234294176102,0.011301450431346893
4650,0.05026548245743669,0.024831127375364304,0.013560809195041656
4651,0.05026548245743669,-0.06313575804233551,0.01885802112519741
4652,0.05026548245743669,-0.13862575590610504,0.027801429852843285
4653,0.05026548245743669,-0.19477176666259766,0.0411018505692482
4654,0.05969026041820607,-0.22599154710769653,0.05967740714550018
4655,0.07225663103256524,-0.2286258339881897,0.08451301604509354
4656,0.09738937226128358,-0.20143423974514008,0.1159391850233078
4657,0.12566370614359174,-0.1459246128797531,0.15266159176826477
4658,0.16022122533307945,-0.06651423871517181,0.1913079470396042
4659,0.19792033717615698,0.029538242146372795,0.22671648859977722
4660,0.22305307840487532,0.13256976008415222,0.252748966217041
4661,0.23876104167282428,0.23143276572227478,0.2638961374759674
4662,0.2324778563656447,0.3148435652256012,0.25708359479904175
4663,0.21048670779051615,0.37287992238998413,0.23058933019638062
4664,0.16964600329384882,0.39825305342674255,0.18248040974140167
4665,0.10367255756846318,0.38712552189826965,0.1125415563583374
4666,0.02199114857512855,0.3395278751850128,0.024446548894047737
4667,-0.07225663103256524,0.2595527768135071,-0.07395951449871063
4668,-0.16650441064025903,0.15534640848636627,-0.17181678116321564
4669,-0.24504422698000386,0.03864790126681328,-0.25710466504096985
4670,-0.2984513020910304,-0.07642578333616257,-0.3161378502845764
4671,-0.31730085801256913,-0.1753261238336563,-0.336410254240036
4672,-0.29530970943744056,-0.24524816870689392,-0.3155658543109894
4673,-0.23561944901923448,-0.27684828639030457,-0.2526583671569824
4674,-0.13194689145077132,-0.2651787996292114,-0.14778223633766174
4675,0.0031415926535897933,-0.21008725464344025,-0.007094088941812515
4676,0.16022122533307945,-0.11650213599205017,0.15704824030399323
4677,0.3204424506661589,0.005392557010054588,0.3270939290523529
4678,0.47438049069205873,0.14066141843795776,0.4830028712749481
4679,0.5874778262212914,0.27137699723243713,0.6064088344573975
4680,0.6565928646002668,0.37945857644081116,0.6774274110794067
4681,0.6597344572538566,0.4495498836040497,0.68392014503479
4682,0.6031857894892403,0.47082218527793884,0.6241071224212646
4683,0.48380526865282814,0.4375046491622925,0.4977041780948639
4684,0.30159289474462014,0.3489589989185333,0.3104372024536133
4685,0.07225663103256524,0.21020713448524475,0.0764666199684143
4686,-0.1759291886010284,0.032872527837753296,-0.18333113193511963
4687,-0.43353978619539146,-0.16473154723644257,-0.44388169050216675
4688,-0.6628760499074464,-0.3598152697086334,-0.6778759956359863
4689,-0.8450884238156543,-0.5294690132141113,-0.8649511337280273
4690,-0.9676105373056563,-0.6550809144973755,-0.9873422384262085
4691,-1.0115928344559133,-0.7246342897415161,-1.0349774360656738
4692,-0.9770353152664256,-0.7325206995010376,-1.0039403438568115
4693,-0.8639379797371931,-0.6783096790313721,-0.8926008939743042
4694,-0.6817256058289851,-0.5660374164581299,-0.706855058670044
4695,-0.4366813788489812,-0.4044661521911621,-0.4594542682170868
4696,-0.15393804002589986,-0.20760543644428253,-0.17031657695770264
4697,0.1413716694115407,0.005792789161205292,0.13331329822540283
4698,0.42411500823462206,0.214563250541687,0.42049306631088257
4699,0.6565928646002668,0.3986343741416931,0.6635547876358032
4700,0.8262388678941156,0.5421500205993652,0.8423851728439331
4701,0.9204866475018093,0.6350966691970825,0.9428752660751343
4702,0.9361946107697584,0.6734181642532349,0.9622510671615601
4703,0.8796459430051421,0.6583831310272217,0.9050537347793579
4704,0.7539822368615503,0.5959548950195312,0.7795100212097168
4705,0.578053048260522,0.4962995946407318,0.5994820594787598
4706,0.3675663404700058,0.3729342222213745,0.3846980929374695
4707,0.1445132620651305,0.2410862296819687,0.15913203358650208
4708,-0.05969026041820607,0.11553094536066055,-0.052714817225933075
4709,-0.2324778563656447,0.008658403530716896,-0.23009797930717468
4710,-0.3455751918948773,-0.07073372602462769,-0.3545128405094147
4711,-0.3989822670059037,-0.11798548698425293,-0.41526278853416443
4712,-0.39269908169872414,-0.13274282217025757,-0.41614341735839844
4713,-0.3361504139341079,-0.11884085834026337,-0.36264199018478394
4714,-0.23876104167282428,-0.08375032991170883,-0.2662161588668823
4715,-0.11623892818282235,-0.037464238703250885,-0.14351479709148407
4716,0.006283185307179587,0.009059140458703041,-0.013400938361883163
4717,0.11623892818282235,0.04558487981557846,0.105766162276268
4718,0.20106192982974677,0.06407203525304794,0.19735503196716309
4719,0.24504422698000386,0.05970747768878937,0.24752530455589294
4720,0.24190263432641407,0.031493160873651505,0.2525361478328705
4721,0.20420352248333654,-0.017510782927274704,0.21727240085601807
4722,0.13194689145077132,-0.0803239643573761,0.14959919452667236
4723,0.0439822971502571,-0.14680197834968567,0.06109444051980972
4724,-0.05026548245743669,-0.20512540638446808,-0.03337278962135315
4725,-0.13194689145077132,-0.24369263648986816,-0.11771470308303833
4726,-0.18849555921538758,-0.25282320380210876,-0.17516212165355682
4727,-0.20420352248333654,-0.22591924667358398,-0.1931094527244568
4728,-0.18221237390820802,-0.16018374264240265,-0.17044267058372498
4729,-0.11938052083641214,-0.05722834914922714,-0.10817193984985352
4730,-0.02199114857512855,0.07627357542514801,-0.01025056466460228
4731,0.10367255756846318,0.228262796998024,0.11298326402902603
4732,0.23561944901923448,0.38213229179382324,0.24601946771144867
4733,0.3612831551628262,0.5192245244979858,0.3713192045688629
4734,0.4649557127312894,0.6222459077835083,0.471899151802063
4735,0.5215043804959058,0.6779553890228271,0.529741644859314
4736,0.5309291584566751,0.6781008243560791,0.5339286923408508
4737,0.48380526865282814,0.6190954446792603,0.48348236083984375
4738,0.38641589639154456,0.5017186999320984,0.37988850474357605
4739,0.2324778563656447,0.3316749930381775,0.2294461578130722
4740,0.05026548245743669,0.12081530690193176,0.04487539082765579
4741,-0.1445132620651305,-0.11219614744186401,-0.15569263696670532
4742,-0.3424335992412874,-0.3434349596500397,-0.3507280945777893
4743,-0.5089380098815465,-0.5480062961578369,-0.5196435451507568
4744,-0.6408849013323178,-0.7052439451217651,-0.646609902381897
4745,-0.7099999397112933,-0.8018898963928223,-0.715416431427002
4746,-0.7194247176720626,-0.8320250511169434,-0.7229597568511963
4747,-0.6660176425610361,-0.7952336072921753,-0.6687215566635132
4748,-0.5560618996853934,-0.6952574253082275,-0.555239200592041
4749,-0.3989822670059037,-0.5399578809738159,-0.3916413486003876
4750,-0.19792033717615698,-0.34181705117225647,-0.1922830194234848
4751,0.00942477796076938,-0.11777627468109131,0.024069592356681824
4752,0.21991148575128552,0.11226554960012436,0.23605023324489594
4753,0.40212385965949354,0.3280557692050934,0.42330771684646606
4754,0.5497787143782138,0.5118441581726074,0.5702234506607056
4755,0.6471680866394973,0.6506174802780151,0.6648406982421875
4756,0.6848671984825748,0.737127423286438,0.7011984586715698
4757,0.669159235214626,0.7696456909179688,0.6833444833755493
4758,0.6063273821428301,0.7509938478469849,0.617950439453125
4759,0.5057964172279567,0.687522292137146,0.5134223699569702
4760,0.38013271108436497,0.5881668329238892,0.38129234313964844
4761,0.24190263432641407,0.4633074104785919,0.23519612848758698
4762,0.10367255756846318,0.32345807552337646,0.08890726417303085
4763,-0.02827433388230814,0.17827774584293365,-0.04520420730113983
4764,-0.1350884841043611,0.03618821129202843,-0.1571323573589325
4765,-0.21676989309769573,-0.09572160243988037,-0.24021634459495544
4766,-0.2670353755551324,-0.21189960837364197,-0.29110145568847656
4767,-0.289026524130261,-0.30852246284484863,-0.3113082945346832
4768,-0.2827433388230814,-0.38336917757987976,-0.30719026923179626
4769,-0.26389378290154264,-0.4354099631309509,-0.28497377038002014
4770,-0.2324778563656447,-0.46435412764549255,-0.24956366419792175
4771,-0.19477874452256716,-0.4703039824962616,-0.2053111344575882
4772,-0.15079644737231007,-0.45357686281204224,-0.15581071376800537
4773,-0.10367255756846318,-0.4147566258907318,-0.10377362370491028
4774,-0.05654866776461628,-0.3549579679965973,-0.051712073385715485
4775,-0.012566370614359173,-0.2761542499065399,-0.0021478794515132904
4776,0.02827433388230814,-0.18144343793392181,0.04298032075166702
4777,0.06597344572538566,-0.07524080574512482,0.08173789829015732
4778,0.09424777960769379,0.03660912066698074,0.11189459264278412
4779,0.11623892818282235,0.14693373441696167,0.13150328397750854
4780,0.12252211349000193,0.24773012101650238,0.13958963751792908
4781,0.12252211349000193,0.3310813009738922,0.13652105629444122
4782,0.11309733552923255,0.39025959372520447,0.12355955690145493
4783,0.09424777960769379,0.42066603899002075,0.10216324031352997
4784,0.06911503837897544,0.42038580775260925,0.07403989881277084
4785,0.03769911184307752,0.39036238193511963,0.04177568852901459
4786,0.006283185307179587,0.3343154788017273,0.00925886258482933
4787,-0.02199114857512855,0.25847533345222473,-0.018470164388418198
4788,-0.04084070449666732,0.171089306473732,-0.036130622029304504
4789,-0.0439822971502571,0.08161819726228714,-0.040123797953128815
4790,-0.03455751918948772,-0.00036903098225593567,-0.029902540147304535
4791,-0.012566370614359173,-0.06641581654548645,-0.006147954612970352
4792,0.02827433388230814,-0.1102219820022583,0.0312070082873106
4793,0.07853981633974483,-0.12829484045505524,0.08122341334819794
4794,0.13823007675795088,-0.12017859518527985,0.13983622193336487
4795,0.20106192982974677,-0.08835341781377792,0.20036281645298004
4796,0.257610597594363,-0.037858374416828156,0.25496357679367065
4797,0.2984513020910304,0.024375077337026596,0.29576215147972107
4798,0.3204424506661589,0.09046351909637451,0.31660959124565125
4799,0.3204424506661589,0.15263807773590088,0.31548452377319336
4800,0.2984513020910304,0.2042011320590973,0.29351773858070374
4801,0.257610597594363,0.24018293619155884,0.25234454870224
4802,0.19792033717615698,0.2576484978199005,0.19441115856170654
4803,0.12566370614359174,0.2557114362716675,0.12408923357725143
4804,0.0439822971502571,0.2353142946958542,0.047540754079818726
4805,-0.03455751918948772,0.19880414009094238,-0.028267458081245422
4806,-0.10367255756846318,0.14935657382011414,-0.09663084149360657
4807,-0.16336281798666927,0.09037427604198456,-0.15200071036815643
4808,-0.20420352248333654,0.02502831071615219,-0.19088004529476166
4809,-0.2261946710584651,-0.043943628668785095,-0.2128446102142334
4810,-0.23561944901923448,-0.11418643593788147,-0.22074639797210693
4811,-0.2293362637120549,-0.18352670967578888,-0.21918624639511108
4812,-0.2261946710584651,-0.24972781538963318,-0.21255071461200714
4813,-0.21676989309769573,-0.3102470338344574,-0.20398974418640137
4814,-0.21362830044410594,-0.3620275557041168,-0.19515201449394226
4815,-0.20734511513692636,-0.4013962745666504,-0.18619753420352936
4816,-0.20106192982974677,-0.42416033148765564,-0.17596416175365448
4817,-0.18849555921538758,-0.4259372651576996,-0.16211143136024475
4818,-0.16650441064025903,-0.40268674492836,-0.1411253809928894
4819,-0.13194689145077132,-0.35135236382484436,-0.10873545706272125
4820,-0.08168140899333463,-0.27053043246269226,-0.061406053602695465
4821,-0.015707963267948967,-0.1611364483833313,0.0019572749733924866
4822,0.06283185307179587,-0.027071133255958557,0.07932572811841965
4823,0.15393804002589986,0.12421832978725433,0.16557420790195465
4824,0.24190263432641407,0.2816193699836731,0.2528949975967407
4825,0.3204424506661589,0.4311602711677551,0.33169782161712646
4826,0.3832743037379548,0.5579465627670288,0.3913000524044037
4827,0.4146902302738527,0.6486901044845581,0.42147406935691833
4828,0.40840704496667307,0.6937055587768555,0.41759398579597473
4829,0.37070793312359557,0.6876436471939087,0.37911996245384216
4830,0.29530970943744056,0.6293065547943115,0.3063378930091858
4831,0.1916371518689774,0.5214544534683228,0.20291464030742645
4832,0.06911503837897544,0.3710770010948181,0.07738017290830612
4833,-0.06283185307179587,0.18983763456344604,-0.05761198699474335
4834,-0.1916371518689774,-0.006080154329538345,-0.18718133866786957
4835,-0.30159289474462014,-0.19745557010173798,-0.29708483815193176
4836,-0.3738495257771854,-0.36490097641944885,-0.37304726243019104
4837,-0.4052654523130833,-0.4921080768108368,-0.4030846059322357
4838,-0.38641589639154456,-0.5679680109024048,-0.3871154487133026
4839,-0.32672563597333854,-0.5869143009185791,-0.32622525095939636
4840,-0.22305307840487532,-0.548215389251709,-0.2234725058078766
4841,-0.08482300164692441,-0.45540064573287964,-0.08723144978284836
4842,0.07225663103256524,-0.3162612318992615,0.06983040273189545
4843,0.23561944901923448,-0.14288796484470367,0.23208534717559814
4844,0.3832743037379548,0.0490347221493721,0.3830045163631439
4845,0.5057964172279567,0.24190585315227509,0.5081714391708374
4846,0.5906194188748811,0.41843634843826294,0.5955582857131958
4847,0.6283185307179586,0.5638189315795898,0.6358869075775146
4848,0.6188937527571892,0.6673163175582886,0.6288692951202393
4849,0.5686282702997526,0.7228845357894897,0.5780789852142334
4850,0.47752208334564855,0.7288204431533813,0.48761066794395447
4851,0.35499996985564664,0.6869096755981445,0.36425286531448364
4852,0.21362830044410594,0.6016120910644531,0.21789735555648804
4853,0.06283185307179587,0.4794366955757141,0.060354188084602356
4854,-0.09110618695410401,0.3284199833869934,-0.09591713547706604
4855,-0.2293362637120549,0.1577724814414978,-0.239020437002182
4856,-0.3455751918948773,-0.02222934365272522,-0.3598007559776306
4857,-0.4366813788489812,-0.20036889612674713,-0.4522370398044586
4858,-0.4932300466135975,-0.36509114503860474,-0.5101585388183594
4859,-0.5120796025351363,-0.505608320236206,-0.531784176826477
4860,-0.4995132319207771,-0.6130279302597046,-0.5204085111618042
4861,-0.4586725274241098,-0.681031346321106,-0.4782315194606781
4862,-0.3895574890451343,-0.7059776782989502,-0.4074171483516693
4863,-0.2984513020910304,-0.6866347789764404,-0.31143996119499207
4864,-0.18849555921538758,-0.6238908767700195,-0.19510988891124725
4865,-0.06597344572538566,-0.520707368850708,-0.06496471911668777
4866,0.06283185307179587,-0.38234302401542664,0.07032163441181183
4867,0.18221237390820802,-0.21667605638504028,0.20073466002941132
4868,0.29216811678385074,-0.03437798470258713,0.31635797023773193
4869,0.37699111843077515,0.15133976936340332,0.40758976340293884
4870,0.43353978619539146,0.3256876468658447,0.4648752510547638
4871,0.4523893421169302,0.47406768798828125,0.4827040433883667
4872,0.43353978619539146,0.5842282772064209,0.4618064761161804
4873,0.3832743037379548,0.6479183435440063,0.40389546751976013
4874,0.29530970943744056,0.6614274978637695,0.31223827600479126
4875,0.18535396656179778,0.6252557039260864,0.19405201077461243
4876,0.05969026041820607,0.543632984161377,0.06027904152870178
4877,-0.06283185307179587,0.42424026131629944,-0.07569625973701477
4878,-0.1790707812546182,0.27788764238357544,-0.19983826577663422
4879,-0.2701769682087222,0.11773321777582169,-0.29957935214042664
4880,-0.3298672286269283,-0.042101092636585236,-0.3629910349845886
4881,-0.3518583772020568,-0.1882771998643875,-0.3839188516139984
4882,-0.33300882128051806,-0.30989786982536316,-0.3652900457382202
4883,-0.2827433388230814,-0.3996456563472748,-0.311003714799881
4884,-0.20734511513692636,-0.45421960949897766,-0.22778600454330444
4885,-0.11309733552923255,-0.47416266798973083,-0.12633375823497772
4886,-0.015707963267948967,-0.4632894992828369,-0.01972939819097519
4887,0.07225663103256524,-0.4278284013271332,0.07832606136798859
4888,0.13823007675795088,-0.3752842843532562,0.1547585129737854
4889,0.1759291886010284,-0.31309083104133606,0.19925931096076965
4890,0.18221237390820802,-0.2473258376121521,0.20928476750850677
4891,0.16022122533307945,-0.181863471865654,0.18906785547733307
4892,0.11623892818282235,-0.11815933883190155,0.1452280431985855
4893,0.06283185307179587,-0.05554529279470444,0.08665445446968079
4894,0.006283185307179587,0.00821167603135109,0.0247837845236063
4895,-0.04084070449666732,0.0761602520942688,-0.02746715396642685
4896,-0.06283185307179587,0.15117350220680237,-0.057759009301662445
4897,-0.05969026041820607,0.23482760787010193,-0.05979127436876297
4898,-0.02827433388230814,0.3264157474040985,-0.033312052488327026
4899,0.02827433388230814,0.42233654856681824,0.021179597824811935
4900,0.10681415022205297,0.5160670280456543,0.09994938224554062
4901,0.20106192982974677,0.5989087820053101,0.19422394037246704
4902,0.30159289474462014,0.661461353302002,0.2920474410057068
4903,0.38641589639154456,0.6953344345092773,0.38079312443733215
4904,0.44924774946334045,0.6944307088851929,0.4481087028980255
4905,0.48380526865282814,0.6555265188217163,0.48308947682380676
4906,0.48066367599923837,0.5784225463867188,0.4820081889629364
4907,0.4429645641561608,0.46605435013771057,0.4467066526412964
4908,0.37699111843077515,0.32467490434646606,0.38012537360191345
4909,0.28588493147667116,0.1639118790626526,0.28781819343566895
4910,0.17278759594743864,-0.00369890034198761,0.17883548140525818
4911,0.05969026041820607,-0.16407649219036102,0.06457561254501343
4912,-0.05026548245743669,-0.3037428557872772,-0.04323509335517883
4913,-0.13823007675795088,-0.4119507372379303,-0.13431335985660553
4914,-0.20420352248333654,-0.48191937804222107,-0.20026524364948273
4915,-0.24190263432641407,-0.5110119581222534,-0.2361241579055786
4916,-0.25132741228718347,-0.5003342628479004,-0.24395430088043213
4917,-0.23561944901923448,-0.45422491431236267,-0.23008769750595093
4918,-0.20734511513692636,-0.37970227003097534,-0.20089398324489594
4919,-0.16964600329384882,-0.28567686676979065,-0.16278259456157684
4920,-0.12566370614359174,-0.18185506761074066,-0.12230080366134644
4921,-0.0879645943005142,-0.07755157351493835,-0.08514882624149323
4922,-0.05654866776461628,0.019254276528954506,-0.05528166890144348
4923,-0.03455751918948772,0.10244403034448624,-0.034617550671100616
4924,-0.02199114857512855,0.16792675852775574,-0.022994551807641983
4925,-0.01884955592153876,0.2135678231716156,-0.018378805369138718
4926,-0.01884955592153876,0.2389184832572937,-0.017997656017541885
4927,-0.01884955592153876,0.24476101994514465,-0.019446920603513718
4928,-0.01884955592153876,0.23255540430545807,-0.02115717902779579
4929,-0.01884955592153876,0.20394791662693024,-0.022548694163560867
4930,-0.01884955592153876,0.16051021218299866,-0.023932896554470062
4931,-0.02199114857512855,0.10379361361265182,-0.02622354030609131
4932,-0.02199114857512855,0.03563203290104866,-0.030576035380363464
4933,-0.02199114857512855,-0.04148056358098984,-0.0379815399646759
4934,-0.031415926535897934,-0.12407584488391876,-0.04883059859275818
4935,-0.04084070449666732,-0.2075103521347046,-0.06251946836709976
4936,-0.05654866776461628,-0.28593364357948303,-0.0771852433681488
4937,-0.06911503837897544,-0.35252055525779724,-0.0897260531783104
4938,-0.07853981633974483,-0.4000164866447449,-0.09638071060180664
4939,-0.08168140899333463,-0.4215243458747864,-0.09397821128368378
4940,-0.07225663103256524,-0.411357581615448,-0.08063412457704544
4941,-0.05026548245743669,-0.365788072347641,-0.05424945056438446
4942,-0.00942477796076938,-0.2836396098136902,-0.01166745275259018
4943,0.0439822971502571,-0.1668163239955902,0.048414189368486404
4944,0.11623892818282235,-0.020837735384702682,0.12300609052181244
4945,0.19477874452256716,0.14478105306625366,0.20560628175735474
4946,0.27646015351590175,0.3167624771595001,0.2877761423587799
4947,0.34871678454846705,0.4794253706932068,0.36016643047332764
4948,0.40212385965949354,0.6171817779541016,0.4131632149219513
4949,0.4303981935418017,0.7172819375991821,0.43893954157829285
4950,0.4303981935418017,0.7715239524841309,0.4354197084903717
4951,0.40212385965949354,0.776435375213623,0.40429961681365967
4952,0.34871678454846705,0.732602596282959,0.34785252809524536
4953,0.273318560862312,0.644071102142334,0.27030009031295776
4954,0.18221237390820802,0.5180703401565552,0.17881014943122864
4955,0.0879645943005142,0.36468198895454407,0.08261697739362717
4956,-0.0031415926535897933,0.19601865112781525,-0.008586619049310684
4957,-0.08168140899333463,0.024856451898813248,-0.08604960888624191
4958,-0.13823007675795088,-0.13691146671772003,-0.14286936819553375
4959,-0.1759291886010284,-0.27952858805656433,-0.17567352950572968
4960,-0.18849555921538758,-0.3961236774921417,-0.18677455186843872
4961,-0.18535396656179778,-0.4830176532268524,-0.18271952867507935
4962,-0.1759291886010284,-0.5396573543548584,-0.1709751933813095
4963,-0.16964600329384882,-0.5681496858596802,-0.15834254026412964
4964,-0.16650441064025903,-0.572419285774231,-0.15002422034740448
4965,-0.16650441064025903,-0.5571187734603882,-0.14863809943199158
4966,-0.17278759594743864,-0.5265191793441772,-0.15430748462677002
4967,-0.1790707812546182,-0.48365679383277893,-0.16558700799942017
4968,-0.18849555921538758,-0.42998597025871277,-0.17955438792705536
4969,-0.19477874452256716,-0.3655741512775421,-0.19163143634796143
4970,-0.1916371518689774,-0.28961804509162903,-0.1967824399471283
4971,-0.18221237390820802,-0.2010287344455719,-0.19119848310947418
4972,-0.16022122533307945,-0.09904469549655914,-0.17190022766590118
4973,-0.11623892818282235,0.01606219820678234,-0.13486307859420776
4974,-0.05654866776461628,0.1422603726387024,-0.07648365944623947
4975,0.025132741228718346,0.2752276659011841,0.003028394654393196
4976,0.11938052083641214,0.4082625210285187,0.09920892119407654
4977,0.22305307840487532,0.5328525304794312,0.20516112446784973
4978,0.32672563597333854,0.6399364471435547,0.31262966990470886
4979,0.42411500823462206,0.7215040922164917,0.41277191042900085
4980,0.4995132319207771,0.7718873023986816,0.49748289585113525
4981,0.5560618996853934,0.788304328918457,0.5600020885467529
4982,0.5843362335677015,0.770768404006958,0.5957380533218384
4983,0.5874778262212914,0.7217404842376709,0.6047629117965698
4984,0.5717698629533423,0.6457376480102539,0.5909172296524048
4985,0.5372123437638546,0.5488104820251465,0.5578954219818115
4986,0.48694686130641796,0.4377598166465759,0.5082927942276001
4987,0.42411500823462206,0.3191508948802948,0.4442569315433502
4988,0.3518583772020568,0.19839154183864594,0.3675228953361511
4989,0.2701769682087222,0.07918016612529755,0.27921605110168457
4990,0.1759291886010284,-0.036550335586071014,0.18006367981433868
4991,0.07225663103256524,-0.1482810527086258,0.07062922418117523
4992,-0.03769911184307752,-0.25631412863731384,-0.048618167638778687
4993,-0.15707963267948966,-0.36103805899620056,-0.17659060657024384
4994,-0.289026524130261,-0.4621126353740692,-0.3106529414653778
4995,-0.4178318229274425,-0.557707667350769,-0.4461781680583954
4996,-0.546637121724624,-0.6440459489822388,-0.5768226385116577
4997,-0.6660176425610361,-0.7155102491378784,-0.6957703828811646
4998,-0.7665486074759096,-0.7653841972351074,-0.7967073917388916
4999,-0.8388052385084748,-0.7869859933853149,-0.8695522546768188
5000,-0.8796459430051421,-0.7747668027877808,-0.9030349254608154
5001,-0.8733627576979625,-0.7250524759292603,-0.8933913707733154
5002,-0.819955682586936,-0.6364185810089111,-0.8357948064804077
5003,-0.7162831250184728,-0.5099084377288818,-0.7268149852752686
5004,-0.562345084992573,-0.3492913842201233,-0.5672900676727295
5005,-0.3675663404700058,-0.16145282983779907,-0.3632211983203888
5006,-0.1413716694115407,0.04317079856991768,-0.12642966210842133
5007,0.10053096491487339,0.2506006956100464,0.12585073709487915
5008,0.3424335992412874,0.44459858536720276,0.3731561601161957
5009,0.562345084992573,0.6094506978988647,0.5946344137191772
5010,0.7382742735936014,0.7330465316772461,0.7738052606582642
5011,0.8670795723907829,0.8085595369338989,0.9004863500595093
5012,0.9361946107697584,0.8343045711517334,0.9663530588150024
5013,0.9519025740377073,0.8127497434616089,0.9731450080871582
5014,0.9142034621946298,0.7496703863143921,0.9268909692764282
5015,0.8293804605477054,0.6535754203796387,0.8344087600708008
5016,0.7068583470577035,0.5349966287612915,0.7054744958877563
5017,0.562345084992573,0.4053488075733185,0.5521161556243896
5018,0.40212385965949354,0.27545100450515747,0.3870968520641327
5019,0.23876104167282428,0.15410006046295166,0.22266045212745667
5020,0.0879645943005142,0.0471765398979187,0.06981321424245834
5021,-0.0439822971502571,-0.042512036859989166,-0.06275580823421478
5022,-0.15393804002589986,-0.11486375331878662,-0.1709064543247223
5023,-0.23876104167282428,-0.17189177870750427,-0.252957284450531
5024,-0.30159289474462014,-0.21698549389839172,-0.30916884541511536
5025,-0.3424335992412874,-0.2539606988430023,-0.34307390451431274
5026,-0.36442474781641604,-0.28595998883247375,-0.3601608872413635
5027,-0.37070793312359557,-0.3144679367542267,-0.3651348352432251
5028,-0.3675663404700058,-0.3387661874294281,-0.36073142290115356
5029,-0.3518583772020568,-0.356008917093277,-0.3477289378643036
5030,-0.32672563597333854,-0.3618643879890442,-0.32488542795181274
5031,-0.289026524130261,-0.3514848053455353,-0.2890193462371826
5032,-0.23561944901923448,-0.3205282688140869,-0.23669850826263428
5033,-0.16336281798666927,-0.26605355739593506,-0.1668172925710678
5034,-0.07853981633974483,-0.187241330742836,-0.08083797991275787
5035,0.01884955592153876,-0.08595322072505951,0.017553813755512238
5036,0.12252211349000193,0.03288879990577698,0.12210234254598618
5037,0.22305307840487532,0.16126342117786407,0.22436200082302094
5038,0.3141592653589793,0.28865373134613037,0.31488585472106934
5039,0.38013271108436497,0.40348899364471436,0.3842233717441559
5040,0.4178318229274425,0.49512553215026855,0.42422783374786377
5041,0.42411500823462206,0.5555875301361084,0.4321737587451935
5042,0.3989822670059037,0.5804377794265747,0.41065487265586853
5043,0.3518583772020568,0.5688133239746094,0.3633209466934204
5044,0.2827433388230814,0.5230904817581177,0.29522162675857544
5045,0.20420352248333654,0.44849270582199097,0.21401284635066986
5046,0.11938052083641214,0.3525736331939697,0.1291286051273346
5047,0.0439822971502571,0.24433638155460358,0.050134334713220596
5048,-0.01884955592153876,0.13294717669487,-0.014425486326217651
5049,-0.06283185307179587,0.026354193687438965,-0.05818437039852142
5050,-0.08482300164692441,-0.06970896571874619,-0.0796196386218071
5051,-0.0879645943005142,-0.1520814299583435,-0.08312316983938217
5052,-0.08168140899333463,-0.22001391649246216,-0.07620273530483246
5053,-0.07853981633974483,-0.27473363280296326,-0.06676393002271652
5054,-0.07853981633974483,-0.3188040554523468,-0.06150205433368683
5055,-0.08168140899333463,-0.35522565245628357,-0.06464850902557373
5056,-0.09738937226128358,-0.38633617758750916,-0.07813913375139236
5057,-0.12566370614359174,-0.41275089979171753,-0.10247530043125153
5058,-0.16022122533307945,-0.4326709508895874,-0.13593657314777374
5059,-0.19792033717615698,-0.44182324409484863,-0.17318086326122284
5060,-0.2293362637120549,-0.4341014325618744,-0.2054077535867691
5061,-0.24504422698000386,-0.402691513299942,-0.22224870324134827
5062,-0.23561944901923448,-0.3412933945655823,-0.21618583798408508
5063,-0.19477874452256716,-0.245231032371521,-0.18210294842720032
5064,-0.12252211349000193,-0.11259230971336365,-0.11438681185245514
5065,-0.012566370614359173,0.05437767505645752,-0.010856125503778458
5066,0.13194689145077132,0.2476910948753357,0.12413430958986282
5067,0.289026524130261,0.452536016702652,0.27988535165786743
5068,0.45553093477052,0.6481318473815918,0.4404907822608948
5069,0.6063273821428301,0.8115496635437012,0.5875222682952881
5070,0.7257079029792423,0.923042893409729,0.7040034532546997
5071,0.7916813487046279,0.9693292379379272,0.7696837186813354
5072,0.7979645340118074,0.9431596994400024,0.772098183631897
5073,0.7351326809400116,0.8413515090942383,0.7079533338546753
5074,0.5937610115284709,0.6641777753829956,0.5741724967956543
5075,0.38641589639154456,0.41690680384635925,0.3739911615848541
5076,0.13194689145077132,0.1130082905292511,0.12012257426977158
5077,-0.16022122533307945,-0.22229599952697754,-0.1669723093509674
5078,-0.4618141200776996,-0.5522693395614624,-0.46327105164527893
5079,-0.744557458900781,-0.8370312452316284,-0.7411725521087646
5080,-0.9896016858807849,-1.046423316001892,-0.976732611656189
5081,-1.1718140597889928,-1.1664323806762695,-1.157934546470642
5082,-1.2849113953182254,-1.1949697732925415,-1.269911766052246
5083,-1.3257520998148928,-1.134870171546936,-1.3071216344833374
5084,-1.2849113953182254,-0.9919171333312988,-1.26495361328125
5085,-1.1655308744818134,-0.7760947942733765,-1.1418187618255615
5086,-0.9738937226128359,-0.5017801523208618,-0.9409835338592529
5087,-0.7005751617505239,-0.18835672736167908,-0.6712759733200073
5088,-0.3738495257771854,0.13883420825004578,-0.34759193658828735
5089,-0.01884955592153876,0.4502980411052704,0.007906245067715645
5090,0.3455751918948773,0.7177727222442627,0.36567187309265137
5091,0.6754424205218055,0.9204956293106079,0.6970362663269043
5092,0.9581857593448869,1.0480871200561523,0.9765311479568481
5093,1.1780972450961724,1.0989161729812622,1.1897715330123901
5094,1.3257520998148928,1.076788067817688,1.3321884870529175
5095,1.3980087308474578,0.9891287088394165,1.3993539810180664
5096,1.3948671381938682,0.8466325998306274,1.3919974565505981
5097,1.3257520998148928,0.6624999046325684,1.3126332759857178
5098,1.184380430403352,0.45119354128837585,1.1656785011291504
5099,0.9801769079200154,0.22782592475414276,0.9574381113052368
5100,0.7225663103256524,0.007976746186614037,0.6982239484786987
5101,0.43353978619539146,-0.19320577383041382,0.4038638174533844
5102,0.13194689145077132,-0.36261865496635437,0.09583418071269989
5103,-0.16964600329384882,-0.4905034601688385,-0.20085394382476807
5104,-0.4366813788489812,-0.5708956718444824,-0.46211403608322144
5105,-0.6503096792930871,-0.6014690399169922,-0.6718486547470093
5106,-0.8011061266653973,-0.5831063985824585,-0.8150806427001953
5107,-0.8765043503515523,-0.519322395324707,-0.8836663961410522
5108,-0.8827875356587318,-0.4157479405403137,-0.8798789978027344
5109,-0.8136724972797564,-0.27988457679748535,-0.8055607080459595
5110,-0.6817256058289851,-0.1210881918668747,-0.667015790939331
5111,-0.4932300466135975,0.049533575773239136,-0.47496840357780457
5112,-0.2701769682087222,0.21961095929145813,-0.2443813979625702
5113,-0.01884955592153876,0.3763997554779053,0.005236053839325905
5114,0.22305307840487532,0.5079400539398193,0.25049734115600586
5115,0.44924774946334045,0.6043014526367188,0.46799343824386597
5116,0.6220353454107791,0.6585466861724854,0.640182614326477
5117,0.744557458900781,0.667049765586853,0.7533740997314453
5118,0.7979645340118074,0.6292444467544556,0.797892689704895
5119,0.7822565707438585,0.5472825765609741,0.7753182649612427
5120,0.7037167544041136,0.42593997716903687,0.6896461248397827
5121,0.5654866776461628,0.27272188663482666,0.5473231077194214
5122,0.38013271108436497,0.09789567440748215,0.3599392771720886
5123,0.16650441064025903,-0.08581150323152542,0.1441628634929657
5124,-0.05969026041820607,-0.26405587792396545,-0.08019006252288818
5125,-0.2701769682087222,-0.4223536550998688,-0.2920655310153961
5126,-0.45553093477052,-0.5479254722595215,-0.4722246825695038
5127,-0.5937610115284709,-0.6312402486801147,-0.6067208051681519
5128,-0.6723008278682158,-0.6666309833526611,-0.6823534965515137
5129,-0.6911503837897546,-0.6520133018493652,-0.6969701051712036
5130,-0.6503096792930871,-0.5883181095123291,-0.6514937877655029
5131,-0.5497787143782138,-0.47919556498527527,-0.5487104654312134
5132,-0.39584067435231396,-0.3310794234275818,-0.3960023522377014
5133,-0.20734511513692636,-0.15337827801704407,-0.2048760950565338
5134,0.006283185307179587,0.04149460420012474,0.008946271613240242
5135,0.22305307840487532,0.23856250941753387,0.22615714371204376
5136,0.4209734155810323,0.4214971959590912,0.42593806982040405
5137,0.5811946409141117,0.5746058225631714,0.5903197526931763
5138,0.6974335690969341,0.6849745512008667,0.705062747001648
5139,0.7508406442079605,0.7438037395477295,0.7572363615036011
5140,0.7382742735936014,0.7464984655380249,0.7448770999908447
5141,0.6628760499074464,0.6920549869537354,0.6697608232498169
5142,0.5309291584566751,0.5826656818389893,0.5350393056869507
5143,0.34871678454846705,0.42396828532218933,0.34902137517929077
5144,0.1288052987971815,0.22570227086544037,0.12620794773101807
5145,-0.10681415022205297,0.0022005178034305573,-0.11434440314769745
5146,-0.3424335992412874,-0.22795063257217407,-0.3508332669734955
5147,-0.5497787143782138,-0.44370031356811523,-0.5607024431228638
5148,-0.713141532364883,-0.6247923374176025,-0.7275235652923584
5149,-0.819955682586936,-0.755286693572998,-0.8360466957092285
5150,-0.8639379797371931,-0.8254594802856445,-0.8776203393936157
5151,-0.835663645854885,-0.8313847780227661,-0.8509180545806885
5152,-0.7414158662471911,-0.7734706401824951,-0.7550979852676392
5153,-0.5843362335677015,-0.6556380987167358,-0.5950974225997925
5154,-0.37070793312359557,-0.4855906665325165,-0.3814314305782318
5155,-0.13194689145077132,-0.2754895091056824,-0.13062557578086853
5156,0.12566370614359174,-0.04216839373111725,0.13467401266098022
5157,0.3738495257771854,0.19373197853565216,0.3881111145019531
5158,0.5874778262212914,0.4100651144981384,0.6047255992889404
5159,0.7414158662471911,0.5866531133651733,0.7655819654464722
5160,0.8293804605477054,0.7085641622543335,0.8545987606048584
5161,0.8419468311620646,0.7675042152404785,0.8665509223937988
5162,0.7791149780902686,0.7611325979232788,0.8036909103393555
5163,0.6503096792930871,0.6918081045150757,0.6706032752990723
5164,0.4649557127312894,0.5661444664001465,0.47761693596839905
5165,0.2293362637120549,0.3952786326408386,0.24227279424667358
5166,-0.015707963267948967,0.19480766355991364,-0.01219639927148819
5167,-0.2607521902479529,-0.016323048621416092,-0.2601698338985443
5168,-0.4680973053848792,-0.2179076373577118,-0.47665712237358093
5169,-0.6283185307179586,-0.3910678029060364,-0.6421941518783569
5170,-0.7194247176720626,-0.5206942558288574,-0.7396062612533569
5171,-0.7414158662471911,-0.5969423055648804,-0.7654342651367188
5172,-0.6911503837897546,-0.6153508424758911,-0.7188259363174438
5173,-0.5749114556069321,-0.5760791301727295,-0.6026238203048706
5174,-0.39584067435231396,-0.4832201898097992,-0.42623528838157654
5175,-0.1790707812546182,-0.344584584236145,-0.2042507827281952
5176,0.06597344572538566,-0.1715414822101593,0.043881259858608246
5177,0.3078760800517997,0.02159237489104271,0.29525327682495117
5178,0.5309291584566751,0.2186889797449112,0.5261520743370056
5179,0.7099999397112933,0.4033501148223877,0.7166799306869507
5180,0.8388052385084748,0.5607815980911255,0.8545557260513306
5181,0.9079202768874503,0.679632306098938,0.9292972087860107
5182,0.91106186954104,0.7530674934387207,0.9393595457077026
5183,0.8576547944300136,0.7786973714828491,0.8886860609054565
5184,0.7476990515543708,0.7577706575393677,0.7817590236663818
5185,0.5937610115284709,0.6943080425262451,0.6264001131057739
5186,0.40212385965949354,0.5944578647613525,0.43456077575683594
5187,0.1916371518689774,0.46597328782081604,0.22173990309238434
5188,-0.015707963267948967,0.31773093342781067,0.005561061203479767
5189,-0.20420352248333654,0.1593329757452011,-0.19587039947509766
5190,-0.3675663404700058,0.0007336810231208801,-0.3666246235370636
5191,-0.48694686130641796,-0.14828941226005554,-0.49643465876579285
5192,-0.5560618996853934,-0.2788635194301605,-0.5750713348388672
5193,-0.5717698629533423,-0.38374513387680054,-0.6006190776824951
5194,-0.5403539364174444,-0.45782172679901123,-0.5775265693664551
5195,-0.4680973053848792,-0.49831661581993103,-0.5102502107620239
5196,-0.3612831551628262,-0.5047274827957153,-0.40576454997062683
5197,-0.2324778563656447,-0.4785783588886261,-0.273410439491272
5198,-0.08482300164692441,-0.423102468252182,-0.1244870275259018
5199,0.05969026041820607,-0.3429567217826843,0.02818397432565689
5200,0.18849555921538758,-0.24397975206375122,0.17112259566783905
5201,0.29530970943744056,-0.1329326629638672,0.29217448830604553
5202,0.3738495257771854,-0.017163772135972977,0.381921648979187
5203,0.41154863762026295,0.09581690281629562,0.4330986738204956
5204,0.41154863762026295,0.19883570075035095,0.44453832507133484
5205,0.38013271108436497,0.285590797662735,0.42018070816993713
5206,0.32358404331974866,0.3511478900909424,0.364350825548172
5207,0.24190263432641407,0.39228928089141846,0.28262272477149963
5208,0.15079644737231007,0.4076429307460785,0.18311969935894012
5209,0.053407075111026485,0.3976016342639923,0.07558510452508926
5210,-0.04084070449666732,0.3641049563884735,-0.029944337904453278
5211,-0.12566370614359174,0.31034696102142334,-0.12390987575054169
5212,-0.1916371518689774,0.24044744670391083,-0.19791017472743988
5213,-0.2293362637120549,0.1591097116470337,-0.24563828110694885
5214,-0.24190263432641407,0.07128675282001495,-0.26510635018348694
5215,-0.2324778563656447,-0.018125999718904495,-0.25993889570236206
5216,-0.20734511513692636,-0.10456223785877228,-0.2351837158203125
5217,-0.16964600329384882,-0.1840091347694397,-0.19546911120414734
5218,-0.12252211349000193,-0.2531667947769165,-0.14626336097717285
5219,-0.07539822368615504,-0.309524804353714,-0.09391364455223083
5220,-0.031415926535897934,-0.351350337266922,-0.044800758361816406
5221,0.0031415926535897933,-0.37759506702423096,-0.004637882113456726
5222,0.025132741228718346,-0.38774755597114563,0.022543292492628098
5223,0.031415926535897934,-0.38166895508766174,0.03566911444067955
5224,0.02827433388230814,-0.35945990681648254,0.03664993867278099
5225,0.02199114857512855,-0.3213951587677002,0.029146641492843628
5226,0.012566370614359173,-0.26794394850730896,0.017475591972470284
5227,0.006283185307179587,-0.19987592101097107,0.005981914699077606
5228,0.0031415926535897933,-0.1184389591217041,-0.0014996826648712158
5229,0.006283185307179587,-0.02558600902557373,-0.002309415489435196
5230,0.012566370614359173,0.07578925043344498,0.004695022478699684
5231,0.02827433388230814,0.18167565762996674,0.019572138786315918
5232,0.047123889803846894,0.28691792488098145,0.04201342910528183
5233,0.07539822368615504,0.38542640209198,0.07138172537088394
5234,0.10995574287564276,0.4706505239009857,0.10583209991455078
5235,0.1445132620651305,0.5362377166748047,0.14175385236740112
5236,0.1759291886010284,0.5767090320587158,0.17437772452831268
5237,0.20106192982974677,0.5879836082458496,0.19883303344249725
5238,0.21362830044410594,0.5676906108856201,0.21134231984615326
5239,0.21048670779051615,0.5153278112411499,0.21033334732055664
5240,0.19477874452256716,0.4323742985725403,0.1961708515882492
5241,0.16964600329384882,0.3224184215068817,0.16981031000614166
5242,0.1288052987971815,0.19127383828163147,0.1324821263551712
5243,0.08168140899333463,0.04696604609489441,0.08644378185272217
5244,0.025132741228718346,-0.10059142112731934,0.035483554005622864
5245,-0.025132741228718346,-0.24039307236671448,-0.015276644378900528
5246,-0.07225663103256524,-0.36159223318099976,-0.06001412868499756
5247,-0.10995574287564276,-0.45491066575050354,-0.0931275486946106
5248,-0.1288052987971815,-0.5137498378753662,-0.1108269989490509
5249,-0.1288052987971815,-0.5347148180007935,-0.11291249096393585
